date,type,customers
2019-01-01,fitted,21.41197224642801
2019-01-01,counterfactual,21.411972246436704
2019-01-01,actual,37.72222222222222
2019-01-02,fitted,58.515558840102706
2019-01-02,counterfactual,58.51555884010016
2019-01-02,actual,63.888888888888886
2019-01-03,fitted,58.75574321543795
2019-01-03,counterfactual,58.755743215422555
2019-01-03,actual,57.72222222222222
2019-01-04,fitted,60.29297316033119
2019-01-04,counterfactual,60.29297316033965
2019-01-04,actual,50
2019-01-05,fitted,65.31051953103209
2019-01-05,counterfactual,65.31051953102136
2019-01-05,actual,58.666666666666664
2019-01-06,fitted,46.12218720572445
2019-01-06,counterfactual,46.12218720573136
2019-01-06,actual,46.22222222222222
2019-01-07,fitted,27.974811278075606
2019-01-07,counterfactual,27.97481127807716
2019-01-07,actual,32.44444444444444
2019-01-08,fitted,26.834925502237574
2019-01-08,counterfactual,26.834925502240015
2019-01-08,actual,23.11111111111111
2019-01-09,fitted,29.670317671577127
2019-01-09,counterfactual,29.67031767158361
2019-01-09,actual,25.833333333333332
2019-01-10,fitted,33.4027973685553
2019-01-10,counterfactual,33.40279736855212
2019-01-10,actual,32.666666666666664
2019-01-11,fitted,45.502968887745496
2019-01-11,counterfactual,45.50296888773366
2019-01-11,actual,40.888888888888886
2019-01-12,fitted,65.64313260140608
2019-01-12,counterfactual,65.64313260142153
2019-01-12,actual,60.05555555555556
2019-01-13,fitted,70.39808805867462
2019-01-13,counterfactual,70.39808805867861
2019-01-13,actual,65.88888888888889
2019-01-14,fitted,44.8615131072162
2019-01-14,counterfactual,44.861513107233925
2019-01-14,actual,46.27777777777778
2019-01-15,fitted,25.632982275812967
2019-01-15,counterfactual,25.632982275813024
2019-01-15,actual,18.72222222222222
2019-01-16,fitted,32.75957424207537
2019-01-16,counterfactual,32.75957424207705
2019-01-16,actual,32.94444444444444
2019-01-17,fitted,33.83749593442358
2019-01-17,counterfactual,33.837495934424794
2019-01-17,actual,32.77777777777778
2019-01-18,fitted,48.76045701046205
2019-01-18,counterfactual,48.76045701046421
2019-01-18,actual,46.611111111111114
2019-01-19,fitted,67.4201509002365
2019-01-19,counterfactual,67.4201509002574
2019-01-19,actual,60.77777777777778
2019-01-20,fitted,49.11673377829257
2019-01-20,counterfactual,49.116733778278196
2019-01-20,actual,49
2019-01-21,fitted,27.29428442795398
2019-01-21,counterfactual,27.294284427954356
2019-01-21,actual,27.666666666666668
2019-01-22,fitted,29.477252806457724
2019-01-22,counterfactual,29.47725280645567
2019-01-22,actual,24.72222222222222
2019-01-23,fitted,33.832614708597795
2019-01-23,counterfactual,33.83261470859649
2019-01-23,actual,32.388888888888886
2019-01-24,fitted,35.51501846586402
2019-01-24,counterfactual,35.5150184658699
2019-01-24,actual,35.111111111111114
2019-01-25,fitted,51.04680119847971
2019-01-25,counterfactual,51.04680119848441
2019-01-25,actual,45.611111111111114
2019-01-26,fitted,68.88569360250429
2019-01-26,counterfactual,68.88569360248935
2019-01-26,actual,64.11111111111111
2019-01-27,fitted,52.13633799417398
2019-01-27,counterfactual,52.136337994164784
2019-01-27,actual,57.833333333333336
2019-01-28,fitted,26.79640265341037
2019-01-28,counterfactual,26.796402653409814
2019-01-28,actual,24.11111111111111
2019-01-29,fitted,31.35580981599058
2019-01-29,counterfactual,31.355809815988437
2019-01-29,actual,25.555555555555557
2019-01-30,fitted,34.20470571387558
2019-01-30,counterfactual,34.204705713877466
2019-01-30,actual,30.61111111111111
2019-01-31,fitted,32.85705152136281
2019-01-31,counterfactual,32.85705152136163
2019-01-31,actual,32.5
2019-02-01,fitted,43.994539294345834
2019-02-01,counterfactual,43.99453929434863
2019-02-01,actual,43.833333333333336
2019-02-02,fitted,63.97763169471234
2019-02-02,counterfactual,63.97763169470234
2019-02-02,actual,55.27777777777778
2019-02-03,fitted,45.27628746311832
2019-02-03,counterfactual,45.27628746312109
2019-02-03,actual,44.611111111111114
2019-02-04,fitted,27.85464684735503
2019-02-04,counterfactual,27.854646847354918
2019-02-04,actual,29.11111111111111
2019-02-05,fitted,31.877110574445812
2019-02-05,counterfactual,31.877110574449876
2019-02-05,actual,22.77777777777778
2019-02-06,fitted,33.599237246806254
2019-02-06,counterfactual,33.59923724680558
2019-02-06,actual,28.055555555555557
2019-02-07,fitted,34.57085535352577
2019-02-07,counterfactual,34.57085535352304
2019-02-07,actual,28.444444444444443
2019-02-08,fitted,46.99033671752106
2019-02-08,counterfactual,46.9903367175259
2019-02-08,actual,34.72222222222222
2019-02-09,fitted,62.855398763591424
2019-02-09,counterfactual,62.85539876359209
2019-02-09,actual,59.22222222222222
2019-02-10,fitted,68.36413277323425
2019-02-10,counterfactual,68.36413277323109
2019-02-10,actual,68.22222222222223
2019-02-11,fitted,44.00881617319854
2019-02-11,counterfactual,44.00881617319576
2019-02-11,actual,43.833333333333336
2019-02-12,fitted,27.721790833685098
2019-02-12,counterfactual,27.72179083368596
2019-02-12,actual,21.22222222222222
2019-02-13,fitted,34.949735403127505
2019-02-13,counterfactual,34.94973540312478
2019-02-13,actual,32.333333333333336
2019-02-14,fitted,33.91533299067823
2019-02-14,counterfactual,33.91533299067659
2019-02-14,actual,30.555555555555557
2019-02-15,fitted,48.54182783274554
2019-02-15,counterfactual,48.541827832746016
2019-02-15,actual,39
2019-02-16,fitted,68.58328705313541
2019-02-16,counterfactual,68.58328705314088
2019-02-16,actual,58.833333333333336
2019-02-17,fitted,53.2803790304669
2019-02-17,counterfactual,53.28037903047182
2019-02-17,actual,55.333333333333336
2019-02-18,fitted,28.865143968381137
2019-02-18,counterfactual,28.86514396838243
2019-02-18,actual,29.38888888888889
2019-02-19,fitted,32.68427842519553
2019-02-19,counterfactual,32.68427842519337
2019-02-19,actual,28.5
2019-02-20,fitted,38.015937895637194
2019-02-20,counterfactual,38.0159378956376
2019-02-20,actual,34.888888888888886
2019-02-21,fitted,35.323503847012105
2019-02-21,counterfactual,35.32350384701108
2019-02-21,actual,28.72222222222222
2019-02-22,fitted,51.285908455635514
2019-02-22,counterfactual,51.28590845563861
2019-02-22,actual,42.888888888888886
2019-02-23,fitted,72.49642040289913
2019-02-23,counterfactual,72.49642040289457
2019-02-23,actual,66.5
2019-02-24,fitted,51.376450997551004
2019-02-24,counterfactual,51.37645099754541
2019-02-24,actual,37.72222222222222
2019-02-25,fitted,31.48886794925064
2019-02-25,counterfactual,31.48886794925735
2019-02-25,actual,29.055555555555557
2019-02-26,fitted,35.188365886618776
2019-02-26,counterfactual,35.188365886618165
2019-02-26,actual,25.11111111111111
2019-02-27,fitted,37.7491240276753
2019-02-27,counterfactual,37.749124027677475
2019-02-27,actual,31.61111111111111
2019-02-28,fitted,35.513459726558715
2019-02-28,counterfactual,35.51345972655733
2019-02-28,actual,39.22222222222222
2019-03-01,fitted,49.955512756286936
2019-03-01,counterfactual,49.95551275628964
2019-03-01,actual,39.72222222222222
2019-03-02,fitted,72.15151748733383
2019-03-02,counterfactual,72.15151748733838
2019-03-02,actual,63.94444444444444
2019-03-03,fitted,51.166962374998725
2019-03-03,counterfactual,51.16696237498268
2019-03-03,actual,50.388888888888886
2019-03-04,fitted,27.799226388077262
2019-03-04,counterfactual,27.799226388083273
2019-03-04,actual,31.11111111111111
2019-03-05,fitted,35.24262874887201
2019-03-05,counterfactual,35.24262874887136
2019-03-05,actual,30.555555555555557
2019-03-06,fitted,36.623859807400066
2019-03-06,counterfactual,36.623859807400976
2019-03-06,actual,29.11111111111111
2019-03-07,fitted,37.363344105317964
2019-03-07,counterfactual,37.363344105321254
2019-03-07,actual,35.22222222222222
2019-03-08,fitted,55.15734412755861
2019-03-08,counterfactual,55.15734412755425
2019-03-08,actual,54.111111111111114
2019-03-09,fitted,72.42012987580308
2019-03-09,counterfactual,72.42012987580515
2019-03-09,actual,64.22222222222223
2019-03-10,fitted,55.611228308586725
2019-03-10,counterfactual,55.61122830858228
2019-03-10,actual,57.27777777777778
2019-03-11,fitted,33.32769146624141
2019-03-11,counterfactual,33.32769146624386
2019-03-11,actual,39.5
2019-03-12,fitted,38.462626323945166
2019-03-12,counterfactual,38.46262632394636
2019-03-12,actual,34.888888888888886
2019-03-13,fitted,40.84139729126977
2019-03-13,counterfactual,40.841397291268535
2019-03-13,actual,35.5
2019-03-14,fitted,41.5036106454727
2019-03-14,counterfactual,41.50361064547321
2019-03-14,actual,38.77777777777778
2019-03-15,fitted,56.44488517800333
2019-03-15,counterfactual,56.44488517800288
2019-03-15,actual,49.22222222222222
2019-03-16,fitted,77.946608249717
2019-03-16,counterfactual,77.94660824970738
2019-03-16,actual,80.22222222222223
2019-03-17,fitted,57.664963052198054
2019-03-17,counterfactual,57.664963052195496
2019-03-17,actual,59.5
2019-03-18,fitted,36.993437952884946
2019-03-18,counterfactual,36.993437952879574
2019-03-18,actual,41.94444444444444
2019-03-19,fitted,41.140362633713856
2019-03-19,counterfactual,41.14036263371451
2019-03-19,actual,37
2019-03-20,fitted,58.67408169621834
2019-03-20,counterfactual,58.67408169621537
2019-03-20,actual,57.27777777777778
2019-03-21,fitted,53.962765359213165
2019-03-21,counterfactual,53.962765359216064
2019-03-21,actual,53.94444444444444
2019-03-22,fitted,56.101692271764236
2019-03-22,counterfactual,56.10169227176175
2019-03-22,actual,49
2019-03-23,fitted,73.62431820630323
2019-03-23,counterfactual,73.62431820629766
2019-03-23,actual,66.27777777777777
2019-03-24,fitted,57.79795515704297
2019-03-24,counterfactual,57.79795515703635
2019-03-24,actual,58.333333333333336
2019-03-25,fitted,41.01392288545921
2019-03-25,counterfactual,41.013922885460666
2019-03-25,actual,50.94444444444444
2019-03-26,fitted,46.06721532428971
2019-03-26,counterfactual,46.067215324289286
2019-03-26,actual,46.72222222222222
2019-03-27,fitted,49.545615139826104
2019-03-27,counterfactual,49.545615139822495
2019-03-27,actual,51.333333333333336
2019-03-28,fitted,49.182600711606334
2019-03-28,counterfactual,49.18260071160664
2019-03-28,actual,44
2019-03-29,fitted,64.79880106565663
2019-03-29,counterfactual,64.79880106566544
2019-03-29,actual,57.55555555555556
2019-03-30,fitted,73.53558197419645
2019-03-30,counterfactual,73.53558197419481
2019-03-30,actual,71
2019-03-31,fitted,56.676373749288764
2019-03-31,counterfactual,56.67637374928509
2019-03-31,actual,59.666666666666664
2019-04-01,fitted,34.086393769565305
2019-04-01,counterfactual,34.086393769566
2019-04-01,actual,35.111111111111114
2019-04-02,fitted,35.55554671434928
2019-04-02,counterfactual,35.555546714351195
2019-04-02,actual,35.05555555555556
2019-04-03,fitted,39.26746723673429
2019-04-03,counterfactual,39.267467236734674
2019-04-03,actual,40.05555555555556
2019-04-04,fitted,39.08435828697469
2019-04-04,counterfactual,39.08435828697408
2019-04-04,actual,44
2019-04-05,fitted,53.2026318086982
2019-04-05,counterfactual,53.2026318086982
2019-04-05,actual,52.55555555555556
2019-04-06,fitted,71.05986983756301
2019-04-06,counterfactual,71.05986983756787
2019-04-06,actual,71.72222222222223
2019-04-07,fitted,53.44363316512369
2019-04-07,counterfactual,53.44363316512697
2019-04-07,actual,54.333333333333336
2019-04-08,fitted,30.818694337483386
2019-04-08,counterfactual,30.818694337481567
2019-04-08,actual,42.05555555555556
2019-04-09,fitted,33.400769177909496
2019-04-09,counterfactual,33.40076917791187
2019-04-09,actual,30.61111111111111
2019-04-10,fitted,33.832958220802134
2019-04-10,counterfactual,33.83295822080259
2019-04-10,actual,32.111111111111114
2019-04-11,fitted,38.09802516187349
2019-04-11,counterfactual,38.098025161872755
2019-04-11,actual,44.111111111111114
2019-04-12,fitted,55.040579537571155
2019-04-12,counterfactual,55.04057953756348
2019-04-12,actual,52.5
2019-04-13,fitted,74.33040780381415
2019-04-13,counterfactual,74.3304078038195
2019-04-13,actual,72.83333333333333
2019-04-14,fitted,53.164308182558926
2019-04-14,counterfactual,53.16430818256098
2019-04-14,actual,54.94444444444444
2019-04-15,fitted,32.67002273051598
2019-04-15,counterfactual,32.67002273051378
2019-04-15,actual,45.22222222222222
2019-04-16,fitted,35.06084104095908
2019-04-16,counterfactual,35.06084104095686
2019-04-16,actual,33.55555555555556
2019-04-17,fitted,37.84810180513376
2019-04-17,counterfactual,37.848101805134654
2019-04-17,actual,40.44444444444444
2019-04-18,fitted,39.08862392024184
2019-04-18,counterfactual,39.08862392024465
2019-04-18,actual,44.888888888888886
2019-04-19,fitted,56.98488465534571
2019-04-19,counterfactual,56.984884655346114
2019-04-19,actual,54.166666666666664
2019-04-20,fitted,73.10442247605387
2019-04-20,counterfactual,73.10442247605803
2019-04-20,actual,70.55555555555556
2019-04-21,fitted,56.19529932577091
2019-04-21,counterfactual,56.19529932578114
2019-04-21,actual,68.38888888888889
2019-04-22,fitted,32.09797209895631
2019-04-22,counterfactual,32.09797209895801
2019-04-22,actual,40.94444444444444
2019-04-23,fitted,36.4308478495004
2019-04-23,counterfactual,36.43084784950039
2019-04-23,actual,38.72222222222222
2019-04-24,fitted,36.000812244784115
2019-04-24,counterfactual,36.000812244784335
2019-04-24,actual,36.22222222222222
2019-04-25,fitted,38.21357650830599
2019-04-25,counterfactual,38.21357650830867
2019-04-25,actual,33.77777777777778
2019-04-26,fitted,57.40153503173757
2019-04-26,counterfactual,57.40153503173074
2019-04-26,actual,61.27777777777778
2019-04-27,fitted,68.29147250619222
2019-04-27,counterfactual,68.2914725061938
2019-04-27,actual,57.77777777777778
2019-04-28,fitted,76.53198845043471
2019-04-28,counterfactual,76.53198845043798
2019-04-28,actual,76.27777777777777
2019-04-29,fitted,73.73595736602348
2019-04-29,counterfactual,73.73595736603396
2019-04-29,actual,78.33333333333333
2019-04-30,fitted,70.17603572567353
2019-04-30,counterfactual,70.17603572566735
2019-04-30,actual,68.94444444444444
2019-05-01,fitted,72.82776210647046
2019-05-01,counterfactual,72.82776210648055
2019-05-01,actual,71.72222222222223
2019-05-02,fitted,78.4418283752534
2019-05-02,counterfactual,78.44182837525778
2019-05-02,actual,80.88888888888889
2019-05-03,fitted,80.22754174261341
2019-05-03,counterfactual,80.22754174261968
2019-05-03,actual,79.88888888888889
2019-05-04,fitted,79.13058185948826
2019-05-04,counterfactual,79.13058185947139
2019-05-04,actual,76.05555555555556
2019-05-05,fitted,69.81037832539664
2019-05-05,counterfactual,69.81037832540024
2019-05-05,actual,66.72222222222223
2019-05-06,fitted,43.915321392499926
2019-05-06,counterfactual,43.91532139250348
2019-05-06,actual,50.388888888888886
2019-05-07,fitted,23.97764439345948
2019-05-07,counterfactual,23.977644393459418
2019-05-07,actual,25.38888888888889
2019-05-08,fitted,29.138853534643186
2019-05-08,counterfactual,29.13885353464391
2019-05-08,actual,25.444444444444443
2019-05-09,fitted,32.75219324815659
2019-05-09,counterfactual,32.752193248159074
2019-05-09,actual,37
2019-05-10,fitted,48.33640333709917
2019-05-10,counterfactual,48.33640333709511
2019-05-10,actual,54.77777777777778
2019-05-11,fitted,66.74413872999153
2019-05-11,counterfactual,66.74413872998602
2019-05-11,actual,71.94444444444444
2019-05-12,fitted,57.38723338546246
2019-05-12,counterfactual,57.38723338546388
2019-05-12,actual,57.44444444444444
2019-05-13,fitted,30.158440928633453
2019-05-13,counterfactual,30.15844092863364
2019-05-13,actual,38.22222222222222
2019-05-14,fitted,31.59178802909002
2019-05-14,counterfactual,31.59178802909006
2019-05-14,actual,33.388888888888886
2019-05-15,fitted,36.47840749595037
2019-05-15,counterfactual,36.47840749594894
2019-05-15,actual,36.166666666666664
2019-05-16,fitted,35.56290126530774
2019-05-16,counterfactual,35.56290126530585
2019-05-16,actual,38.833333333333336
2019-05-17,fitted,51.46697229664104
2019-05-17,counterfactual,51.46697229663994
2019-05-17,actual,49.166666666666664
2019-05-18,fitted,69.59685485418723
2019-05-18,counterfactual,69.59685485418049
2019-05-18,actual,69.27777777777777
2019-05-19,fitted,53.94239123904461
2019-05-19,counterfactual,53.9423912390488
2019-05-19,actual,52.888888888888886
2019-05-20,fitted,28.967872783853963
2019-05-20,counterfactual,28.96787278385462
2019-05-20,actual,33.55555555555556
2019-05-21,fitted,28.415933819324806
2019-05-21,counterfactual,28.415933819325286
2019-05-21,actual,24.22222222222222
2019-05-22,fitted,36.5301085699171
2019-05-22,counterfactual,36.53010856991703
2019-05-22,actual,37.22222222222222
2019-05-23,fitted,36.076867712060874
2019-05-23,counterfactual,36.07686771206065
2019-05-23,actual,39.77777777777778
2019-05-24,fitted,51.46693807576074
2019-05-24,counterfactual,51.46693807577282
2019-05-24,actual,50.77777777777778
2019-05-25,fitted,72.16342319656061
2019-05-25,counterfactual,72.1634231965646
2019-05-25,actual,73.33333333333333
2019-05-26,fitted,53.44867055841221
2019-05-26,counterfactual,53.44867055841083
2019-05-26,actual,54.44444444444444
2019-05-27,fitted,31.531499838516932
2019-05-27,counterfactual,31.531499838519117
2019-05-27,actual,35.22222222222222
2019-05-28,fitted,33.067236774319454
2019-05-28,counterfactual,33.06723677432107
2019-05-28,actual,33.05555555555556
2019-05-29,fitted,37.278493960863024
2019-05-29,counterfactual,37.278493960863635
2019-05-29,actual,37.77777777777778
2019-05-30,fitted,36.175782636423456
2019-05-30,counterfactual,36.17578263642288
2019-05-30,actual,34
2019-05-31,fitted,51.22069584499177
2019-05-31,counterfactual,51.22069584499175
2019-05-31,actual,47.5
2019-06-01,fitted,71.24451421089893
2019-06-01,counterfactual,71.24451421091203
2019-06-01,actual,66.22222222222223
2019-06-02,fitted,52.46442049520358
2019-06-02,counterfactual,52.46442049520729
2019-06-02,actual,46.44444444444444
2019-06-03,fitted,30.399633644949677
2019-06-03,counterfactual,30.399633644950367
2019-06-03,actual,33.55555555555556
2019-06-04,fitted,31.327228107370612
2019-06-04,counterfactual,31.327228107368708
2019-06-04,actual,28.88888888888889
2019-06-05,fitted,33.595281919247554
2019-06-05,counterfactual,33.59528191924994
2019-06-05,actual,29.22222222222222
2019-06-06,fitted,35.731792763097644
2019-06-06,counterfactual,35.731792763098085
2019-06-06,actual,39.333333333333336
2019-06-07,fitted,47.79077789146804
2019-06-07,counterfactual,47.79077789146887
2019-06-07,actual,43.27777777777778
2019-06-08,fitted,70.94553872569382
2019-06-08,counterfactual,70.94553872569344
2019-06-08,actual,70.66666666666667
2019-06-09,fitted,53.469424985001375
2019-06-09,counterfactual,53.46942498499879
2019-06-09,actual,61.5
2019-06-10,fitted,28.524277350856686
2019-06-10,counterfactual,28.52427735085833
2019-06-10,actual,33.5
2019-06-11,fitted,31.23268114360113
2019-06-11,counterfactual,31.232681143601422
2019-06-11,actual,25.5
2019-06-12,fitted,37.02263238515319
2019-06-12,counterfactual,37.02263238515469
2019-06-12,actual,38.44444444444444
2019-06-13,fitted,38.041446397859985
2019-06-13,counterfactual,38.04144639786288
2019-06-13,actual,45.27777777777778
2019-06-14,fitted,52.82867572857882
2019-06-14,counterfactual,52.82867572858248
2019-06-14,actual,42.77777777777778
2019-06-15,fitted,69.52501363538643
2019-06-15,counterfactual,69.52501363538364
2019-06-15,actual,68.33333333333333
2019-06-16,fitted,60.40268026932047
2019-06-16,counterfactual,60.402680269318374
2019-06-16,actual,64.5
2019-06-17,fitted,30.84042900812161
2019-06-17,counterfactual,30.840429008121504
2019-06-17,actual,36.94444444444444
2019-06-18,fitted,32.50276898326207
2019-06-18,counterfactual,32.50276898326305
2019-06-18,actual,23.27777777777778
2019-06-19,fitted,37.133264373199836
2019-06-19,counterfactual,37.13326437320107
2019-06-19,actual,35.44444444444444
2019-06-20,fitted,37.53805080028381
2019-06-20,counterfactual,37.53805080028458
2019-06-20,actual,44.388888888888886
2019-06-21,fitted,54.496358479344025
2019-06-21,counterfactual,54.496358479344075
2019-06-21,actual,55
2019-06-22,fitted,73.22418246396684
2019-06-22,counterfactual,73.22418246396353
2019-06-22,actual,64.83333333333333
2019-06-23,fitted,53.65003434793916
2019-06-23,counterfactual,53.650034347945954
2019-06-23,actual,52.05555555555556
2019-06-24,fitted,29.584767717049335
2019-06-24,counterfactual,29.58476771705082
2019-06-24,actual,31.555555555555557
2019-06-25,fitted,35.69398782025731
2019-06-25,counterfactual,35.69398782025749
2019-06-25,actual,33.611111111111114
2019-06-26,fitted,38.24488901943764
2019-06-26,counterfactual,38.24488901943734
2019-06-26,actual,36.333333333333336
2019-06-27,fitted,37.77133128867744
2019-06-27,counterfactual,37.77133128867859
2019-06-27,actual,41.388888888888886
2019-06-28,fitted,57.04325328217955
2019-06-28,counterfactual,57.04325328218527
2019-06-28,actual,50.5
2019-06-29,fitted,75.01589506720084
2019-06-29,counterfactual,75.01589506720272
2019-06-29,actual,70
2019-06-30,fitted,54.80323358074369
2019-06-30,counterfactual,54.80323358074208
2019-06-30,actual,56.55555555555556
2019-07-01,fitted,28.413138830366197
2019-07-01,counterfactual,28.413138830366094
2019-07-01,actual,32.833333333333336
2019-07-02,fitted,31.855553121109768
2019-07-02,counterfactual,31.85555312110991
2019-07-02,actual,32.05555555555556
2019-07-03,fitted,33.64876464951433
2019-07-03,counterfactual,33.648764649515435
2019-07-03,actual,31.333333333333332
2019-07-04,fitted,33.58750498298445
2019-07-04,counterfactual,33.58750498298482
2019-07-04,actual,34.77777777777778
2019-07-05,fitted,52.6223884681662
2019-07-05,counterfactual,52.62238846816641
2019-07-05,actual,51.55555555555556
2019-07-06,fitted,73.01652690472737
2019-07-06,counterfactual,73.01652690472444
2019-07-06,actual,70.44444444444444
2019-07-07,fitted,54.395570316388124
2019-07-07,counterfactual,54.39557031638885
2019-07-07,actual,49
2019-07-08,fitted,28.990515290310512
2019-07-08,counterfactual,28.990515290312278
2019-07-08,actual,28.5
2019-07-09,fitted,32.62447011587446
2019-07-09,counterfactual,32.624470115872214
2019-07-09,actual,26.444444444444443
2019-07-10,fitted,36.3511772690598
2019-07-10,counterfactual,36.35117726906151
2019-07-10,actual,31.11111111111111
2019-07-11,fitted,36.95870187312791
2019-07-11,counterfactual,36.95870187312855
2019-07-11,actual,34.5
2019-07-12,fitted,53.522735227363015
2019-07-12,counterfactual,53.522735227359455
2019-07-12,actual,44.05555555555556
2019-07-13,fitted,73.82865455059677
2019-07-13,counterfactual,73.82865455059742
2019-07-13,actual,70.5
2019-07-14,fitted,74.0180832911908
2019-07-14,counterfactual,74.01808329119233
2019-07-14,actual,74.16666666666667
2019-07-15,fitted,50.17873858922505
2019-07-15,counterfactual,50.17873858922503
2019-07-15,actual,52.05555555555556
2019-07-16,fitted,29.473192273948072
2019-07-16,counterfactual,29.47319227394904
2019-07-16,actual,27.88888888888889
2019-07-17,fitted,36.398512520293934
2019-07-17,counterfactual,36.398512520295085
2019-07-17,actual,34.44444444444444
2019-07-18,fitted,36.0874121037197
2019-07-18,counterfactual,36.087412103720055
2019-07-18,actual,39.611111111111114
2019-07-19,fitted,54.75105878546649
2019-07-19,counterfactual,54.75105878546586
2019-07-19,actual,45.666666666666664
2019-07-20,fitted,71.83337995873774
2019-07-20,counterfactual,71.83337995873671
2019-07-20,actual,68.88888888888889
2019-07-21,fitted,54.32828467087274
2019-07-21,counterfactual,54.32828467087412
2019-07-21,actual,52.55555555555556
2019-07-22,fitted,30.247668307241263
2019-07-22,counterfactual,30.2476683072436
2019-07-22,actual,31.555555555555557
2019-07-23,fitted,36.186317553723825
2019-07-23,counterfactual,36.186317553722844
2019-07-23,actual,36.666666666666664
2019-07-24,fitted,40.787868216480774
2019-07-24,counterfactual,40.78786821648165
2019-07-24,actual,33.05555555555556
2019-07-25,fitted,41.395170259266145
2019-07-25,counterfactual,41.39517025926495
2019-07-25,actual,40.833333333333336
2019-07-26,fitted,59.06698139570617
2019-07-26,counterfactual,59.06698139570591
2019-07-26,actual,55.888888888888886
2019-07-27,fitted,68.8292689083021
2019-07-27,counterfactual,68.82926890829947
2019-07-27,actual,62.27777777777778
2019-07-28,fitted,53.75862179531819
2019-07-28,counterfactual,53.75862179531786
2019-07-28,actual,52.72222222222222
2019-07-29,fitted,36.13467417348023
2019-07-29,counterfactual,36.13467417347888
2019-07-29,actual,45.166666666666664
2019-07-30,fitted,37.83637067728027
2019-07-30,counterfactual,37.836370677281316
2019-07-30,actual,30.444444444444443
2019-07-31,fitted,39.86621689745855
2019-07-31,counterfactual,39.866216897459225
2019-07-31,actual,37
2019-08-01,fitted,40.42181020664852
2019-08-01,counterfactual,40.42181020665017
2019-08-01,actual,37.94444444444444
2019-08-02,fitted,55.546551114133884
2019-08-02,counterfactual,55.54655111413216
2019-08-02,actual,49.55555555555556
2019-08-03,fitted,68.84748237385949
2019-08-03,counterfactual,68.84748237385803
2019-08-03,actual,67.44444444444444
2019-08-04,fitted,56.76025719515796
2019-08-04,counterfactual,56.76025719516391
2019-08-04,actual,61.44444444444444
2019-08-05,fitted,34.803503319610186
2019-08-05,counterfactual,34.803503319610236
2019-08-05,actual,36.05555555555556
2019-08-06,fitted,38.93155796717684
2019-08-06,counterfactual,38.93155796717879
2019-08-06,actual,36.388888888888886
2019-08-07,fitted,43.93375682068637
2019-08-07,counterfactual,43.93375682068646
2019-08-07,actual,39.611111111111114
2019-08-08,fitted,46.43976577452964
2019-08-08,counterfactual,46.43976577453277
2019-08-08,actual,64.38888888888889
2019-08-09,fitted,59.27180168136791
2019-08-09,counterfactual,59.271801681370704
2019-08-09,actual,57.44444444444444
2019-08-10,fitted,72.8521909213578
2019-08-10,counterfactual,72.8521909213512
2019-08-10,actual,68.16666666666667
2019-08-11,fitted,79.12244889612357
2019-08-11,counterfactual,79.12244889612631
2019-08-11,actual,87.11111111111111
2019-08-12,fitted,73.05905477484751
2019-08-12,counterfactual,73.0590547748573
2019-08-12,actual,79.22222222222223
2019-08-13,fitted,63.469441946589804
2019-08-13,counterfactual,63.469441946588056
2019-08-13,actual,71.94444444444444
2019-08-14,fitted,65.6912394251037
2019-08-14,counterfactual,65.69123942510336
2019-08-14,actual,64.72222222222223
2019-08-15,fitted,65.6322706587074
2019-08-15,counterfactual,65.63227065870984
2019-08-15,actual,66
2019-08-16,fitted,69.16296330517623
2019-08-16,counterfactual,69.16296330518306
2019-08-16,actual,73.05555555555556
2019-08-17,fitted,72.03911890530486
2019-08-17,counterfactual,72.03911890530627
2019-08-17,actual,66
2019-08-18,fitted,54.41659689245045
2019-08-18,counterfactual,54.41659689244847
2019-08-18,actual,60.72222222222222
2019-08-19,fitted,34.38109351451368
2019-08-19,counterfactual,34.38109351451237
2019-08-19,actual,39
2019-08-20,fitted,35.9447314386588
2019-08-20,counterfactual,35.94473143866068
2019-08-20,actual,36.611111111111114
2019-08-21,fitted,39.29480499357121
2019-08-21,counterfactual,39.294804993573706
2019-08-21,actual,38.5
2019-08-22,fitted,40.5966564010364
2019-08-22,counterfactual,40.596656401036974
2019-08-22,actual,44.111111111111114
2019-08-23,fitted,57.18139802697283
2019-08-23,counterfactual,57.18139802697338
2019-08-23,actual,51.72222222222222
2019-08-24,fitted,75.19528368363798
2019-08-24,counterfactual,75.19528368363578
2019-08-24,actual,72.55555555555556
2019-08-25,fitted,56.46095523622944
2019-08-25,counterfactual,56.4609552362317
2019-08-25,actual,62.666666666666664
2019-08-26,fitted,34.36837272154391
2019-08-26,counterfactual,34.368372721544915
2019-08-26,actual,32.94444444444444
2019-08-27,fitted,37.75393675657681
2019-08-27,counterfactual,37.7539367565748
2019-08-27,actual,37.44444444444444
2019-08-28,fitted,40.51814640336809
2019-08-28,counterfactual,40.518146403370615
2019-08-28,actual,40.888888888888886
2019-08-29,fitted,39.74534550045749
2019-08-29,counterfactual,39.74534550046
2019-08-29,actual,44.388888888888886
2019-08-30,fitted,54.559239954406046
2019-08-30,counterfactual,54.55923995440501
2019-08-30,actual,53.166666666666664
2019-08-31,fitted,71.25053836913887
2019-08-31,counterfactual,71.25053836914539
2019-08-31,actual,68.05555555555556
2019-09-01,fitted,53.540351241953786
2019-09-01,counterfactual,53.54035124195519
2019-09-01,actual,55.27777777777778
2019-09-02,fitted,28.658977822288005
2019-09-02,counterfactual,28.658977822288517
2019-09-02,actual,32.72222222222222
2019-09-03,fitted,31.083720198157927
2019-09-03,counterfactual,31.083720198158037
2019-09-03,actual,29.38888888888889
2019-09-04,fitted,34.854965827444055
2019-09-04,counterfactual,34.854965827444595
2019-09-04,actual,38.44444444444444
2019-09-05,fitted,35.878040264099305
2019-09-05,counterfactual,35.878040264099816
2019-09-05,actual,45.666666666666664
2019-09-06,fitted,48.587717647376
2019-09-06,counterfactual,48.58771764737469
2019-09-06,actual,47.5
2019-09-07,fitted,66.75550325633282
2019-09-07,counterfactual,66.75550325633453
2019-09-07,actual,60.166666666666664
2019-09-08,fitted,48.76499125816506
2019-09-08,counterfactual,48.764991258166056
2019-09-08,actual,53.05555555555556
2019-09-09,fitted,28.665777585834302
2019-09-09,counterfactual,28.665777585834228
2019-09-09,actual,37.94444444444444
2019-09-10,fitted,33.35738478656893
2019-09-10,counterfactual,33.35738478656922
2019-09-10,actual,31.666666666666668
2019-09-11,fitted,35.87480474770431
2019-09-11,counterfactual,35.874804747705106
2019-09-11,actual,35.94444444444444
2019-09-12,fitted,36.38965111584039
2019-09-12,counterfactual,36.389651115842405
2019-09-12,actual,40.5
2019-09-13,fitted,49.91782505139104
2019-09-13,counterfactual,49.917825051393436
2019-09-13,actual,48.55555555555556
2019-09-14,fitted,72.56925483942796
2019-09-14,counterfactual,72.56925483943117
2019-09-14,actual,66.94444444444444
2019-09-15,fitted,71.11072357637583
2019-09-15,counterfactual,71.11072357637539
2019-09-15,actual,75.72222222222223
2019-09-16,fitted,48.210919541079086
2019-09-16,counterfactual,48.21091954107519
2019-09-16,actual,52.166666666666664
2019-09-17,fitted,30.438125232257114
2019-09-17,counterfactual,30.438125232257317
2019-09-17,actual,38.333333333333336
2019-09-18,fitted,35.049699072167606
2019-09-18,counterfactual,35.049699072168416
2019-09-18,actual,38.333333333333336
2019-09-19,fitted,35.15496237432919
2019-09-19,counterfactual,35.1549623743309
2019-09-19,actual,33.388888888888886
2019-09-20,fitted,50.099102321730015
2019-09-20,counterfactual,50.099102321729546
2019-09-20,actual,56
2019-09-21,fitted,67.79925165263964
2019-09-21,counterfactual,67.79925165263711
2019-09-21,actual,60.22222222222222
2019-09-22,fitted,69.07262410836519
2019-09-22,counterfactual,69.07262410836145
2019-09-22,actual,74.94444444444444
2019-09-23,fitted,45.77134130176426
2019-09-23,counterfactual,45.77134130176631
2019-09-23,actual,52.05555555555556
2019-09-24,fitted,30.47395784874987
2019-09-24,counterfactual,30.473957848751883
2019-09-24,actual,35.5
2019-09-25,fitted,35.6869981000441
2019-09-25,counterfactual,35.68699810004567
2019-09-25,actual,35.05555555555556
2019-09-26,fitted,38.790303063927716
2019-09-26,counterfactual,38.790303063928064
2019-09-26,actual,46.666666666666664
2019-09-27,fitted,52.161130978110236
2019-09-27,counterfactual,52.16113097811128
2019-09-27,actual,45.388888888888886
2019-09-28,fitted,72.60593481383039
2019-09-28,counterfactual,72.605934813826
2019-09-28,actual,72.66666666666667
2019-09-29,fitted,54.408305281803074
2019-09-29,counterfactual,54.4083052818023
2019-09-29,actual,51.94444444444444
2019-09-30,fitted,32.35496381530851
2019-09-30,counterfactual,32.35496381530901
2019-09-30,actual,31.61111111111111
2019-10-01,fitted,30.448854370217305
2019-10-01,counterfactual,30.448854370218726
2019-10-01,actual,29.72222222222222
2019-10-02,fitted,33.55115893835056
2019-10-02,counterfactual,33.551158938350504
2019-10-02,actual,34.72222222222222
2019-10-03,fitted,34.685384364888165
2019-10-03,counterfactual,34.68538436488827
2019-10-03,actual,39.05555555555556
2019-10-04,fitted,48.179578355947946
2019-10-04,counterfactual,48.17957835594599
2019-10-04,actual,48.388888888888886
2019-10-05,fitted,67.93094103642369
2019-10-05,counterfactual,67.93094103642109
2019-10-05,actual,60.888888888888886
2019-10-06,fitted,53.894984301866884
2019-10-06,counterfactual,53.894984301867915
2019-10-06,actual,54.5
2019-10-07,fitted,29.540880260783734
2019-10-07,counterfactual,29.540880260783695
2019-10-07,actual,33.5
2019-10-08,fitted,31.87151811001549
2019-10-08,counterfactual,31.87151811001539
2019-10-08,actual,29.88888888888889
2019-10-09,fitted,37.82692403873093
2019-10-09,counterfactual,37.826924038731285
2019-10-09,actual,36.388888888888886
2019-10-10,fitted,36.654247314730625
2019-10-10,counterfactual,36.65424731473095
2019-10-10,actual,36.833333333333336
2019-10-11,fitted,39.50414838378662
2019-10-11,counterfactual,39.504148383787744
2019-10-11,actual,35.111111111111114
2019-10-12,fitted,5.106410038488894
2019-10-12,counterfactual,5.10641003848895
2019-10-12,actual,3.4444444444444446
2019-10-13,fitted,49.85368438285731
2019-10-13,counterfactual,49.85368438286021
2019-10-13,actual,43.55555555555556
2019-10-14,fitted,41.93809890588631
2019-10-14,counterfactual,41.93809890588461
2019-10-14,actual,47.611111111111114
2019-10-15,fitted,28.18603781694719
2019-10-15,counterfactual,28.18603781694804
2019-10-15,actual,24.38888888888889
2019-10-16,fitted,31.5833234804677
2019-10-16,counterfactual,31.583323480468138
2019-10-16,actual,27.61111111111111
2019-10-17,fitted,34.36519091139529
2019-10-17,counterfactual,34.36519091139457
2019-10-17,actual,35.166666666666664
2019-10-18,fitted,45.814172702481144
2019-10-18,counterfactual,45.8141727024844
2019-10-18,actual,41.55555555555556
2019-10-19,fitted,66.7277822654022
2019-10-19,counterfactual,66.72778226540167
2019-10-19,actual,64.83333333333333
2019-10-20,fitted,53.47423744185923
2019-10-20,counterfactual,53.47423744185992
2019-10-20,actual,54.22222222222222
2019-10-21,fitted,44.91404272160626
2019-10-21,counterfactual,44.91404272160943
2019-10-21,actual,45.388888888888886
2019-10-22,fitted,42.60154195414905
2019-10-22,counterfactual,42.60154195414815
2019-10-22,actual,44.833333333333336
2019-10-23,fitted,32.07667692428564
2019-10-23,counterfactual,32.076676924285344
2019-10-23,actual,36.72222222222222
2019-10-24,fitted,34.99352880589716
2019-10-24,counterfactual,34.993528805897945
2019-10-24,actual,33.611111111111114
2019-10-25,fitted,42.93344351103727
2019-10-25,counterfactual,42.93344351103887
2019-10-25,actual,47.05555555555556
2019-10-26,fitted,69.67286289663677
2019-10-26,counterfactual,69.67286289663578
2019-10-26,actual,69.83333333333333
2019-10-27,fitted,53.64377210513052
2019-10-27,counterfactual,53.64377210512855
2019-10-27,actual,58.55555555555556
2019-10-28,fitted,31.39942163695343
2019-10-28,counterfactual,31.399421636953793
2019-10-28,actual,36.166666666666664
2019-10-29,fitted,31.775935323482134
2019-10-29,counterfactual,31.77593532348322
2019-10-29,actual,36.44444444444444
2019-10-30,fitted,35.60295397041476
2019-10-30,counterfactual,35.60295397041533
2019-10-30,actual,40
2019-10-31,fitted,36.47624877836564
2019-10-31,counterfactual,36.47624877836632
2019-10-31,actual,38.888888888888886
2019-11-01,fitted,45.17855014695609
2019-11-01,counterfactual,45.17855014695464
2019-11-01,actual,42.333333333333336
2019-11-02,fitted,68.15447624087211
2019-11-02,counterfactual,68.15447624086491
2019-11-02,actual,64.5
2019-11-03,fitted,69.13673281249972
2019-11-03,counterfactual,69.13673281249861
2019-11-03,actual,72.72222222222223
2019-11-04,fitted,49.93646140801296
2019-11-04,counterfactual,49.93646140801389
2019-11-04,actual,56.05555555555556
2019-11-05,fitted,28.043288603511662
2019-11-05,counterfactual,28.04328860351252
2019-11-05,actual,34.27777777777778
2019-11-06,fitted,32.05835936629504
2019-11-06,counterfactual,32.05835936629598
2019-11-06,actual,28.77777777777778
2019-11-07,fitted,34.29014783250145
2019-11-07,counterfactual,34.29014783250162
2019-11-07,actual,40.166666666666664
2019-11-08,fitted,45.84416242981652
2019-11-08,counterfactual,45.844162429816194
2019-11-08,actual,43.22222222222222
2019-11-09,fitted,68.84663948086234
2019-11-09,counterfactual,68.84663948085684
2019-11-09,actual,70.66666666666667
2019-11-10,fitted,55.16932143399662
2019-11-10,counterfactual,55.169321433999556
2019-11-10,actual,65.66666666666667
2019-11-11,fitted,29.151812950906624
2019-11-11,counterfactual,29.151812950907672
2019-11-11,actual,35.77777777777778
2019-11-12,fitted,32.8215993901699
2019-11-12,counterfactual,32.82159939016965
2019-11-12,actual,32.27777777777778
2019-11-13,fitted,35.39424965858862
2019-11-13,counterfactual,35.394249658589
2019-11-13,actual,36
2019-11-14,fitted,36.99370334589817
2019-11-14,counterfactual,36.993703345896705
2019-11-14,actual,44.666666666666664
2019-11-15,fitted,47.000868161618335
2019-11-15,counterfactual,47.000868161619884
2019-11-15,actual,41.333333333333336
2019-11-16,fitted,73.20325872090037
2019-11-16,counterfactual,73.20325872090875
2019-11-16,actual,73.55555555555556
2019-11-17,fitted,55.17270119544338
2019-11-17,counterfactual,55.17270119544514
2019-11-17,actual,64.05555555555556
2019-11-18,fitted,29.09424711866414
2019-11-18,counterfactual,29.09424711866409
2019-11-18,actual,37
2019-11-19,fitted,33.25505053825957
2019-11-19,counterfactual,33.255050538260676
2019-11-19,actual,37.166666666666664
2019-11-20,fitted,35.87767909398811
2019-11-20,counterfactual,35.8776790939882
2019-11-20,actual,41.611111111111114
2019-11-21,fitted,36.84670484541385
2019-11-21,counterfactual,36.8467048454147
2019-11-21,actual,51.27777777777778
2019-11-22,fitted,50.23857519604355
2019-11-22,counterfactual,50.23857519604406
2019-11-22,actual,45.77777777777778
2019-11-23,fitted,76.93231781771617
2019-11-23,counterfactual,76.93231781770967
2019-11-23,actual,86.66666666666667
2019-11-24,fitted,52.86728599549055
2019-11-24,counterfactual,52.86728599549064
2019-11-24,actual,50.888888888888886
2019-11-25,fitted,30.701869474383948
2019-11-25,counterfactual,30.701869474383347
2019-11-25,actual,40.22222222222222
2019-11-26,fitted,32.228999073778034
2019-11-26,counterfactual,32.22899907377832
2019-11-26,actual,33.166666666666664
2019-11-27,fitted,35.39983243487858
2019-11-27,counterfactual,35.3998324348794
2019-11-27,actual,34.388888888888886
2019-11-28,fitted,34.8024340904236
2019-11-28,counterfactual,34.802434090423894
2019-11-28,actual,41.388888888888886
2019-11-29,fitted,52.32106233341858
2019-11-29,counterfactual,52.32106233342198
2019-11-29,actual,46.166666666666664
2019-11-30,fitted,77.07899304611375
2019-11-30,counterfactual,77.0789930461191
2019-11-30,actual,82.16666666666667
2019-12-01,fitted,52.842548413306325
2019-12-01,counterfactual,52.84254841330804
2019-12-01,actual,54.94444444444444
2019-12-02,fitted,25.79592116126089
2019-12-02,counterfactual,25.79592116126128
2019-12-02,actual,29.27777777777778
2019-12-03,fitted,31.255345191545807
2019-12-03,counterfactual,31.255345191545516
2019-12-03,actual,26.77777777777778
2019-12-04,fitted,33.666833871400314
2019-12-04,counterfactual,33.66683387140064
2019-12-04,actual,32.77777777777778
2019-12-05,fitted,34.12422964399654
2019-12-05,counterfactual,34.124229643996436
2019-12-05,actual,34.22222222222222
2019-12-06,fitted,56.081100086522405
2019-12-06,counterfactual,56.08110008652201
2019-12-06,actual,49.666666666666664
2019-12-07,fitted,76.85112852198
2019-12-07,counterfactual,76.85112852198363
2019-12-07,actual,75.22222222222223
2019-12-08,fitted,55.31776932910221
2019-12-08,counterfactual,55.31776932910118
2019-12-08,actual,59.72222222222222
2019-12-09,fitted,29.887073050256284
2019-12-09,counterfactual,29.88707305025716
2019-12-09,actual,37.166666666666664
2019-12-10,fitted,34.53573525168814
2019-12-10,counterfactual,34.535735251687505
2019-12-10,actual,30.055555555555557
2019-12-11,fitted,39.0741258076661
2019-12-11,counterfactual,39.07412580766728
2019-12-11,actual,35.666666666666664
2019-12-12,fitted,37.576795773533846
2019-12-12,counterfactual,37.57679577353356
2019-12-12,actual,31.555555555555557
2019-12-13,fitted,62.35069174337629
2019-12-13,counterfactual,62.350691743382605
2019-12-13,actual,54.111111111111114
2019-12-14,fitted,81.47708342165558
2019-12-14,counterfactual,81.47708342165738
2019-12-14,actual,74.11111111111111
2019-12-15,fitted,55.96169260371804
2019-12-15,counterfactual,55.96169260371843
2019-12-15,actual,54
2019-12-16,fitted,32.97263561543903
2019-12-16,counterfactual,32.972635615440076
2019-12-16,actual,30.72222222222222
2019-12-17,fitted,36.76060440320334
2019-12-17,counterfactual,36.76060440320234
2019-12-17,actual,32.72222222222222
2019-12-18,fitted,41.64365987596241
2019-12-18,counterfactual,41.643659875962214
2019-12-18,actual,39.55555555555556
2019-12-19,fitted,40.98384796573765
2019-12-19,counterfactual,40.983847965737304
2019-12-19,actual,39.22222222222222
2019-12-20,fitted,63.73035356379316
2019-12-20,counterfactual,63.73035356379871
2019-12-20,actual,58.55555555555556
2019-12-21,fitted,77.345302370028
2019-12-21,counterfactual,77.3453023700282
2019-12-21,actual,77.94444444444444
2019-12-22,fitted,52.07194155166834
2019-12-22,counterfactual,52.071941551669404
2019-12-22,actual,58.5
2019-12-23,fitted,35.7079446140947
2019-12-23,counterfactual,35.707944614092845
2019-12-23,actual,37.333333333333336
2019-12-24,fitted,35.1575547691884
2019-12-24,counterfactual,35.15755476918959
2019-12-24,actual,32.666666666666664
2019-12-25,fitted,40.73017707461316
2019-12-25,counterfactual,40.730177074615476
2019-12-25,actual,42.888888888888886
2019-12-26,fitted,48.261755069213564
2019-12-26,counterfactual,48.26175506921371
2019-12-26,actual,43.611111111111114
2019-12-27,fitted,67.61050341268228
2019-12-27,counterfactual,67.6105034126854
2019-12-27,actual,56.05555555555556
2019-12-28,fitted,77.27095344468988
2019-12-28,counterfactual,77.27095344469429
2019-12-28,actual,69.11111111111111
2019-12-29,fitted,78.05438661949354
2019-12-29,counterfactual,78.05438661949992
2019-12-29,actual,82.11111111111111
2019-12-30,fitted,72.5886228040647
2019-12-30,counterfactual,72.58862280406503
2019-12-30,actual,77.22222222222223
2019-12-31,fitted,30.505364209749043
2019-12-31,counterfactual,30.50536420974888
2019-12-31,actual,50.888888888888886
2020-01-01,fitted,19.106982396388453
2020-01-01,counterfactual,19.106982396388833
2020-01-01,actual,30.444444444444443
2020-01-02,fitted,57.71116052332132
2020-01-02,counterfactual,57.71116052332003
2020-01-02,actual,59.111111111111114
2020-01-03,fitted,67.37840373271429
2020-01-03,counterfactual,67.3784037327161
2020-01-03,actual,65.77777777777777
2020-01-04,fitted,70.83609007998535
2020-01-04,counterfactual,70.83609007998007
2020-01-04,actual,62.333333333333336
2020-01-05,fitted,45.807177840459964
2020-01-05,counterfactual,45.8071778404635
2020-01-05,actual,43
2020-01-06,fitted,28.68587775840419
2020-01-06,counterfactual,28.68587775840429
2020-01-06,actual,27.055555555555557
2020-01-07,fitted,25.89291892508139
2020-01-07,counterfactual,25.892918925081208
2020-01-07,actual,21.11111111111111
2020-01-08,fitted,26.898637601052222
2020-01-08,counterfactual,26.898637601052332
2020-01-08,actual,27.555555555555557
2020-01-09,fitted,29.514827961026977
2020-01-09,counterfactual,29.514827961027358
2020-01-09,actual,26.055555555555557
2020-01-10,fitted,43.96233129006449
2020-01-10,counterfactual,43.96233129006699
2020-01-10,actual,34.166666666666664
2020-01-11,fitted,64.81039279699385
2020-01-11,counterfactual,64.81039279699125
2020-01-11,actual,54.44444444444444
2020-01-12,fitted,70.81402929094027
2020-01-12,counterfactual,70.81402929093858
2020-01-12,actual,67
2020-01-13,fitted,43.55483761592561
2020-01-13,counterfactual,43.55483761592613
2020-01-13,actual,41.27777777777778
2020-01-14,fitted,25.78317570432522
2020-01-14,counterfactual,25.783175704325288
2020-01-14,actual,20.11111111111111
2020-01-15,fitted,34.36261653319053
2020-01-15,counterfactual,34.3626165331904
2020-01-15,actual,35.611111111111114
2020-01-16,fitted,31.846794991656747
2020-01-16,counterfactual,31.846794991657145
2020-01-16,actual,29.944444444444443
2020-01-17,fitted,48.128827430710906
2020-01-17,counterfactual,48.12882743071046
2020-01-17,actual,44.888888888888886
2020-01-18,fitted,64.97460582830065
2020-01-18,counterfactual,64.97460582830278
2020-01-18,actual,54
2020-01-19,fitted,50.23314682561431
2020-01-19,counterfactual,50.233146825615805
2020-01-19,actual,46.44444444444444
2020-01-20,fitted,27.948135113005886
2020-01-20,counterfactual,27.94813511300611
2020-01-20,actual,28.166666666666668
2020-01-21,fitted,30.000434133051986
2020-01-21,counterfactual,30.000434133051797
2020-01-21,actual,23.27777777777778
2020-01-22,fitted,33.15062135527119
2020-01-22,counterfactual,33.150621355271866
2020-01-22,actual,29.88888888888889
2020-01-23,fitted,31.781762100700863
2020-01-23,counterfactual,31.78176210070054
2020-01-23,actual,25.11111111111111
2020-01-24,fitted,51.140835883629265
2020-01-24,counterfactual,51.14083588362994
2020-01-24,actual,40.77777777777778
2020-01-25,fitted,74.84657009734327
2020-01-25,counterfactual,74.84657009734181
2020-01-25,actual,71.72222222222223
2020-01-26,fitted,49.23454965525839
2020-01-26,counterfactual,49.23454965526055
2020-01-26,actual,43.111111111111114
2020-01-27,fitted,27.362357478027874
2020-01-27,counterfactual,27.362357478028397
2020-01-27,actual,26.27777777777778
2020-01-28,fitted,26.597079096746242
2020-01-28,counterfactual,26.597079096746572
2020-01-28,actual,17.666666666666668
2020-01-29,fitted,34.134254312163485
2020-01-29,counterfactual,34.13425431216469
2020-01-29,actual,29.333333333333332
2020-01-30,fitted,33.53624706703024
2020-01-30,counterfactual,33.5362470670307
2020-01-30,actual,30.77777777777778
2020-01-31,fitted,49.336081486813455
2020-01-31,counterfactual,49.33608148681337
2020-01-31,actual,39
2020-02-01,fitted,64.39836785446094
2020-02-01,counterfactual,64.39836785445979
2020-02-01,actual,48.611111111111114
2020-02-02,fitted,47.07950366442947
2020-02-02,counterfactual,47.07950366442823
2020-02-02,actual,38.166666666666664
2020-02-03,fitted,24.680457725619746
2020-02-03,counterfactual,24.68045772561994
2020-02-03,actual,20.333333333333332
2020-02-04,fitted,29.315696155187887
2020-02-04,counterfactual,29.315696155188263
2020-02-04,actual,22.27777777777778
2020-02-05,fitted,32.66075218374185
2020-02-05,counterfactual,32.66075218374253
2020-02-05,actual,26.944444444444443
2020-02-06,fitted,32.07131825947764
2020-02-06,counterfactual,32.071318259478375
2020-02-06,actual,26.27777777777778
2020-02-07,fitted,45.63737693569562
2020-02-07,counterfactual,45.637376935697446
2020-02-07,actual,37
2020-02-08,fitted,69.4346186075287
2020-02-08,counterfactual,69.4346186075369
2020-02-08,actual,70.22222222222223
2020-02-09,fitted,50.55547616345224
2020-02-09,counterfactual,50.55547616345399
2020-02-09,actual,49.94444444444444
2020-02-10,fitted,41.690892735561995
2020-02-10,counterfactual,41.69089273556224
2020-02-10,actual,39.111111111111114
2020-02-11,fitted,43.621154295102414
2020-02-11,counterfactual,43.62115429510108
2020-02-11,actual,36.05555555555556
2020-02-12,fitted,32.3888022272641
2020-02-12,counterfactual,32.38880222726354
2020-02-12,actual,33.888888888888886
2020-02-13,fitted,32.60233802234438
2020-02-13,counterfactual,32.60233802234446
2020-02-13,actual,28.88888888888889
2020-02-14,fitted,44.46215232917042
2020-02-14,counterfactual,44.46215232916878
2020-02-14,actual,36.94444444444444
2020-02-15,fitted,67.35783075795312
2020-02-15,counterfactual,67.35783075795517
2020-02-15,actual,56.888888888888886
2020-02-16,fitted,45.43932136636355
2020-02-16,counterfactual,45.43932136636169
2020-02-16,actual,40.94444444444444
2020-02-17,fitted,27.448272475266787
2020-02-17,counterfactual,27.448272475266627
2020-02-17,actual,30.5
2020-02-18,fitted,31.228915210413017
2020-02-18,counterfactual,31.228915210412683
2020-02-18,actual,23.5
2020-02-19,fitted,33.73023424565299
2020-02-19,counterfactual,33.73023424565396
2020-02-19,actual,26.77777777777778
2020-02-20,fitted,33.770149259567916
2020-02-20,counterfactual,33.770149259568896
2020-02-20,actual,29.38888888888889
2020-02-21,fitted,47.67183599275213
2020-02-21,counterfactual,47.671835992753394
2020-02-21,actual,39.111111111111114
2020-02-22,fitted,66.2081852418144
2020-02-22,counterfactual,66.20818524181463
2020-02-22,actual,52.27777777777778
2020-02-23,fitted,67.03034203259901
2020-02-23,counterfactual,67.03034203259567
2020-02-23,actual,63.5
2020-02-24,fitted,45.41109408843435
2020-02-24,counterfactual,45.411094088434794
2020-02-24,actual,48.22222222222222
2020-02-25,fitted,29.93228252607075
2020-02-25,counterfactual,29.93228252607104
2020-02-25,actual,30.5
2020-02-26,fitted,32.951956268698744
2020-02-26,counterfactual,32.95195626869886
2020-02-26,actual,32.72222222222222
2020-02-27,fitted,30.974359903414037
2020-02-27,counterfactual,30.974359903414808
2020-02-27,actual,24.444444444444443
2020-02-28,fitted,41.75736370392
2020-02-28,counterfactual,41.75736370392009
2020-02-28,actual,33.44444444444444
2020-02-29,fitted,56.015318946075425
2020-02-29,counterfactual,56.01531894607577
2020-02-29,actual,48.166666666666664
2020-03-01,fitted,43.76017773663705
2020-03-01,counterfactual,43.760177736637125
2020-03-01,actual,45.72222222222222
2020-03-02,fitted,23.69246311782712
2020-03-02,counterfactual,23.69246311782748
2020-03-02,actual,24.22222222222222
2020-03-03,fitted,26.36351347603447
2020-03-03,counterfactual,26.363513476035006
2020-03-03,actual,20.61111111111111
2020-03-04,fitted,26.035857612563213
2020-03-04,counterfactual,26.03585761256349
2020-03-04,actual,19.11111111111111
2020-03-05,fitted,29.466017859713205
2020-03-05,counterfactual,29.46601785971353
2020-03-05,actual,30.22222222222222
2020-03-06,fitted,37.90395822901851
2020-03-06,counterfactual,37.90395822901881
2020-03-06,actual,29.333333333333332
2020-03-07,fitted,55.6842248873072
2020-03-07,counterfactual,55.68422488730839
2020-03-07,actual,44.44444444444444
2020-03-08,fitted,41.0313700822494
2020-03-08,counterfactual,41.03137008224873
2020-03-08,actual,38
2020-03-09,fitted,25.856515508956452
2020-03-09,counterfactual,25.85651550895652
2020-03-09,actual,26.61111111111111
2020-03-10,fitted,25.472604916757884
2020-03-10,counterfactual,25.47260491675811
2020-03-10,actual,14.72222222222222
2020-03-11,fitted,31.451466874147428
2020-03-11,counterfactual,31.451466874147638
2020-03-11,actual,24.944444444444443
2020-03-12,fitted,32.715494734452015
2020-03-12,counterfactual,32.71549473445377
2020-03-12,actual,28.61111111111111
2020-03-13,fitted,43.39628960850542
2020-03-13,counterfactual,43.396289608505
2020-03-13,actual,32.388888888888886
2020-03-14,fitted,55.62555907876644
2020-03-14,counterfactual,55.62555907876328
2020-03-14,actual,50.611111111111114
2020-03-15,fitted,47.27300521301286
2020-03-15,counterfactual,47.27300521301433
2020-03-15,actual,43.44444444444444
2020-03-16,fitted,26.898295241840152
2020-03-16,counterfactual,26.898295241840472
2020-03-16,actual,25.666666666666668
2020-03-17,fitted,31.72038709543057
2020-03-17,counterfactual,31.72038709543012
2020-03-17,actual,28.333333333333332
2020-03-18,fitted,33.6964000550788
2020-03-18,counterfactual,33.696400055079316
2020-03-18,actual,25.61111111111111
2020-03-19,fitted,46.736512255715155
2020-03-19,counterfactual,46.736512255717834
2020-03-19,actual,44.94444444444444
2020-03-20,fitted,60.27920953115293
2020-03-20,counterfactual,60.27920953115149
2020-03-20,actual,63.111111111111114
2020-03-21,fitted,67.26390053534628
2020-03-21,counterfactual,67.26390053534872
2020-03-21,actual,65.72222222222223
2020-03-22,fitted,47.9461466433959
2020-03-22,counterfactual,47.946146643394194
2020-03-22,actual,43.888888888888886
2020-03-23,fitted,29.169986612445086
2020-03-23,counterfactual,29.169986612445047
2020-03-23,actual,29.833333333333332
2020-03-24,fitted,33.13685385957366
2020-03-24,counterfactual,33.13685385957395
2020-03-24,actual,24
2020-03-25,fitted,36.3802763319119
2020-03-25,counterfactual,36.380276331910636
2020-03-25,actual,31.61111111111111
2020-03-26,fitted,39.1567603786862
2020-03-26,counterfactual,39.15676037868744
2020-03-26,actual,47.5
2020-03-27,fitted,45.83622441461909
2020-03-27,counterfactual,45.83622441461909
2020-03-27,actual,45.5
2020-03-28,fitted,52.617337164219315
2020-03-28,counterfactual,52.617337164223564
2020-03-28,actual,48.666666666666664
2020-03-29,fitted,32.10402138962004
2020-03-29,counterfactual,32.104021389619966
2020-03-29,actual,34.77777777777778
2020-03-30,fitted,25.40023333938325
2020-03-30,counterfactual,25.4002333393836
2020-03-30,actual,26.444444444444443
2020-03-31,fitted,24.624349141659287
2020-03-31,counterfactual,24.62434914165966
2020-03-31,actual,17.72222222222222
2020-04-01,fitted,20.180681151475323
2020-04-01,counterfactual,20.180681151475476
2020-04-01,actual,20
2020-04-02,fitted,20.820147595016696
2020-04-02,counterfactual,20.82014759501688
2020-04-02,actual,20.444444444444443
2020-04-03,fitted,26.62616039022101
2020-04-03,counterfactual,26.62616039022135
2020-04-03,actual,25.333333333333332
2020-04-04,fitted,35.72787224106553
2020-04-04,counterfactual,35.727872241065135
2020-04-04,actual,36.94444444444444
2020-04-05,fitted,26.615851440647504
2020-04-05,counterfactual,26.615851440647702
2020-04-05,actual,26.27777777777778
2020-04-06,fitted,15.988158612219022
2020-04-06,counterfactual,15.98815861221925
2020-04-06,actual,17.72222222222222
2020-04-07,fitted,16.7295092549487
2020-04-07,counterfactual,16.729509254948717
2020-04-07,actual,12.833333333333334
2020-04-08,fitted,17.759201677041663
2020-04-08,counterfactual,17.759201677041908
2020-04-08,actual,22.055555555555557
2020-04-09,fitted,16.765045204211443
2020-04-09,counterfactual,16.765045204211503
2020-04-09,actual,17.88888888888889
2020-04-10,fitted,20.727392518440187
2020-04-10,counterfactual,20.7273925184405
2020-04-10,actual,18.77777777777778
2020-04-11,fitted,25.202186280503913
2020-04-11,counterfactual,25.202186280504115
2020-04-11,actual,26.22222222222222
2020-04-12,fitted,18.250964241385432
2020-04-12,counterfactual,18.250964241385635
2020-04-12,actual,25.666666666666668
2020-04-13,fitted,9.26336345777493
2020-04-13,counterfactual,9.263363457775009
2020-04-13,actual,10.38888888888889
2020-04-14,fitted,12.786469160732686
2020-04-14,counterfactual,12.786469160732635
2020-04-14,actual,10.833333333333334
2020-04-15,fitted,15.398745897206188
2020-04-15,counterfactual,15.398745897206318
2020-04-15,actual,18.444444444444443
2020-04-16,fitted,13.886120138556171
2020-04-16,counterfactual,13.886120138555956
2020-04-16,actual,16.055555555555557
2020-04-17,fitted,15.131655785533757
2020-04-17,counterfactual,15.131655785533427
2020-04-17,actual,14.72222222222222
2020-04-18,fitted,14.90381934910655
2020-04-18,counterfactual,14.90381934910608
2020-04-18,actual,19
2020-04-19,fitted,15.599402465106616
2020-04-19,counterfactual,15.59940246510638
2020-04-19,actual,16.444444444444443
2020-04-20,fitted,8.774331235470262
2020-04-20,counterfactual,8.774331235469935
2020-04-20,actual,9.77777777777778
2020-04-21,fitted,10.280775311731038
2020-04-21,counterfactual,10.280775311730942
2020-04-21,actual,9.444444444444445
2020-04-22,fitted,11.290074840580594
2020-04-22,counterfactual,11.290074840580072
2020-04-22,actual,13.61111111111111
2020-04-23,fitted,13.126510993918055
2020-04-23,counterfactual,13.126510993917933
2020-04-23,actual,16.944444444444443
2020-04-24,fitted,15.067112396954753
2020-04-24,counterfactual,15.067112396954371
2020-04-24,actual,18.555555555555557
2020-04-25,fitted,17.590437036945104
2020-04-25,counterfactual,17.59043703694469
2020-04-25,actual,22.055555555555557
2020-04-26,fitted,14.216339950462338
2020-04-26,counterfactual,14.216339950462105
2020-04-26,actual,23.444444444444443
2020-04-27,fitted,9.37084342586023
2020-04-27,counterfactual,9.37084342585993
2020-04-27,actual,16.666666666666668
2020-04-28,fitted,11.525667223237118
2020-04-28,counterfactual,11.525667223236832
2020-04-28,actual,12.27777777777778
2020-04-29,fitted,13.544370468708305
2020-04-29,counterfactual,13.544370468708166
2020-04-29,actual,20.77777777777778
2020-04-30,fitted,12.456265326552309
2020-04-30,counterfactual,12.456265326552133
2020-04-30,actual,17.5
2020-05-01,fitted,14.024202268340334
2020-05-01,counterfactual,14.024202268339973
2020-05-01,actual,15.27777777777778
2020-05-02,fitted,17.10261031261347
2020-05-02,counterfactual,17.102610312613212
2020-05-02,actual,19.833333333333332
2020-05-03,fitted,15.866651497237031
2020-05-03,counterfactual,15.866651497236806
2020-05-03,actual,16.88888888888889
2020-05-04,fitted,15.74895534589446
2020-05-04,counterfactual,15.748955345894153
2020-05-04,actual,22.11111111111111
2020-05-05,fitted,17.490443777924565
2020-05-05,counterfactual,17.49044377792419
2020-05-05,actual,18.61111111111111
2020-05-06,fitted,13.819270467293656
2020-05-06,counterfactual,13.819270467293146
2020-05-06,actual,18.166666666666668
2020-05-07,fitted,12.543117154110714
2020-05-07,counterfactual,12.543117154110456
2020-05-07,actual,15.333333333333334
2020-05-08,fitted,16.351137953358453
2020-05-08,counterfactual,16.351137953358148
2020-05-08,actual,15.444444444444445
2020-05-09,fitted,21.077951399614957
2020-05-09,counterfactual,21.07795139961446
2020-05-09,actual,20.055555555555557
2020-05-10,fitted,22.278723428270325
2020-05-10,counterfactual,22.278723428269544
2020-05-10,actual,25.944444444444443
2020-05-11,fitted,11.218904012875676
2020-05-11,counterfactual,11.218904012875681
2020-05-11,actual,15.72222222222222
2020-05-12,fitted,11.905639884366144
2020-05-12,counterfactual,11.90563988436578
2020-05-12,actual,9.11111111111111
2020-05-13,fitted,14.287596788144418
2020-05-13,counterfactual,14.287596788144088
2020-05-13,actual,16.72222222222222
2020-05-14,fitted,16.0870205320576
2020-05-14,counterfactual,16.087020532057267
2020-05-14,actual,14.5
2020-05-15,fitted,20.174885616750373
2020-05-15,counterfactual,20.17488561675056
2020-05-15,actual,21.27777777777778
2020-05-16,fitted,27.194337523564684
2020-05-16,counterfactual,27.194337523565
2020-05-16,actual,30.5
2020-05-17,fitted,25.515626961332746
2020-05-17,counterfactual,25.515626961332913
2020-05-17,actual,32.111111111111114
2020-05-18,fitted,14.16687502205196
2020-05-18,counterfactual,14.166875022052068
2020-05-18,actual,19.38888888888889
2020-05-19,fitted,14.08290022655423
2020-05-19,counterfactual,14.082900226554349
2020-05-19,actual,10.22222222222222
2020-05-20,fitted,16.204405253643863
2020-05-20,counterfactual,16.204405253644058
2020-05-20,actual,19.055555555555557
2020-05-21,fitted,17.621337585999214
2020-05-21,counterfactual,17.621337585999456
2020-05-21,actual,18.22222222222222
2020-05-22,fitted,21.769865639658907
2020-05-22,counterfactual,21.769865639659148
2020-05-22,actual,17.666666666666668
2020-05-23,fitted,33.482417675349424
2020-05-23,counterfactual,33.4824176753501
2020-05-23,actual,30.833333333333332
2020-05-24,fitted,28.921803576068164
2020-05-24,counterfactual,28.9218035760685
2020-05-24,actual,36.166666666666664
2020-05-25,fitted,15.522349894265432
2020-05-25,counterfactual,15.522349894265377
2020-05-25,actual,20.61111111111111
2020-05-26,fitted,16.490477222862573
2020-05-26,counterfactual,16.49047722286277
2020-05-26,actual,13
2020-05-27,fitted,19.342738327261557
2020-05-27,counterfactual,19.342738327261703
2020-05-27,actual,18.38888888888889
2020-05-28,fitted,21.396154745438867
2020-05-28,counterfactual,21.39615474543919
2020-05-28,actual,22.833333333333332
2020-05-29,fitted,29.40892585698341
2020-05-29,counterfactual,29.408925856983906
2020-05-29,actual,27.944444444444443
2020-05-30,fitted,42.49948844916079
2020-05-30,counterfactual,42.49948844916155
2020-05-30,actual,39.55555555555556
2020-05-31,fitted,33.16820964718905
2020-05-31,counterfactual,33.16820964718905
2020-05-31,actual,35.27777777777778
2020-06-01,fitted,17.580004577179793
2020-06-01,counterfactual,17.580004577180002
2020-06-01,actual,20.22222222222222
2020-06-02,fitted,18.18475060446477
2020-06-02,counterfactual,18.184750604465044
2020-06-02,actual,13.61111111111111
2020-06-03,fitted,21.099055034977372
2020-06-03,counterfactual,21.099055034977543
2020-06-03,actual,21.72222222222222
2020-06-04,fitted,22.781651017068558
2020-06-04,counterfactual,22.78165101706877
2020-06-04,actual,24.5
2020-06-05,fitted,32.53129364499475
2020-06-05,counterfactual,32.53129364499525
2020-06-05,actual,30.61111111111111
2020-06-06,fitted,46.98855516114777
2020-06-06,counterfactual,46.98855516114821
2020-06-06,actual,48.5
2020-06-07,fitted,37.7996614814734
2020-06-07,counterfactual,37.79966148147351
2020-06-07,actual,39.611111111111114
2020-06-08,fitted,19.46738258747769
2020-06-08,counterfactual,19.467382587477776
2020-06-08,actual,23.5
2020-06-09,fitted,21.702397909801892
2020-06-09,counterfactual,21.7023979098022
2020-06-09,actual,18.055555555555557
2020-06-10,fitted,24.970942976910028
2020-06-10,counterfactual,24.97094297691046
2020-06-10,actual,22.555555555555557
2020-06-11,fitted,23.406628346293278
2020-06-11,counterfactual,23.406628346293516
2020-06-11,actual,24.88888888888889
2020-06-12,fitted,34.83701703943275
2020-06-12,counterfactual,34.837017039433185
2020-06-12,actual,32.111111111111114
2020-06-13,fitted,48.71622665840185
2020-06-13,counterfactual,48.71622665840103
2020-06-13,actual,50.111111111111114
2020-06-14,fitted,39.112996821665746
2020-06-14,counterfactual,39.112996821665156
2020-06-14,actual,41.27777777777778
2020-06-15,fitted,20.658012747457132
2020-06-15,counterfactual,20.658012747457416
2020-06-15,actual,23.22222222222222
2020-06-16,fitted,24.05598916958237
2020-06-16,counterfactual,24.055989169582574
2020-06-16,actual,24.833333333333332
2020-06-17,fitted,26.295504692449622
2020-06-17,counterfactual,26.295504692449843
2020-06-17,actual,28.27777777777778
2020-06-18,fitted,27.05796192351247
2020-06-18,counterfactual,27.057961923512675
2020-06-18,actual,28.833333333333332
2020-06-19,fitted,38.083776586564746
2020-06-19,counterfactual,38.083776586564106
2020-06-19,actual,33.27777777777778
2020-06-20,fitted,61.92334944947466
2020-06-20,counterfactual,61.92334944947653
2020-06-20,actual,66.16666666666667
2020-06-21,fitted,49.78714689847287
2020-06-21,counterfactual,49.78714689847165
2020-06-21,actual,65.33333333333333
2020-06-22,fitted,22.53843986758199
2020-06-22,counterfactual,22.53843986758223
2020-06-22,actual,31.11111111111111
2020-06-23,fitted,24.331476485663593
2020-06-23,counterfactual,24.331476485663917
2020-06-23,actual,25.11111111111111
2020-06-24,fitted,29.04965118716841
2020-06-24,counterfactual,29.04965118716853
2020-06-24,actual,31.5
2020-06-25,fitted,29.170035481080703
2020-06-25,counterfactual,29.170035481080923
2020-06-25,actual,32.77777777777778
2020-06-26,fitted,43.76959702997813
2020-06-26,counterfactual,43.769597029977426
2020-06-26,actual,41.55555555555556
2020-06-27,fitted,63.56478485601193
2020-06-27,counterfactual,63.56478485601222
2020-06-27,actual,65.77777777777777
2020-06-28,fitted,42.411927908913015
2020-06-28,counterfactual,42.41192790891345
2020-06-28,actual,50.388888888888886
2020-06-29,fitted,24.01912753925127
2020-06-29,counterfactual,24.019127539251524
2020-06-29,actual,30.22222222222222
2020-06-30,fitted,25.237772922350885
2020-06-30,counterfactual,25.237772922351123
2020-06-30,actual,28.22222222222222
2020-07-01,fitted,25.48038850757718
2020-07-01,counterfactual,25.48038850757742
2020-07-01,actual,30.11111111111111
2020-07-02,fitted,28.928355652631016
2020-07-02,counterfactual,28.92835565263171
2020-07-02,actual,34.05555555555556
2020-07-03,fitted,40.08656051870931
2020-07-03,counterfactual,40.08656051870999
2020-07-03,actual,39.77777777777778
2020-07-04,fitted,57.220896221808104
2020-07-04,counterfactual,57.22089622180928
2020-07-04,actual,62.94444444444444
2020-07-05,fitted,43.86534510534158
2020-07-05,counterfactual,43.86534510534069
2020-07-05,actual,53
2020-07-06,fitted,21.79792231423604
2020-07-06,counterfactual,21.79792231423632
2020-07-06,actual,28.166666666666668
2020-07-07,fitted,25.718560530345954
2020-07-07,counterfactual,25.718560530346274
2020-07-07,actual,28.61111111111111
2020-07-08,fitted,26.93930453904379
2020-07-08,counterfactual,26.939304539044265
2020-07-08,actual,28.38888888888889
2020-07-09,fitted,27.212895639506264
2020-07-09,counterfactual,27.212895639506485
2020-07-09,actual,30
2020-07-10,fitted,41.83268245632645
2020-07-10,counterfactual,41.832682456326744
2020-07-10,actual,40.44444444444444
2020-07-11,fitted,58.1595343431759
2020-07-11,counterfactual,58.159534343175075
2020-07-11,actual,63.611111111111114
2020-07-12,fitted,46.643941044358556
2020-07-12,counterfactual,46.64394104436042
2020-07-12,actual,60.333333333333336
2020-07-13,fitted,24.53678689890103
2020-07-13,counterfactual,24.536786898901347
2020-07-13,actual,30.77777777777778
2020-07-14,fitted,25.071779449840665
2020-07-14,counterfactual,25.071779449840868
2020-07-14,actual,26.833333333333332
2020-07-15,fitted,29.20968482910241
2020-07-15,counterfactual,29.209684829102944
2020-07-15,actual,29.38888888888889
2020-07-16,fitted,30.41966262484309
2020-07-16,counterfactual,30.41966262484347
2020-07-16,actual,32.5
2020-07-17,fitted,41.87153446067667
2020-07-17,counterfactual,38.94690703160462
2020-07-17,actual,38
2020-07-18,fitted,60.52526510522601
2020-07-18,counterfactual,56.29771880775541
2020-07-18,actual,61.94444444444444
2020-07-19,fitted,47.34382957908794
2020-07-19,counterfactual,44.036975307617
2020-07-19,actual,56.22222222222222
2020-07-20,fitted,24.90521704654298
2020-07-20,counterfactual,23.16564667159683
2020-07-20,actual,34.611111111111114
2020-07-21,fitted,28.52227615064745
2020-07-21,counterfactual,26.530062771218926
2020-07-21,actual,31
2020-07-22,fitted,38.44863717687401
2020-07-22,counterfactual,35.763091009379835
2020-07-22,actual,33.5
2020-07-23,fitted,58.9487555074083
2020-07-23,counterfactual,54.83132466836262
2020-07-23,actual,75
2020-07-24,fitted,61.00144231760376
2020-07-24,counterfactual,56.74063617058712
2020-07-24,actual,76.61111111111111
2020-07-25,fitted,62.0489825683567
2020-07-25,counterfactual,57.71500821793414
2020-07-25,actual,69.38888888888889
2020-07-26,fitted,44.05629342508982
2020-07-26,counterfactual,40.97906576114221
2020-07-26,actual,55.611111111111114
2020-07-27,fitted,23.87191806383468
2020-07-27,counterfactual,22.20452117348109
2020-07-27,actual,37.666666666666664
2020-07-28,fitted,27.375157697836006
2020-07-28,counterfactual,25.463067823186954
2020-07-28,actual,30
2020-07-29,fitted,28.911923698164163
2020-07-29,counterfactual,26.892494361168865
2020-07-29,actual,30.944444444444443
2020-07-30,fitted,28.271981881181908
2020-07-30,counterfactual,26.297250963173525
2020-07-30,actual,34.05555555555556
2020-07-31,fitted,40.02088380428942
2020-07-31,counterfactual,35.03029333809196
2020-07-31,actual,42.111111111111114
2020-08-01,fitted,55.39193752478883
2020-08-01,counterfactual,48.48458193846113
2020-08-01,actual,58.27777777777778
2020-08-02,fitted,44.75147987491333
2020-08-02,counterfactual,39.17098570331759
2020-08-02,actual,48.94444444444444
2020-08-03,fitted,26.93077168645705
2020-08-03,counterfactual,23.57251370587322
2020-08-03,actual,32.94444444444444
2020-08-04,fitted,29.986006826342297
2020-08-04,counterfactual,26.246762073061035
2020-08-04,actual,32.666666666666664
2020-08-05,fitted,31.769697511549747
2020-08-05,counterfactual,27.80802714238801
2020-08-05,actual,33.44444444444444
2020-08-06,fitted,32.432768380053865
2020-08-06,counterfactual,28.388413301305516
2020-08-06,actual,35.27777777777778
2020-08-07,fitted,43.7283803093064
2020-08-07,counterfactual,37.011013314016246
2020-08-07,actual,42.888888888888886
2020-08-08,fitted,61.13565991658288
2020-08-08,counterfactual,51.74426098403367
2020-08-08,actual,79.11111111111111
2020-08-09,fitted,58.93199407790277
2020-08-09,counterfactual,49.87911287843086
2020-08-09,actual,73.05555555555556
2020-08-10,fitted,50.50406667218154
2020-08-10,counterfactual,42.74584768048936
2020-08-10,actual,59.666666666666664
2020-08-11,fitted,39.246125193111745
2020-08-11,counterfactual,33.217303082609234
2020-08-11,actual,44.333333333333336
2020-08-12,fitted,48.14860659526113
2020-08-12,counterfactual,40.752223319127275
2020-08-12,actual,51.166666666666664
2020-08-13,fitted,56.18662359505653
2020-08-13,counterfactual,47.55547448218044
2020-08-13,actual,69.16666666666667
2020-08-14,fitted,62.39951037125655
2020-08-14,counterfactual,52.16978548324052
2020-08-14,actual,69.88888888888889
2020-08-15,fitted,67.6206082907062
2020-08-15,counterfactual,56.534940863856775
2020-08-15,actual,75.33333333333333
2020-08-16,fitted,50.67111340321724
2020-08-16,counterfactual,42.36413235800977
2020-08-16,actual,60.05555555555556
2020-08-17,fitted,28.384981900470546
2020-08-17,counterfactual,23.731571095394294
2020-08-17,actual,34.111111111111114
2020-08-18,fitted,31.26072896293404
2020-08-18,counterfactual,26.13587052755619
2020-08-18,actual,34
2020-08-19,fitted,32.95272427225488
2020-08-19,counterfactual,27.550481504480874
2020-08-19,actual,39.22222222222222
2020-08-20,fitted,33.67360538627008
2020-08-20,counterfactual,28.153181956028384
2020-08-20,actual,39.72222222222222
2020-08-21,fitted,44.14300673223153
2020-08-21,counterfactual,36.479667869396366
2020-08-21,actual,40.27777777777778
2020-08-22,fitted,60.44390200949671
2020-08-22,counterfactual,49.95068603758645
2020-08-22,actual,59.388888888888886
2020-08-23,fitted,49.041844763609234
2020-08-23,counterfactual,40.52805508992797
2020-08-23,actual,54.05555555555556
2020-08-24,fitted,27.798672675332277
2020-08-24,counterfactual,22.972752004809053
2020-08-24,actual,31.833333333333332
2020-08-25,fitted,31.63466087046679
2020-08-25,counterfactual,26.142802838869223
2020-08-25,actual,34.666666666666664
2020-08-26,fitted,32.04565503915172
2020-08-26,counterfactual,26.482447368767943
2020-08-26,actual,32.44444444444444
2020-08-27,fitted,34.60445667842369
2020-08-27,counterfactual,28.59703449942087
2020-08-27,actual,38.27777777777778
2020-08-28,fitted,43.143267123378344
2020-08-28,counterfactual,35.47285384393699
2020-08-28,actual,39
2020-08-29,fitted,65.43852906154109
2020-08-29,counterfactual,53.80425572602207
2020-08-29,actual,65.11111111111111
2020-08-30,fitted,52.86626868546888
2020-08-30,counterfactual,43.467209309648375
2020-08-30,actual,66.77777777777777
2020-08-31,fitted,27.22796927257389
2020-08-31,counterfactual,22.387126401696417
2020-08-31,actual,32.72222222222222
2020-09-01,fitted,29.828905047414448
2020-09-01,counterfactual,24.52564350413429
2020-09-01,actual,39.27777777777778
2020-09-02,fitted,30.843693949999707
2020-09-02,counterfactual,25.36001375061818
2020-09-02,actual,32.77777777777778
2020-09-03,fitted,30.993761316962793
2020-09-03,counterfactual,25.483400738437158
2020-09-03,actual,34.72222222222222
2020-09-04,fitted,41.55333359084067
2020-09-04,counterfactual,33.74147747065407
2020-09-04,actual,36.72222222222222
2020-09-05,fitted,63.027490156056615
2020-09-05,counterfactual,51.17858076255972
2020-09-05,actual,60
2020-09-06,fitted,51.08037448423762
2020-09-06,counterfactual,41.47747378882629
2020-09-06,actual,60.27777777777778
2020-09-07,fitted,27.17214865104427
2020-09-07,counterfactual,22.063896258387366
2020-09-07,actual,35.111111111111114
2020-09-08,fitted,30.341598161555627
2020-09-08,counterfactual,24.637502272920585
2020-09-08,actual,31.055555555555557
2020-09-09,fitted,33.51020806012334
2020-09-09,counterfactual,27.21042651910859
2020-09-09,actual,35.888888888888886
2020-09-10,fitted,35.47254594949727
2020-09-10,counterfactual,28.803852941548943
2020-09-10,actual,37.5
2020-09-11,fitted,46.40135988087249
2020-09-11,counterfactual,37.26672673049132
2020-09-11,actual,48.27777777777778
2020-09-12,fitted,66.47701179157042
2020-09-12,counterfactual,53.3902592220671
2020-09-12,actual,68.38888888888889
2020-09-13,fitted,53.131744439529704
2020-09-13,counterfactual,42.67215887262115
2020-09-13,actual,57.111111111111114
2020-09-14,fitted,29.083292072276656
2020-09-14,counterfactual,23.357916683114308
2020-09-14,actual,31.944444444444443
2020-09-15,fitted,31.826739975964117
2020-09-15,counterfactual,25.561285799634742
2020-09-15,actual,32.888888888888886
2020-09-16,fitted,35.92527596439718
2020-09-16,counterfactual,28.852978566143165
2020-09-16,actual,39.111111111111114
2020-09-17,fitted,36.998934002790584
2020-09-17,counterfactual,29.715274861370716
2020-09-17,actual,42
2020-09-18,fitted,47.71983256252645
2020-09-18,counterfactual,38.002022020428335
2020-09-18,actual,48.55555555555556
2020-09-19,fitted,76.0036191835588
2020-09-19,counterfactual,60.526013079811904
2020-09-19,actual,78.38888888888889
2020-09-20,fitted,79.65334685803157
2020-09-20,counterfactual,63.43249920949701
2020-09-20,actual,89.72222222222223
2020-09-21,fitted,79.24745788737695
2020-09-21,counterfactual,63.10926669227239
2020-09-21,actual,103.16666666666669
2020-09-22,fitted,53.484382351906035
2020-09-22,counterfactual,42.59266151495745
2020-09-22,actual,66.33333333333333
2020-09-23,fitted,28.68689013885439
2020-09-23,counterfactual,22.845005361783972
2020-09-23,actual,32
2020-09-24,fitted,33.41932441539084
2020-09-24,counterfactual,26.613712457550168
2020-09-24,actual,41.77777777777778
2020-09-25,fitted,45.63628944196417
2020-09-25,counterfactual,36.06734441421946
2020-09-25,actual,42
2020-09-26,fitted,67.35399884609923
2020-09-26,counterfactual,53.23131884213661
2020-09-26,actual,70.33333333333333
2020-09-27,fitted,54.78245348891542
2020-09-27,counterfactual,43.2957552421817
2020-09-27,actual,63.22222222222222
2020-09-28,fitted,31.97161472736452
2020-09-28,counterfactual,25.26785709247948
2020-09-28,actual,36.166666666666664
2020-09-29,fitted,36.084897880144645
2020-09-29,counterfactual,28.51867353611705
2020-09-29,actual,38.44444444444444
2020-09-30,fitted,37.62911642232686
2020-09-30,counterfactual,29.739102775495308
2020-09-30,actual,34.888888888888886
2020-10-01,fitted,33.892702852500854
2020-10-01,counterfactual,26.786134496418583
2020-10-01,actual,33.05555555555556
2020-10-02,fitted,47.285476732731844
2020-10-02,counterfactual,36.98137468168305
2020-10-02,actual,43.05555555555556
2020-10-03,fitted,73.8749546632592
2020-10-03,counterfactual,57.77666985227192
2020-10-03,actual,76.61111111111111
2020-10-04,fitted,55.15005243481289
2020-10-04,counterfactual,43.13216009926679
2020-10-04,actual,61
2020-10-05,fitted,29.531805624141295
2020-10-05,counterfactual,23.096452532052872
2020-10-05,actual,35.72222222222222
2020-10-06,fitted,32.65040603803336
2020-10-06,counterfactual,25.535470563751332
2020-10-06,actual,32.5
2020-10-07,fitted,33.80116635662228
2020-10-07,counterfactual,26.435465688070384
2020-10-07,actual,31.11111111111111
2020-10-08,fitted,35.138227662942846
2020-10-08,counterfactual,27.481164464058082
2020-10-08,actual,39.166666666666664
2020-10-09,fitted,46.54124651020743
2020-10-09,counterfactual,36.06592698603725
2020-10-09,actual,45.94444444444444
2020-10-10,fitted,64.03633917323245
2020-10-10,counterfactual,49.623293449357014
2020-10-10,actual,62.27777777777778
2020-10-11,fitted,57.106959101101104
2020-10-11,counterfactual,44.25355081289544
2020-10-11,actual,60.333333333333336
2020-10-12,fitted,29.279622430207827
2020-10-12,counterfactual,22.689480921294706
2020-10-12,actual,31.444444444444443
2020-10-13,fitted,34.51049018213215
2020-10-13,counterfactual,26.743005666772984
2020-10-13,actual,35.22222222222222
2020-10-14,fitted,37.96618139005089
2020-10-14,counterfactual,29.420903577473712
2020-10-14,actual,42.888888888888886
2020-10-15,fitted,38.80709154749932
2020-10-15,counterfactual,30.07254500554957
2020-10-15,actual,39.611111111111114
2020-10-16,fitted,54.69666352231643
2020-10-16,counterfactual,42.05922827649735
2020-10-16,actual,50.22222222222222
2020-10-17,fitted,74.66907892868336
2020-10-17,counterfactual,57.41710067152221
2020-10-17,actual,74.22222222222223
2020-10-18,fitted,63.15350376155842
2020-10-18,counterfactual,48.56215096345467
2020-10-18,actual,71.05555555555556
2020-10-19,fitted,31.41121280687359
2020-10-19,counterfactual,24.153783518201607
2020-10-19,actual,38.94444444444444
2020-10-20,fitted,36.487075985273115
2020-10-20,counterfactual,28.056889747587405
2020-10-20,actual,38.888888888888886
2020-10-21,fitted,38.3049701227662
2020-10-21,counterfactual,29.454767051019882
2020-10-21,actual,34.833333333333336
2020-10-22,fitted,39.53619581849737
2020-10-22,counterfactual,30.40152320142924
2020-10-22,actual,41.27777777777778
2020-10-23,fitted,51.666501775869456
2020-10-23,counterfactual,39.41811277643074
2020-10-23,actual,43.55555555555556
2020-10-24,fitted,82.99406740509366
2020-10-24,counterfactual,63.318966763811126
2020-10-24,actual,84
2020-10-25,fitted,63.86011964556431
2020-10-25,counterfactual,48.72103416300836
2020-10-25,actual,76.61111111111111
2020-10-26,fitted,32.528702597002365
2020-10-26,counterfactual,24.817241798214535
2020-10-26,actual,39.833333333333336
2020-10-27,fitted,37.62658907302696
2020-10-27,counterfactual,28.70659093404522
2020-10-27,actual,41.666666666666664
2020-10-28,fitted,39.36970200914682
2020-10-28,counterfactual,30.036470448553434
2020-10-28,actual,38
2020-10-29,fitted,40.43882711092348
2020-10-29,counterfactual,30.85214196463094
2020-10-29,actual,44.27777777777778
2020-10-30,fitted,54.53255335340565
2020-10-30,counterfactual,41.40188589749968
2020-10-30,actual,49.166666666666664
2020-10-31,fitted,82.98756392532843
2020-10-31,counterfactual,63.005332434765855
2020-10-31,actual,83
2020-11-01,fitted,64.57213395318608
2020-11-01,counterfactual,49.02407750399132
2020-11-01,actual,74.27777777777777
2020-11-02,fitted,43.406714958593724
2020-11-02,counterfactual,32.954992007333956
2020-11-02,actual,47.888888888888886
2020-11-03,fitted,57.46081115758876
2020-11-03,counterfactual,43.62506064417865
2020-11-03,actual,70.55555555555556
2020-11-04,fitted,33.06067031504414
2020-11-04,counterfactual,25.100128563718343
2020-11-04,actual,33.111111111111114
2020-11-05,fitted,36.618497021018655
2020-11-05,counterfactual,27.80128092622081
2020-11-05,actual,35.388888888888886
2020-11-06,fitted,48.93486292216202
2020-11-06,counterfactual,36.92436312928629
2020-11-06,actual,44.94444444444444
2020-11-07,fitted,77.47772306730153
2020-11-07,counterfactual,58.46170623831004
2020-11-07,actual,73.61111111111111
2020-11-08,fitted,64.3135998847212
2020-11-08,counterfactual,48.528565821722125
2020-11-08,actual,71.55555555555556
2020-11-09,fitted,32.47247012710483
2020-11-09,counterfactual,24.502475476131526
2020-11-09,actual,41.94444444444444
2020-11-10,fitted,36.30647556190095
2020-11-10,counterfactual,27.395468333580926
2020-11-10,actual,38.888888888888886
2020-11-11,fitted,39.74274050938868
2020-11-11,counterfactual,29.98834153588833
2020-11-11,actual,36.111111111111114
2020-11-12,fitted,39.14423403261325
2020-11-12,counterfactual,29.536731596389128
2020-11-12,actual,43.111111111111114
2020-11-13,fitted,53.90897073008053
2020-11-13,counterfactual,40.49666719640382
2020-11-13,actual,47.05555555555556
2020-11-14,fitted,83.77094985939367
2020-11-14,counterfactual,62.9291235065183
2020-11-14,actual,77.83333333333333
2020-11-15,fitted,64.93288090826842
2020-11-15,counterfactual,48.777879314594564
2020-11-15,actual,70.94444444444444
2020-11-16,fitted,33.16151495273693
2020-11-16,counterfactual,24.911082823182394
2020-11-16,actual,39.111111111111114
2020-11-17,fitted,36.2588939074328
2020-11-17,counterfactual,27.237848165030677
2020-11-17,actual,38.55555555555556
2020-11-18,fitted,39.31846757055054
2020-11-18,counterfactual,29.536213997658663
2020-11-18,actual,43.888888888888886
2020-11-19,fitted,39.05024568575363
2020-11-19,counterfactual,29.334724481974906
2020-11-19,actual,41.77777777777778
2020-11-20,fitted,49.963504450411165
2020-11-20,counterfactual,37.35501694022652
2020-11-20,actual,51.111111111111114
2020-11-21,fitted,76.92115591622397
2020-11-21,counterfactual,57.50979868043804
2020-11-21,actual,75.05555555555556
2020-11-22,fitted,81.3079468107126
2020-11-22,counterfactual,60.78956558188686
2020-11-22,actual,93.33333333333331
2020-11-23,fitted,52.974275555803914
2020-11-23,counterfactual,39.60600807630016
2020-11-23,actual,59.333333333333336
2020-11-24,fitted,28.89388358643646
2020-11-24,counterfactual,21.602398044586415
2020-11-24,actual,28.72222222222222
2020-11-25,fitted,35.78004020352885
2020-11-25,counterfactual,26.750805865735853
2020-11-25,actual,37.77777777777778
2020-11-26,fitted,37.408543820384395
2020-11-26,counterfactual,27.96835016860257
2020-11-26,actual,38.44444444444444
2020-11-27,fitted,47.80402708389331
2020-11-27,counterfactual,35.604569873846714
2020-11-27,actual,41.44444444444444
2020-11-28,fitted,72.42200314599512
2020-11-28,counterfactual,53.94010565031228
2020-11-28,actual,70.61111111111111
2020-11-29,fitted,56.62624526052681
2020-11-29,counterfactual,42.17538205586391
2020-11-29,actual,63.833333333333336
2020-11-30,fitted,28.175450128551798
2020-11-30,counterfactual,20.985152172820253
2020-11-30,actual,29.833333333333332
2020-12-01,fitted,30.191958283441874
2020-12-01,counterfactual,22.48705295151342
2020-12-01,actual,30.5
2020-12-02,fitted,31.288506406197964
2020-12-02,counterfactual,23.303764986844463
2020-12-02,actual,30.166666666666668
2020-12-03,fitted,33.303294452778076
2020-12-03,counterfactual,24.80438462417262
2020-12-03,actual,35.72222222222222
2020-12-04,fitted,42.34720185796858
2020-12-04,counterfactual,31.443462342039542
2020-12-04,actual,34.55555555555556
2020-12-05,fitted,70.11837767218425
2020-12-05,counterfactual,52.06399646463055
2020-12-05,actual,66.77777777777777
2020-12-06,fitted,55.06495880214718
2020-12-06,counterfactual,40.88659657534064
2020-12-06,actual,51.27777777777778
2020-12-07,fitted,29.56885978805954
2020-12-07,counterfactual,21.955342701537692
2020-12-07,actual,28.22222222222222
2020-12-08,fitted,32.044441631563465
2020-12-08,counterfactual,23.793501093488352
2020-12-08,actual,30.77777777777778
2020-12-09,fitted,33.63846525755949
2020-12-09,counterfactual,24.977088666155687
2020-12-09,actual,31.166666666666668
2020-12-10,fitted,35.89516831297744
2020-12-10,counterfactual,26.652726120979594
2020-12-10,actual,33.166666666666664
2020-12-11,fitted,47.74635457541863
2020-12-11,counterfactual,35.404393809333676
2020-12-11,actual,42.5
2020-12-12,fitted,71.6581468069903
2020-12-12,counterfactual,53.135224076516785
2020-12-12,actual,61.333333333333336
2020-12-13,fitted,55.874591320921574
2020-12-13,counterfactual,41.431561689945866
2020-12-13,actual,56.888888888888886
2020-12-14,fitted,29.327012000286246
2020-12-14,counterfactual,21.74626924594034
2020-12-14,actual,31.333333333333332
2020-12-15,fitted,33.36861500323843
2020-12-15,counterfactual,24.74315781701398
2020-12-15,actual,32.5
2020-12-16,fitted,36.262970321037244
2020-12-16,counterfactual,26.88935089095084
2020-12-16,actual,34.666666666666664
2020-12-17,fitted,35.55448540797607
2020-12-17,counterfactual,26.364002325745183
2020-12-17,actual,32.611111111111114
2020-12-18,fitted,46.43168695164762
2020-12-18,counterfactual,34.38771982714579
2020-12-18,actual,36
2020-12-19,fitted,67.71165031670719
2020-12-19,counterfactual,50.147849733508785
2020-12-19,actual,62.22222222222222
2020-12-20,fitted,51.8655297212149
2020-12-20,counterfactual,38.412072053228535
2020-12-20,actual,51.888888888888886
2020-12-21,fitted,28.857116064569944
2020-12-21,counterfactual,21.37183650641919
2020-12-21,actual,29.77777777777778
2020-12-22,fitted,36.59384966962204
2020-12-22,counterfactual,27.101730142737974
2020-12-22,actual,35.611111111111114
2020-12-23,fitted,38.036706908869874
2020-12-23,counterfactual,28.170323031587834
2020-12-23,actual,40
2020-12-24,fitted,40.299573234594455
2020-12-24,counterfactual,29.846221934342076
2020-12-24,actual,44.05555555555556
2020-12-25,fitted,50.70995066655882
2020-12-25,counterfactual,37.50323691335748
2020-12-25,actual,51.388888888888886
2020-12-26,fitted,63.24414438071016
2020-12-26,counterfactual,46.773071141173894
2020-12-26,actual,55.44444444444444
2020-12-27,fitted,54.88427326239995
2020-12-27,counterfactual,40.590414226819895
2020-12-27,actual,57.666666666666664
2020-12-28,fitted,52.458282166205784
2020-12-28,counterfactual,38.79623936302414
2020-12-28,actual,55.22222222222222
2020-12-29,fitted,64.48403072380397
2020-12-29,counterfactual,47.69004602794569
2020-12-29,actual,60.888888888888886
2020-12-30,fitted,58.44130720986821
2020-12-30,counterfactual,43.221067285781096
2020-12-30,actual,44.94444444444444
2020-12-31,fitted,26.157900783789188
2020-12-31,counterfactual,19.345432944731304
2020-12-31,actual,32.05555555555556
2021-01-01,fitted,13.421531287585626
2021-01-01,counterfactual,9.926076854779897
2021-01-01,actual,18.944444444444443
2021-01-02,fitted,45.687551980315305
2021-01-02,counterfactual,33.78885333917378
2021-01-02,actual,48.27777777777778
2021-01-03,fitted,49.13338399586734
2021-01-03,counterfactual,36.33726548992934
2021-01-03,actual,53.27777777777778
2021-01-04,fitted,45.246669899340276
2021-01-04,counterfactual,33.462792972001154
2021-01-04,actual,54.166666666666664
2021-01-05,fitted,34.04940527067639
2021-01-05,counterfactual,25.181702917080695
2021-01-05,actual,33.94444444444444
2021-01-06,fitted,27.27670006769859
2021-01-06,counterfactual,20.172856242356687
2021-01-06,actual,24
2021-01-07,fitted,26.468910287130974
2021-01-07,counterfactual,19.57544427254396
2021-01-07,actual,27.38888888888889
2021-01-08,fitted,28.939601548317466
2021-01-08,counterfactual,21.383106821979013
2021-01-08,actual,28.5
2021-01-09,fitted,42.18991777661773
2021-01-09,counterfactual,31.1735984727261
2021-01-09,actual,37.833333333333336
2021-01-10,fitted,48.834260271115944
2021-01-10,counterfactual,36.083019394933864
2021-01-10,actual,48.666666666666664
2021-01-11,fitted,32.8262145067655
2021-01-11,counterfactual,24.2548761491214
2021-01-11,actual,34.94444444444444
2021-01-12,fitted,16.712918938692155
2021-01-12,counterfactual,12.348965149933255
2021-01-12,actual,16.77777777777778
2021-01-13,fitted,23.538457273247495
2021-01-13,counterfactual,17.392269394521193
2021-01-13,actual,22.555555555555557
2021-01-14,fitted,23.628854346412766
2021-01-14,counterfactual,17.45906265249536
2021-01-14,actual,19.944444444444443
2021-01-15,fitted,27.835899936717194
2021-01-15,counterfactual,20.540614903608546
2021-01-15,actual,26.333333333333332
2021-01-16,fitted,42.51686267682201
2021-01-16,counterfactual,31.373963304209454
2021-01-16,actual,39.666666666666664
2021-01-17,fitted,37.67049308994428
2021-01-17,counterfactual,27.797739377879317
2021-01-17,actual,35.388888888888886
2021-01-18,fitted,19.883496746064164
2021-01-18,counterfactual,14.672392504879166
2021-01-18,actual,24.88888888888889
2021-01-19,fitted,22.14937626698807
2021-01-19,counterfactual,16.344426057345068
2021-01-19,actual,22.72222222222222
2021-01-20,fitted,23.7524281390495
2021-01-20,counterfactual,17.527347078378334
2021-01-20,actual,22.77777777777778
2021-01-21,fitted,24.538498267171022
2021-01-21,counterfactual,18.10740246820514
2021-01-21,actual,23.72222222222222
2021-01-22,fitted,29.67738072770647
2021-01-22,counterfactual,21.862882436259284
2021-01-22,actual,30.61111111111111
2021-01-23,fitted,41.23799873049153
2021-01-23,counterfactual,30.379416782884736
2021-01-23,actual,37.27777777777778
2021-01-24,fitted,34.815547951215166
2021-01-24,counterfactual,25.648093367644933
2021-01-24,actual,35.666666666666664
2021-01-25,fitted,20.1554238444397
2021-01-25,counterfactual,14.848199239920552
2021-01-25,actual,22.77777777777778
2021-01-26,fitted,24.469921397265086
2021-01-26,counterfactual,18.02662504624121
2021-01-26,actual,24
2021-01-27,fitted,26.009792892233072
2021-01-27,counterfactual,19.16102534154774
2021-01-27,actual,27.77777777777778
2021-01-28,fitted,26.026121460546587
2021-01-28,counterfactual,19.17305435356414
2021-01-28,actual,30.27777777777778
2021-01-29,fitted,31.364257415025428
2021-01-29,counterfactual,23.079748434033792
2021-01-29,actual,28.88888888888889
2021-01-30,fitted,49.49294253630619
2021-01-30,counterfactual,36.41994923976137
2021-01-30,actual,45.111111111111114
2021-01-31,fitted,43.25739570059508
2021-01-31,counterfactual,31.83145060539233
2021-01-31,actual,38.833333333333336
2021-02-01,fitted,20.431805400270925
2021-02-01,counterfactual,15.034978270057128
2021-02-01,actual,21.61111111111111
2021-02-02,fitted,23.54607813203805
2021-02-02,counterfactual,17.326651567245477
2021-02-02,actual,20.5
2021-02-03,fitted,23.37814571907504
2021-02-03,counterfactual,17.20307657569327
2021-02-03,actual,21.055555555555557
2021-02-04,fitted,25.61835177143422
2021-02-04,counterfactual,18.851557884996584
2021-02-04,actual,24.61111111111111
2021-02-05,fitted,30.132054026947227
2021-02-05,counterfactual,22.155973247101358
2021-02-05,actual,27.555555555555557
2021-02-06,fitted,50.00233712574584
2021-02-06,counterfactual,36.76650926816382
2021-02-06,actual,42.388888888888886
2021-02-07,fitted,44.640123681211016
2021-02-07,counterfactual,32.82369615903718
2021-02-07,actual,42.111111111111114
2021-02-08,fitted,21.859426444134886
2021-02-08,counterfactual,16.073144799890073
2021-02-08,actual,26.72222222222222
2021-02-09,fitted,25.967288953929195
2021-02-09,counterfactual,19.093638915172733
2021-02-09,actual,26.944444444444443
2021-02-10,fitted,32.676759935254196
2021-02-10,counterfactual,24.02708485388949
2021-02-10,actual,29.27777777777778
2021-02-11,fitted,46.743064806809606
2021-02-11,counterfactual,34.36997996953738
2021-02-11,actual,51.94444444444444
2021-02-12,fitted,35.76704805000123
2021-02-12,counterfactual,26.222220600946233
2021-02-12,actual,31.27777777777778
2021-02-13,fitted,54.31820363334666
2021-02-13,counterfactual,39.8227976860029
2021-02-13,actual,47.27777777777778
2021-02-14,fitted,48.106277649470435
2021-02-14,counterfactual,35.26859200265303
2021-02-14,actual,46.166666666666664
2021-02-15,fitted,20.93997817487327
2021-02-15,counterfactual,15.351916275363555
2021-02-15,actual,25.166666666666668
2021-02-16,fitted,29.223493511101566
2021-02-16,counterfactual,21.424885064799163
2021-02-16,actual,31.61111111111111
2021-02-17,fitted,29.343508504478354
2021-02-17,counterfactual,21.512872746291553
2021-02-17,actual,25.22222222222222
2021-02-18,fitted,29.759366249857614
2021-02-18,counterfactual,21.817754309978433
2021-02-18,actual,28.77777777777778
2021-02-19,fitted,37.321843382355894
2021-02-19,counterfactual,27.282062150398062
2021-02-19,actual,30.833333333333332
2021-02-20,fitted,59.59065663691996
2021-02-20,counterfactual,43.56044210613831
2021-02-20,actual,54.05555555555556
2021-02-21,fitted,55.285564435515504
2021-02-21,counterfactual,40.413443395526926
2021-02-21,actual,58.27777777777778
2021-02-22,fitted,34.775417879615254
2021-02-22,counterfactual,25.42063911950956
2021-02-22,actual,43.77777777777778
2021-02-23,fitted,49.15488802146845
2021-02-23,counterfactual,35.93195267068583
2021-02-23,actual,49.94444444444444
2021-02-24,fitted,31.659821011831838
2021-02-24,counterfactual,23.143154952619852
2021-02-24,actual,29.444444444444443
2021-02-25,fitted,34.66996408147578
2021-02-25,counterfactual,25.343552973325345
2021-02-25,actual,32.333333333333336
2021-02-26,fitted,42.21296079059075
2021-02-26,counterfactual,30.77078243832377
2021-02-26,actual,37.27777777777778
2021-02-27,fitted,64.69331997645547
2021-02-27,counterfactual,47.1576510371689
2021-02-27,actual,56.55555555555556
2021-02-28,fitted,54.942024278283746
2021-02-28,counterfactual,40.04952612006815
2021-02-28,actual,46.5
2021-03-01,fitted,28.699536283548284
2021-03-01,counterfactual,20.92028539392783
2021-03-01,actual,30.444444444444443
2021-03-02,fitted,29.805375157189953
2021-03-02,counterfactual,21.72637733240786
2021-03-02,actual,25.38888888888889
2021-03-03,fitted,34.84109986859717
2021-03-03,counterfactual,25.397126472291475
2021-03-03,actual,30
2021-03-04,fitted,35.07959513468221
2021-03-04,counterfactual,25.57097558895682
2021-03-04,actual,32.388888888888886
2021-03-05,fitted,43.219753936250264
2021-03-05,counterfactual,31.41293699044703
2021-03-05,actual,38.166666666666664
2021-03-06,fitted,71.50806184109426
2021-03-06,counterfactual,51.973415772718255
2021-03-06,actual,63.833333333333336
2021-03-07,fitted,55.295898622611475
2021-03-07,counterfactual,40.190108019225576
2021-03-07,actual,48.72222222222222
2021-03-08,fitted,30.398932238049884
2021-03-08,counterfactual,22.09452058378787
2021-03-08,actual,31.88888888888889
2021-03-09,fitted,36.25197140978799
2021-03-09,counterfactual,26.348620479303893
2021-03-09,actual,29.944444444444443
2021-03-10,fitted,37.32312043012493
2021-03-10,counterfactual,27.127151905763483
2021-03-10,actual,33.94444444444444
2021-03-11,fitted,40.579311288255155
2021-03-11,counterfactual,29.49381318768999
2021-03-11,actual,36.27777777777778
2021-03-12,fitted,50.52146522052498
2021-03-12,counterfactual,36.61765043230435
2021-03-12,actual,43.388888888888886
2021-03-13,fitted,68.90359443900213
2021-03-13,counterfactual,49.94090578496569
2021-03-13,actual,61.388888888888886
2021-03-14,fitted,62.21698019565117
2021-03-14,counterfactual,45.09448848748775
2021-03-14,actual,59.22222222222222
2021-03-15,fitted,33.909445918211176
2021-03-15,counterfactual,24.577359970979977
2021-03-15,actual,37.22222222222222
2021-03-16,fitted,38.59328243222683
2021-03-16,counterfactual,27.972176162546212
2021-03-16,actual,35.44444444444444
2021-03-17,fitted,39.50474948982822
2021-03-17,counterfactual,28.632801937157513
2021-03-17,actual,34.94444444444444
2021-03-18,fitted,43.4058169050278
2021-03-18,counterfactual,31.460271851165434
2021-03-18,actual,40.166666666666664
2021-03-19,fitted,58.06201527545584
2021-03-19,counterfactual,41.97220455642415
2021-03-19,actual,50.611111111111114
2021-03-20,fitted,81.76317261103884
2021-03-20,counterfactual,59.10543390083462
2021-03-20,actual,67.83333333333333
2021-03-21,fitted,52.94379646314713
2021-03-21,counterfactual,38.27231701487743
2021-03-21,actual,53.27777777777778
2021-03-22,fitted,36.44070887180975
2021-03-22,counterfactual,26.342469852148877
2021-03-22,actual,41.94444444444444
2021-03-23,fitted,41.26184916953551
2021-03-23,counterfactual,29.82760356325696
2021-03-23,actual,39.94444444444444
2021-03-24,fitted,44.9780887097755
2021-03-24,counterfactual,32.51402024072908
2021-03-24,actual,42.22222222222222
2021-03-25,fitted,46.609597642643294
2021-03-25,counterfactual,33.693414830136405
2021-03-25,actual,47.333333333333336
2021-03-26,fitted,59.19065849791851
2021-03-26,counterfactual,42.67705690430966
2021-03-26,actual,54.77777777777778
2021-03-27,fitted,81.9956761266175
2021-03-27,counterfactual,59.11970274981931
2021-03-27,actual,79.44444444444444
2021-03-28,fitted,60.90583148279641
2021-03-28,counterfactual,43.91371378453241
2021-03-28,actual,59.94444444444444
2021-03-29,fitted,41.64625176657151
2021-03-29,counterfactual,30.02736414151701
2021-03-29,actual,42.94444444444444
2021-03-30,fitted,45.77748868035275
2021-03-30,counterfactual,33.006027284128024
2021-03-30,actual,44.888888888888886
2021-03-31,fitted,43.764905834965866
2021-03-31,counterfactual,31.554934919270593
2021-03-31,actual,36
2021-04-01,fitted,38.94979720717082
2021-04-01,counterfactual,28.08319342958823
2021-04-01,actual,38.05555555555556
2021-04-02,fitted,47.88741999593771
2021-04-02,counterfactual,34.482493919618776
2021-04-02,actual,44.44444444444444
2021-04-03,fitted,73.65610851789769
2021-04-03,counterfactual,53.03786076440641
2021-04-03,actual,67.55555555555556
2021-04-04,fitted,55.98793399466285
2021-04-04,counterfactual,40.3154647652087
2021-04-04,actual,55.388888888888886
2021-04-05,fitted,30.103932118889876
2021-04-05,counterfactual,21.67706375357659
2021-04-05,actual,34.72222222222222
2021-04-06,fitted,35.37503938693208
2021-04-06,counterfactual,25.472651912958366
2021-04-06,actual,41.44444444444444
2021-04-07,fitted,35.48394717893351
2021-04-07,counterfactual,25.551073600236766
2021-04-07,actual,36.333333333333336
2021-04-08,fitted,32.66138432621053
2021-04-08,counterfactual,23.51861901372908
2021-04-08,actual,34.72222222222222
2021-04-09,fitted,42.90668541835285
2021-04-09,counterfactual,30.824365754189824
2021-04-09,actual,35.72222222222222
2021-04-10,fitted,72.38230782358553
2021-04-10,counterfactual,51.99979231050577
2021-04-10,actual,65.5
2021-04-11,fitted,55.03387753202267
2021-04-11,counterfactual,39.53659793055813
2021-04-11,actual,54.111111111111114
2021-04-12,fitted,27.677790855643174
2021-04-12,counterfactual,19.88385586730478
2021-04-12,actual,30.27777777777778
2021-04-13,fitted,31.16083170586756
2021-04-13,counterfactual,22.386088888972267
2021-04-13,actual,30.5
2021-04-14,fitted,31.151070354867027
2021-04-14,counterfactual,22.379076288242057
2021-04-14,actual,27.11111111111111
2021-04-15,fitted,35.28193474370632
2021-04-15,counterfactual,25.346708804271255
2021-04-15,actual,32.44444444444444
2021-04-16,fitted,44.21151629229505
2021-04-16,counterfactual,31.69178322912643
2021-04-16,actual,33.77777777777778
2021-04-17,fitted,64.10710379211125
2021-04-17,counterfactual,45.95337611573299
2021-04-17,actual,53.77777777777778
2021-04-18,fitted,55.61657237521848
2021-04-18,counterfactual,39.86717723068949
2021-04-18,actual,52.5
2021-04-19,fitted,27.837768543707956
2021-04-19,counterfactual,19.954722213938986
2021-04-19,actual,27.61111111111111
2021-04-20,fitted,33.08601322396739
2021-04-20,counterfactual,23.71677895138648
2021-04-20,actual,29.22222222222222
2021-04-21,fitted,34.013087534506276
2021-04-21,counterfactual,24.381326122595137
2021-04-21,actual,28.666666666666668
2021-04-22,fitted,35.814645919180144
2021-04-22,counterfactual,25.672722631690867
2021-04-22,actual,39.333333333333336
2021-04-23,fitted,44.779080056458284
2021-04-23,counterfactual,32.047251360124775
2021-04-23,actual,37.5
2021-04-24,fitted,70.43445329596466
2021-04-24,counterfactual,50.40815100137809
2021-04-24,actual,62.611111111111114
2021-04-25,fitted,54.92376672630045
2021-04-25,counterfactual,39.30754619575412
2021-04-25,actual,52.611111111111114
2021-04-26,fitted,28.77666106960448
2021-04-26,counterfactual,20.594726140867316
2021-04-26,actual,32.55555555555556
2021-04-27,fitted,31.97065720580352
2021-04-27,counterfactual,22.880588130237836
2021-04-27,actual,28.11111111111111
2021-04-28,fitted,41.286942250292284
2021-04-28,counterfactual,29.548016942684885
2021-04-28,actual,35
2021-04-29,fitted,47.94817992597004
2021-04-29,counterfactual,34.31529572315167
2021-04-29,actual,43.833333333333336
2021-04-30,fitted,48.10674646673076
2021-04-30,counterfactual,34.39872639947845
2021-04-30,actual,40.833333333333336
