date,type,sales_per
2019-01-01,fitted,50181.48469476598
2019-01-01,counterfactual,50181.48469477204
2019-01-01,actual,85158.72222222222
2019-01-02,fitted,157327.7834834693
2019-01-02,counterfactual,157327.78348346901
2019-01-02,actual,186983.66666666663
2019-01-03,fitted,150511.00614450758
2019-01-03,counterfactual,150511.00614446908
2019-01-03,actual,163086
2019-01-04,fitted,154902.7307235151
2019-01-04,counterfactual,154902.73072355057
2019-01-04,actual,137496
2019-01-05,fitted,172887.15315197487
2019-01-05,counterfactual,172887.15315194876
2019-01-05,actual,155578.72222222222
2019-01-06,fitted,99337.52695426383
2019-01-06,counterfactual,99337.52695428042
2019-01-06,actual,101466.33333333331
2019-01-07,fitted,66195.17519847043
2019-01-07,counterfactual,66195.1751984776
2019-01-07,actual,100744.88888888888
2019-01-08,fitted,65866.12933904513
2019-01-08,counterfactual,65866.12933905602
2019-01-08,actual,56157.38888888889
2019-01-09,fitted,73313.92668991805
2019-01-09,counterfactual,73313.92668993655
2019-01-09,actual,68519.88888888889
2019-01-10,fitted,79578.92289332717
2019-01-10,counterfactual,79578.92289332053
2019-01-10,actual,84497.55555555556
2019-01-11,fitted,138615.46359823254
2019-01-11,counterfactual,138615.4635981929
2019-01-11,actual,120333.38888888888
2019-01-12,fitted,187143.51894894717
2019-01-12,counterfactual,187143.518949007
2019-01-12,actual,171848
2019-01-13,fitted,174481.2732058765
2019-01-13,counterfactual,174481.27320588424
2019-01-13,actual,158762.5
2019-01-14,fitted,96733.8508174753
2019-01-14,counterfactual,96733.85081752048
2019-01-14,actual,101502.94444444444
2019-01-15,fitted,64867.67650686313
2019-01-15,counterfactual,64867.67650686451
2019-01-15,actual,59148.666666666664
2019-01-16,fitted,85673.88726367301
2019-01-16,counterfactual,85673.88726368168
2019-01-16,actual,94673
2019-01-17,fitted,85827.27991420383
2019-01-17,counterfactual,85827.27991420901
2019-01-17,actual,80814.33333333333
2019-01-18,fitted,149045.05815407858
2019-01-18,counterfactual,149045.05815409528
2019-01-18,actual,147761.27777777778
2019-01-19,fitted,195020.71042410075
2019-01-19,counterfactual,195020.71042417837
2019-01-19,actual,193000.66666666663
2019-01-20,fitted,105269.39014784759
2019-01-20,counterfactual,105269.39014782105
2019-01-20,actual,104923.77777777778
2019-01-21,fitted,65269.681281828765
2019-01-21,counterfactual,65269.68128183201
2019-01-21,actual,70127
2019-01-22,fitted,76859.49893696314
2019-01-22,counterfactual,76859.49893696122
2019-01-22,actual,74548.55555555556
2019-01-23,fitted,86265.17993657748
2019-01-23,counterfactual,86265.17993657809
2019-01-23,actual,83390.16666666667
2019-01-24,fitted,89762.47669933471
2019-01-24,counterfactual,89762.47669935608
2019-01-24,actual,80749
2019-01-25,fitted,158128.27526226308
2019-01-25,counterfactual,158128.2752622895
2019-01-25,actual,148965.27777777778
2019-01-26,fitted,196312.015861353
2019-01-26,counterfactual,196312.0158613115
2019-01-26,actual,180092.83333333334
2019-01-27,fitted,118736.20715578632
2019-01-27,counterfactual,118736.2071557722
2019-01-27,actual,141088.33333333334
2019-01-28,fitted,65646.16537990925
2019-01-28,counterfactual,65646.16537991006
2019-01-28,actual,69490.94444444444
2019-01-29,fitted,83421.75322497747
2019-01-29,counterfactual,83421.75322497317
2019-01-29,actual,72352.11111111111
2019-01-30,fitted,89526.24892660131
2019-01-30,counterfactual,89526.24892661054
2019-01-30,actual,81367.55555555556
2019-01-31,fitted,85159.62651268549
2019-01-31,counterfactual,85159.62651268428
2019-01-31,actual,88388.44444444444
2019-02-01,fitted,135743.4615090173
2019-02-01,counterfactual,135743.46150903104
2019-02-01,actual,144166.61111111112
2019-02-02,fitted,182019.11570710942
2019-02-02,counterfactual,182019.1157070842
2019-02-02,actual,164609.5
2019-02-03,fitted,98850.73338509293
2019-02-03,counterfactual,98850.73338510435
2019-02-03,actual,108703.22222222222
2019-02-04,fitted,67048.31896200024
2019-02-04,counterfactual,67048.31896200166
2019-02-04,actual,80777.38888888889
2019-02-05,fitted,80880.56141067618
2019-02-05,counterfactual,80880.56141069069
2019-02-05,actual,62914.555555555555
2019-02-06,fitted,85354.69826734389
2019-02-06,counterfactual,85354.69826734632
2019-02-06,actual,72849.22222222222
2019-02-07,fitted,83262.44107046221
2019-02-07,counterfactual,83262.44107045821
2019-02-07,actual,63316.88888888889
2019-02-08,fitted,139061.9371685591
2019-02-08,counterfactual,139061.9371685776
2019-02-08,actual,110938.77777777778
2019-02-09,fitted,181295.99653033892
2019-02-09,counterfactual,181295.99653034247
2019-02-09,actual,185264.11111111112
2019-02-10,fitted,169347.80924230657
2019-02-10,counterfactual,169347.80924230718
2019-02-10,actual,173857.88888888888
2019-02-11,fitted,95627.33030627028
2019-02-11,counterfactual,95627.33030626568
2019-02-11,actual,102721.88888888888
2019-02-12,fitted,70574.5750733026
2019-02-12,counterfactual,70574.5750733075
2019-02-12,actual,53674.555555555555
2019-02-13,fitted,90193.29852738211
2019-02-13,counterfactual,90193.29852737891
2019-02-13,actual,97276.83333333331
2019-02-14,fitted,87513.20628046458
2019-02-14,counterfactual,87513.20628046365
2019-02-14,actual,88111.22222222222
2019-02-15,fitted,146168.36350365207
2019-02-15,counterfactual,146168.3635036604
2019-02-15,actual,120833.33333333331
2019-02-16,fitted,198776.71648206652
2019-02-16,counterfactual,198776.71648209053
2019-02-16,actual,169073.11111111112
2019-02-17,fitted,119097.87496287577
2019-02-17,counterfactual,119097.87496289184
2019-02-17,actual,120189.88888888888
2019-02-18,fitted,68841.24243796336
2019-02-18,counterfactual,68841.24243796813
2019-02-18,actual,79207.27777777778
2019-02-19,fitted,82218.44674592584
2019-02-19,counterfactual,82218.44674592219
2019-02-19,actual,81488.33333333333
2019-02-20,fitted,98677.2629152076
2019-02-20,counterfactual,98677.26291521268
2019-02-20,actual,95209.83333333331
2019-02-21,fitted,94215.24304897038
2019-02-21,counterfactual,94215.24304897056
2019-02-21,actual,80141.38888888889
2019-02-22,fitted,153516.94742677567
2019-02-22,counterfactual,153516.94742679395
2019-02-22,actual,155348.5
2019-02-23,fitted,200744.6336532099
2019-02-23,counterfactual,200744.63365320384
2019-02-23,actual,179503.66666666666
2019-02-24,fitted,119418.19419488074
2019-02-24,counterfactual,119418.19419487203
2019-02-24,actual,98579.22222222222
2019-02-25,fitted,74877.43902608634
2019-02-25,counterfactual,74877.4390261063
2019-02-25,actual,87453.33333333333
2019-02-26,fitted,89189.2205122441
2019-02-26,counterfactual,89189.2205122441
2019-02-26,actual,61875.333333333336
2019-02-27,fitted,100765.94896226344
2019-02-27,counterfactual,100765.94896227455
2019-02-27,actual,95408.5
2019-02-28,fitted,91132.48771398042
2019-02-28,counterfactual,91132.48771397799
2019-02-28,actual,82572.27777777778
2019-03-01,fitted,148522.94801192606
2019-03-01,counterfactual,148522.9480119424
2019-03-01,actual,126520.27777777778
2019-03-02,fitted,202775.67853683798
2019-03-02,counterfactual,202775.67853686176
2019-03-02,actual,192008.83333333337
2019-03-03,fitted,116103.90314221357
2019-03-03,counterfactual,116103.90314217769
2019-03-03,actual,118161.5
2019-03-04,fitted,65235.303658350116
2019-03-04,counterfactual,65235.303658367964
2019-03-04,actual,67107.66666666667
2019-03-05,fitted,87597.56911515817
2019-03-05,counterfactual,87597.56911515817
2019-03-05,actual,76820.83333333333
2019-03-06,fitted,94263.76627753195
2019-03-06,counterfactual,94263.76627753864
2019-03-06,actual,82410.16666666667
2019-03-07,fitted,99166.13706006209
2019-03-07,counterfactual,99166.13706007741
2019-03-07,actual,116865.27777777778
2019-03-08,fitted,158929.67454969877
2019-03-08,counterfactual,158929.67454968748
2019-03-08,actual,152335.05555555556
2019-03-09,fitted,203380.1661094921
2019-03-09,counterfactual,203380.16610950584
2019-03-09,actual,190061.16666666663
2019-03-10,fitted,126660.2858043491
2019-03-10,counterfactual,126660.28580434527
2019-03-10,actual,142033.83333333334
2019-03-11,fitted,77762.15412731322
2019-03-11,counterfactual,77762.1541273229
2019-03-11,actual,85503.16666666667
2019-03-12,fitted,97634.36855991399
2019-03-12,counterfactual,97634.36855992075
2019-03-12,actual,93416.27777777778
2019-03-13,fitted,104746.23048287658
2019-03-13,counterfactual,104746.23048287546
2019-03-13,actual,93254
2019-03-14,fitted,104689.45903648097
2019-03-14,counterfactual,104689.45903648618
2019-03-14,actual,100095.22222222222
2019-03-15,fitted,170660.0988971549
2019-03-15,counterfactual,170660.09889715823
2019-03-15,actual,154067.33333333334
2019-03-16,fitted,219746.80956035914
2019-03-16,counterfactual,219746.8095603357
2019-03-16,actual,227204.5
2019-03-17,fitted,128884.90756521083
2019-03-17,counterfactual,128884.90756520968
2019-03-17,actual,134897.77777777778
2019-03-18,fitted,89259.94062565599
2019-03-18,counterfactual,89259.9406256441
2019-03-18,actual,114049.55555555556
2019-03-19,fitted,109714.74489729929
2019-03-19,counterfactual,109714.74489730474
2019-03-19,actual,111939.05555555556
2019-03-20,fitted,174935.64574622532
2019-03-20,counterfactual,174935.6457462222
2019-03-20,actual,167658.66666666666
2019-03-21,fitted,126479.6493623248
2019-03-21,counterfactual,126479.64936233625
2019-03-21,actual,134401.05555555556
2019-03-22,fitted,166493.029755387
2019-03-22,counterfactual,166493.0297553861
2019-03-22,actual,139427.61111111112
2019-03-23,fitted,204982.26802363154
2019-03-23,counterfactual,204982.26802362097
2019-03-23,actual,180586.88888888888
2019-03-24,fitted,134764.30414554648
2019-03-24,counterfactual,134764.3041455374
2019-03-24,actual,161544.33333333334
2019-03-25,fitted,103011.12274841304
2019-03-25,counterfactual,103011.12274841945
2019-03-25,actual,137749.22222222222
2019-03-26,fitted,123998.30986657916
2019-03-26,counterfactual,123998.30986658247
2019-03-26,actual,131187.27777777778
2019-03-27,fitted,132318.56037095038
2019-03-27,counterfactual,132318.56037094473
2019-03-27,actual,149734.11111111112
2019-03-28,fitted,125697.12257158452
2019-03-28,counterfactual,125697.12257158964
2019-03-28,actual,117568.44444444444
2019-03-29,fitted,190844.1257329134
2019-03-29,counterfactual,190844.12573295104
2019-03-29,actual,155782.94444444444
2019-03-30,fitted,208918.24086824676
2019-03-30,counterfactual,208918.2408682505
2019-03-30,actual,198718.38888888888
2019-03-31,fitted,125779.05203256982
2019-03-31,counterfactual,125779.05203256669
2019-03-31,actual,147647.72222222222
2019-04-01,fitted,78104.87209963532
2019-04-01,counterfactual,78104.87209963935
2019-04-01,actual,92753.38888888888
2019-04-02,fitted,86368.15751868616
2019-04-02,counterfactual,86368.15751869536
2019-04-02,actual,93678
2019-04-03,fitted,92980.58806552658
2019-04-03,counterfactual,92980.58806552972
2019-04-03,actual,88721.44444444444
2019-04-04,fitted,92888.55268173698
2019-04-04,counterfactual,92888.55268173815
2019-04-04,actual,101079.44444444444
2019-04-05,fitted,152787.26260239095
2019-04-05,counterfactual,152787.26260239774
2019-04-05,actual,157423.66666666666
2019-04-06,fitted,193451.32339253035
2019-04-06,counterfactual,193451.32339255096
2019-04-06,actual,195973.33333333337
2019-04-07,fitted,114845.30606752026
2019-04-07,counterfactual,114845.30606753005
2019-04-07,actual,129275.38888888888
2019-04-08,fitted,73172.57684014946
2019-04-08,counterfactual,73172.5768401466
2019-04-08,actual,97133.38888888888
2019-04-09,fitted,80585.31181435994
2019-04-09,counterfactual,80585.31181437039
2019-04-09,actual,68467.72222222222
2019-04-10,fitted,90599.78567909292
2019-04-10,counterfactual,90599.78567909855
2019-04-10,actual,75985.77777777778
2019-04-11,fitted,93829.01841160156
2019-04-11,counterfactual,93829.01841160306
2019-04-11,actual,94211.66666666669
2019-04-12,fitted,169729.14214362745
2019-04-12,counterfactual,169729.14214360272
2019-04-12,actual,154091.38888888888
2019-04-13,fitted,202345.17078477438
2019-04-13,counterfactual,202345.17078479737
2019-04-13,actual,189625.77777777775
2019-04-14,fitted,113191.40675464328
2019-04-14,counterfactual,113191.40675465073
2019-04-14,actual,120282.66666666669
2019-04-15,fitted,74874.6634051232
2019-04-15,counterfactual,74874.66340512053
2019-04-15,actual,94203.5
2019-04-16,fitted,88932.01754022478
2019-04-16,counterfactual,88932.01754022163
2019-04-16,actual,77591.77777777778
2019-04-17,fitted,95625.90650809272
2019-04-17,counterfactual,95625.9065080985
2019-04-17,actual,91319.27777777778
2019-04-18,fitted,102074.20413384524
2019-04-18,counterfactual,102074.20413385793
2019-04-18,actual,104264.83333333331
2019-04-19,fitted,174302.98427743823
2019-04-19,counterfactual,174302.9842774469
2019-04-19,actual,162998.72222222222
2019-04-20,fitted,204833.1302325736
2019-04-20,counterfactual,204833.1302325947
2019-04-20,actual,198220.94444444444
2019-04-21,fitted,126522.06807572226
2019-04-21,counterfactual,126522.06807574967
2019-04-21,actual,168913.11111111112
2019-04-22,fitted,78040.77655331581
2019-04-22,counterfactual,78040.77655332301
2019-04-22,actual,106377.66666666669
2019-04-23,fitted,97406.1655064212
2019-04-23,counterfactual,97406.16550642413
2019-04-23,actual,106187.11111111112
2019-04-24,fitted,96476.43670806063
2019-04-24,counterfactual,96476.43670806475
2019-04-24,actual,97282.61111111112
2019-04-25,fitted,100350.73452688885
2019-04-25,counterfactual,100350.7345269006
2019-04-25,actual,85926.22222222222
2019-04-26,fitted,178592.24831147643
2019-04-26,counterfactual,178592.24831145548
2019-04-26,actual,174547.94444444444
2019-04-27,fitted,196963.79262000948
2019-04-27,counterfactual,196963.79262002034
2019-04-27,actual,178309.55555555556
2019-04-28,fitted,191906.79834631883
2019-04-28,counterfactual,191906.79834633518
2019-04-28,actual,206400.22222222225
2019-04-29,fitted,182478.41004745074
2019-04-29,counterfactual,182478.41004748674
2019-04-29,actual,201232.27777777775
2019-04-30,fitted,182541.1291728809
2019-04-30,counterfactual,182541.12917286955
2019-04-30,actual,172029.77777777778
2019-05-01,fitted,184279.95754658856
2019-05-01,counterfactual,184279.9575466213
2019-05-01,actual,195373.22222222225
2019-05-02,fitted,196666.03455156836
2019-05-02,counterfactual,196666.0345515893
2019-05-02,actual,196817.22222222225
2019-05-03,fitted,202642.6445010749
2019-05-03,counterfactual,202642.64450109936
2019-05-03,actual,207107.72222222225
2019-05-04,fitted,202840.65541644572
2019-05-04,counterfactual,202840.65541640823
2019-05-04,actual,196867.5
2019-05-05,fitted,172334.0487275968
2019-05-05,counterfactual,172334.048727613
2019-05-05,actual,175912.88888888888
2019-05-06,fitted,92730.25799899362
2019-05-06,counterfactual,92730.25799900499
2019-05-06,actual,106809.83333333331
2019-05-07,fitted,58646.014943376926
2019-05-07,counterfactual,58646.01494337838
2019-05-07,actual,66557.72222222222
2019-05-08,fitted,73537.94009097149
2019-05-08,counterfactual,73537.94009097606
2019-05-08,actual,71531.94444444444
2019-05-09,fitted,80327.2726954158
2019-05-09,counterfactual,80327.27269542564
2019-05-09,actual,84632.16666666667
2019-05-10,fitted,142888.22746370337
2019-05-10,counterfactual,142888.22746369397
2019-05-10,actual,156225.33333333334
2019-05-11,fitted,177156.88669177063
2019-05-11,counterfactual,177156.88669176117
2019-05-11,actual,185488.88888888888
2019-05-12,fitted,127094.58704937068
2019-05-12,counterfactual,127094.58704937925
2019-05-12,actual,133791.22222222222
2019-05-13,fitted,70954.55833366369
2019-05-13,counterfactual,70954.55833366685
2019-05-13,actual,90713.5
2019-05-14,fitted,79911.57896807037
2019-05-14,counterfactual,79911.5789680735
2019-05-14,actual,80277.38888888889
2019-05-15,fitted,93556.05169672018
2019-05-15,counterfactual,93556.05169671868
2019-05-15,actual,102948.44444444444
2019-05-16,fitted,89608.34849537382
2019-05-16,counterfactual,89608.34849537192
2019-05-16,actual,101495.55555555556
2019-05-17,fitted,151622.95454199318
2019-05-17,counterfactual,151622.9545419948
2019-05-17,actual,150901.94444444444
2019-05-18,fitted,186736.32894578236
2019-05-18,counterfactual,186736.32894576876
2019-05-18,actual,175709.16666666666
2019-05-19,fitted,117283.82192849128
2019-05-19,counterfactual,117283.82192850398
2019-05-19,actual,126101
2019-05-20,fitted,66022.45801230599
2019-05-20,counterfactual,66022.45801230997
2019-05-20,actual,77256.16666666667
2019-05-21,fitted,78863.19339571477
2019-05-21,counterfactual,78863.19339571884
2019-05-21,actual,64422.166666666664
2019-05-22,fitted,89994.59693043747
2019-05-22,counterfactual,89994.59693044052
2019-05-22,actual,85100
2019-05-23,fitted,87253.10714533439
2019-05-23,counterfactual,87253.10714533718
2019-05-23,actual,87096.61111111111
2019-05-24,fitted,155577.3760057765
2019-05-24,counterfactual,155577.37600582844
2019-05-24,actual,139719.44444444444
2019-05-25,fitted,201267.09597826662
2019-05-25,counterfactual,201267.09597828842
2019-05-25,actual,205787.77777777775
2019-05-26,fitted,114864.0695955497
2019-05-26,counterfactual,114864.06959555052
2019-05-26,actual,113570.88888888888
2019-05-27,fitted,75200.93114288854
2019-05-27,counterfactual,75200.93114289695
2019-05-27,actual,78696
2019-05-28,fitted,84293.1522891893
2019-05-28,counterfactual,84293.15228919708
2019-05-28,actual,90478
2019-05-29,fitted,96854.8802367548
2019-05-29,counterfactual,96854.88023676013
2019-05-29,actual,105822
2019-05-30,fitted,89959.81990639007
2019-05-30,counterfactual,89959.81990639213
2019-05-30,actual,89703.94444444444
2019-05-31,fitted,152932.98950609524
2019-05-31,counterfactual,152932.98950610094
2019-05-31,actual,134675.88888888888
2019-06-01,fitted,197232.53220397703
2019-06-01,counterfactual,197232.53220402607
2019-06-01,actual,191556.22222222225
2019-06-02,fitted,110489.34586803855
2019-06-02,counterfactual,110489.34586804995
2019-06-02,actual,101068.44444444444
2019-06-03,fitted,69880.75421956788
2019-06-03,counterfactual,69880.75421957197
2019-06-03,actual,76456.44444444444
2019-06-04,fitted,77257.37147669953
2019-06-04,counterfactual,77257.37147669664
2019-06-04,actual,69178.11111111111
2019-06-05,fitted,85232.50323481686
2019-06-05,counterfactual,85232.50323482686
2019-06-05,actual,76620.94444444444
2019-06-06,fitted,89299.77373543625
2019-06-06,counterfactual,89299.77373544053
2019-06-06,actual,97624.11111111112
2019-06-07,fitted,140684.6356222239
2019-06-07,counterfactual,140684.63562223164
2019-06-07,actual,122318.44444444444
2019-06-08,fitted,192588.09907588022
2019-06-08,counterfactual,192588.09907588502
2019-06-08,actual,204159.77777777775
2019-06-09,fitted,114525.88938618971
2019-06-09,counterfactual,114525.88938619073
2019-06-09,actual,131448.55555555556
2019-06-10,fitted,67371.00398308714
2019-06-10,counterfactual,67371.0039830936
2019-06-10,actual,84001.05555555556
2019-06-11,fitted,80006.39737934613
2019-06-11,counterfactual,80006.39737934954
2019-06-11,actual,66844.61111111111
2019-06-12,fitted,95522.12842366041
2019-06-12,counterfactual,95522.12842366823
2019-06-12,actual,100567.44444444444
2019-06-13,fitted,93740.48024503367
2019-06-13,counterfactual,93740.480245045
2019-06-13,actual,103145.16666666669
2019-06-14,fitted,155158.400105851
2019-06-14,counterfactual,155158.40010586893
2019-06-14,actual,128959.77777777778
2019-06-15,fitted,191706.9259469006
2019-06-15,counterfactual,191706.9259468982
2019-06-15,actual,196741.22222222225
2019-06-16,fitted,133789.10450280257
2019-06-16,counterfactual,133789.104502804
2019-06-16,actual,145779.05555555556
2019-06-17,fitted,71870.64339848289
2019-06-17,counterfactual,71870.64339848519
2019-06-17,actual,86419.94444444444
2019-06-18,fitted,82791.90428684806
2019-06-18,counterfactual,82791.90428685409
2019-06-18,actual,57778.11111111111
2019-06-19,fitted,97122.82811512737
2019-06-19,counterfactual,97122.82811513444
2019-06-19,actual,93227.72222222222
2019-06-20,fitted,98948.15066569885
2019-06-20,counterfactual,98948.15066570466
2019-06-20,actual,126402.44444444444
2019-06-21,fitted,164517.16679396515
2019-06-21,counterfactual,164517.1667939704
2019-06-21,actual,157697
2019-06-22,fitted,199783.8985313476
2019-06-22,counterfactual,199783.8985313444
2019-06-22,actual,179717.55555555556
2019-06-23,fitted,117805.59568061517
2019-06-23,counterfactual,117805.59568063504
2019-06-23,actual,136484
2019-06-24,fitted,70586.85233214124
2019-06-24,counterfactual,70586.85233214813
2019-06-24,actual,80125.38888888889
2019-06-25,fitted,92994.78180113676
2019-06-25,counterfactual,92994.78180114072
2019-06-25,actual,86729.77777777778
2019-06-26,fitted,103051.69445942696
2019-06-26,counterfactual,103051.69445942971
2019-06-26,actual,92215.72222222222
2019-06-27,fitted,96721.53271448871
2019-06-27,counterfactual,96721.53271449558
2019-06-27,actual,101677.55555555556
2019-06-28,fitted,175553.0743491574
2019-06-28,counterfactual,175553.07434918702
2019-06-28,actual,163147.61111111112
2019-06-29,fitted,209142.05832360068
2019-06-29,counterfactual,209142.05832361442
2019-06-29,actual,191474.11111111112
2019-06-30,fitted,120700.21638077729
2019-06-30,counterfactual,120700.2163807788
2019-06-30,actual,125859.33333333331
2019-07-01,fitted,66214.56059276169
2019-07-01,counterfactual,66214.56059276428
2019-07-01,actual,73125.94444444444
2019-07-02,fitted,79601.0700512378
2019-07-02,counterfactual,79601.07005124105
2019-07-02,actual,82353
2019-07-03,fitted,84617.61719320969
2019-07-03,counterfactual,84617.617193216
2019-07-03,actual,75768.11111111111
2019-07-04,fitted,87368.60277367025
2019-07-04,counterfactual,87368.6027736746
2019-07-04,actual,93374.22222222222
2019-07-05,fitted,158341.3853421708
2019-07-05,counterfactual,158341.385342177
2019-07-05,actual,148836.22222222222
2019-07-06,fitted,201077.5215387092
2019-07-06,counterfactual,201077.52153870743
2019-07-06,actual,192408.05555555556
2019-07-07,fitted,116706.03205045305
2019-07-07,counterfactual,116706.0320504572
2019-07-07,actual,115474
2019-07-08,fitted,69534.34444142912
2019-07-08,counterfactual,69534.3444414364
2019-07-08,actual,72445.05555555556
2019-07-09,fitted,82444.6166978739
2019-07-09,counterfactual,82444.6166978701
2019-07-09,actual,72709.33333333333
2019-07-10,fitted,95043.24197112306
2019-07-10,counterfactual,95043.24197113166
2019-07-10,actual,91936.88888888888
2019-07-11,fitted,91460.8662367338
2019-07-11,counterfactual,91460.86623673883
2019-07-11,actual,88631.38888888889
2019-07-12,fitted,160384.23126996955
2019-07-12,counterfactual,160384.2312699613
2019-07-12,actual,124835.61111111112
2019-07-13,fitted,205972.2560594538
2019-07-13,counterfactual,205972.25605946186
2019-07-13,actual,205802.38888888888
2019-07-14,fitted,183880.93663786014
2019-07-14,counterfactual,183880.93663787027
2019-07-14,actual,181620.16666666663
2019-07-15,fitted,106186.28629930042
2019-07-15,counterfactual,106186.28629930438
2019-07-15,actual,117026.55555555556
2019-07-16,fitted,72656.05370605717
2019-07-16,counterfactual,72656.05370606232
2019-07-16,actual,64683.444444444445
2019-07-17,fitted,92997.42571814857
2019-07-17,counterfactual,92997.42571815535
2019-07-17,actual,89185.33333333333
2019-07-18,fitted,89322.2101704636
2019-07-18,counterfactual,89322.21017046757
2019-07-18,actual,98918.94444444444
2019-07-19,fitted,170278.5863929392
2019-07-19,counterfactual,170278.58639294346
2019-07-19,actual,145586.44444444444
2019-07-20,fitted,198588.51628999086
2019-07-20,counterfactual,198588.51628999616
2019-07-20,actual,195596.16666666663
2019-07-21,fitted,119719.91099695375
2019-07-21,counterfactual,119719.91099696056
2019-07-21,actual,118790.22222222222
2019-07-22,fitted,74871.09669730278
2019-07-22,counterfactual,74871.09669731223
2019-07-22,actual,90193.77777777778
2019-07-23,fitted,94048.90177324042
2019-07-23,counterfactual,94048.90177324093
2019-07-23,actual,102216.77777777778
2019-07-24,fitted,109567.75034217855
2019-07-24,counterfactual,109567.75034218536
2019-07-24,actual,91987.5
2019-07-25,fitted,107846.53332470161
2019-07-25,counterfactual,107846.53332470199
2019-07-25,actual,112293
2019-07-26,fitted,183663.99104264105
2019-07-26,counterfactual,183663.9910426469
2019-07-26,actual,178521.33333333334
2019-07-27,fitted,193969.7768971988
2019-07-27,counterfactual,193969.77689719744
2019-07-27,actual,181576.38888888888
2019-07-28,fitted,123594.7298362762
2019-07-28,counterfactual,123594.72983628014
2019-07-28,actual,126844.5
2019-07-29,fitted,86295.6922799575
2019-07-29,counterfactual,86295.69227995703
2019-07-29,actual,127499.22222222222
2019-07-30,fitted,97943.54909972336
2019-07-30,counterfactual,97943.54909973014
2019-07-30,actual,87661.05555555556
2019-07-31,fitted,101890.27928056892
2019-07-31,counterfactual,101890.27928057453
2019-07-31,actual,98065.83333333331
2019-08-01,fitted,98608.54129505761
2019-08-01,counterfactual,98608.54129506515
2019-08-01,actual,94711.66666666669
2019-08-02,fitted,164589.24686973885
2019-08-02,counterfactual,164589.24686973827
2019-08-02,actual,144500.27777777778
2019-08-03,fitted,182942.98442548068
2019-08-03,counterfactual,182942.9844254823
2019-08-03,actual,180014.33333333334
2019-08-04,fitted,126930.13103754842
2019-08-04,counterfactual,126930.13103756645
2019-08-04,actual,143640.5
2019-08-05,fitted,81831.62108782501
2019-08-05,counterfactual,81831.62108782821
2019-08-05,actual,81912.72222222222
2019-08-06,fitted,100080.5928561661
2019-08-06,counterfactual,100080.59285617588
2019-08-06,actual,103525.72222222222
2019-08-07,fitted,110818.67453710278
2019-08-07,counterfactual,110818.67453710712
2019-08-07,actual,100131.66666666669
2019-08-08,fitted,117531.79120095212
2019-08-08,counterfactual,117531.79120096444
2019-08-08,actual,146989.77777777778
2019-08-09,fitted,175016.74561988193
2019-08-09,counterfactual,175016.74561989872
2019-08-09,actual,164295.38888888888
2019-08-10,fitted,200314.95211696252
2019-08-10,counterfactual,200314.95211694864
2019-08-10,actual,190443.5
2019-08-11,fitted,198491.8234798259
2019-08-11,counterfactual,198491.82347984106
2019-08-11,actual,226957.33333333337
2019-08-12,fitted,180032.4728895539
2019-08-12,counterfactual,180032.4728895859
2019-08-12,actual,194820.55555555556
2019-08-13,fitted,168616.7559655681
2019-08-13,counterfactual,168616.75596556868
2019-08-13,actual,206548.05555555556
2019-08-14,fitted,167660.9311196271
2019-08-14,counterfactual,167660.93111963186
2019-08-14,actual,188433.16666666663
2019-08-15,fitted,158567.3706942137
2019-08-15,counterfactual,158567.37069422638
2019-08-15,actual,165791.83333333334
2019-08-16,fitted,173088.6096298643
2019-08-16,counterfactual,173088.6096298889
2019-08-16,actual,183256.94444444444
2019-08-17,fitted,189697.43086964777
2019-08-17,counterfactual,189697.43086965889
2019-08-17,actual,182692.16666666663
2019-08-18,fitted,115804.22536438539
2019-08-18,counterfactual,115804.22536438498
2019-08-18,actual,141685.77777777778
2019-08-19,fitted,75775.53704552332
2019-08-19,counterfactual,75775.53704552386
2019-08-19,actual,95082.94444444444
2019-08-20,fitted,90562.22713983957
2019-08-20,counterfactual,90562.22713984842
2019-08-20,actual,103570.11111111112
2019-08-21,fitted,95098.04179968106
2019-08-21,counterfactual,95098.0417996912
2019-08-21,actual,92147.88888888888
2019-08-22,fitted,97643.60949592684
2019-08-22,counterfactual,97643.60949593186
2019-08-22,actual,106084.77777777778
2019-08-23,fitted,165196.20974692042
2019-08-23,counterfactual,165196.2097469292
2019-08-23,actual,157809.05555555556
2019-08-24,fitted,194805.7794398579
2019-08-24,counterfactual,194805.77943986
2019-08-24,actual,193755.77777777775
2019-08-25,fitted,123020.89245660976
2019-08-25,counterfactual,123020.89245661828
2019-08-25,actual,140634.16666666666
2019-08-26,fitted,82244.83274425595
2019-08-26,counterfactual,82244.83274426164
2019-08-26,actual,87136.77777777778
2019-08-27,fitted,96075.09604794711
2019-08-27,counterfactual,96075.09604794506
2019-08-27,actual,96010.16666666669
2019-08-28,fitted,101406.28842093221
2019-08-28,counterfactual,101406.28842094248
2019-08-28,actual,111548.22222222222
2019-08-29,fitted,98893.53036921886
2019-08-29,counterfactual,98893.53036922905
2019-08-29,actual,114367.5
2019-08-30,fitted,159919.0425845371
2019-08-30,counterfactual,159919.04258453936
2019-08-30,actual,148830.16666666666
2019-08-31,fitted,191540.03678911598
2019-08-31,counterfactual,191540.03678914253
2019-08-31,actual,187734.66666666663
2019-09-01,fitted,119758.35247866769
2019-09-01,counterfactual,119758.35247867492
2019-09-01,actual,142321.72222222222
2019-09-02,fitted,66745.29356931314
2019-09-02,counterfactual,66745.2935693167
2019-09-02,actual,71893.61111111111
2019-09-03,fitted,79911.1163623917
2019-09-03,counterfactual,79911.11636239495
2019-09-03,actual,87142.44444444444
2019-09-04,fitted,90411.54085605373
2019-09-04,counterfactual,90411.54085605871
2019-09-04,actual,122660.5
2019-09-05,fitted,87535.42349968762
2019-09-05,counterfactual,87535.423499692115
2019-09-05,actual,115405.38888888888
2019-09-06,fitted,141223.99769342394
2019-09-06,counterfactual,141223.9976934252
2019-09-06,actual,147411.88888888888
2019-09-07,fitted,178353.31008514762
2019-09-07,counterfactual,178353.31008515964
2019-09-07,actual,169612.61111111112
2019-09-08,fitted,106306.6091060297
2019-09-08,counterfactual,106306.60910603555
2019-09-08,actual,128038.22222222222
2019-09-09,fitted,67236.91806662823
2019-09-09,counterfactual,67236.91806663062
2019-09-09,actual,85298.61111111111
2019-09-10,fitted,84386.39134626226
2019-09-10,counterfactual,84386.39134626616
2019-09-10,actual,88751.83333333333
2019-09-11,fitted,88842.5443157586
2019-09-11,counterfactual,88842.54431576397
2019-09-11,actual,88485.66666666667
2019-09-12,fitted,90184.57445216658
2019-09-12,counterfactual,90184.57445217458
2019-09-12,actual,107356.33333333331
2019-09-13,fitted,140998.67306823918
2019-09-13,counterfactual,140998.67306825295
2019-09-13,actual,121528.38888888888
2019-09-14,fitted,193811.045071811
2019-09-14,counterfactual,193811.04507182786
2019-09-14,actual,189494.44444444444
2019-09-15,fitted,170892.62986105031
2019-09-15,counterfactual,170892.62986105517
2019-09-15,actual,190278.05555555556
2019-09-16,fitted,100813.33296494582
2019-09-16,counterfactual,100813.33296494313
2019-09-16,actual,118005.05555555556
2019-09-17,fitted,73975.70912221688
2019-09-17,counterfactual,73975.70912222004
2019-09-17,actual,92312.88888888888
2019-09-18,fitted,91396.06946007832
2019-09-18,counterfactual,91396.06946008417
2019-09-18,actual,114877.05555555556
2019-09-19,fitted,87650.9873558508
2019-09-19,counterfactual,87650.98735585874
2019-09-19,actual,92733.94444444444
2019-09-20,fitted,145387.8271540889
2019-09-20,counterfactual,145387.8271540923
2019-09-20,actual,156797.11111111112
2019-09-21,fitted,181461.16758938297
2019-09-21,counterfactual,181461.1675893817
2019-09-21,actual,166675.16666666666
2019-09-22,fitted,167421.22135073
2019-09-22,counterfactual,167421.2213507273
2019-09-22,actual,182341
2019-09-23,fitted,96336.10501782899
2019-09-23,counterfactual,96336.105017836
2019-09-23,actual,115253.61111111112
2019-09-24,fitted,79253.62464172434
2019-09-24,counterfactual,79253.62464173349
2019-09-24,actual,100012.22222222222
2019-09-25,fitted,92708.49368187445
2019-09-25,counterfactual,92708.49368188251
2019-09-25,actual,96343.33333333331
2019-09-26,fitted,99140.15983653978
2019-09-26,counterfactual,99140.15983654454
2019-09-26,actual,116919
2019-09-27,fitted,153610.22935595288
2019-09-27,counterfactual,153610.22935596187
2019-09-27,actual,132353.83333333334
2019-09-28,fitted,201116.30033009558
2019-09-28,counterfactual,201116.3003300895
2019-09-28,actual,212688.5
2019-09-29,fitted,118522.14725564633
2019-09-29,counterfactual,118522.1472556497
2019-09-29,actual,122880.88888888888
2019-09-30,fitted,79605.14144266093
2019-09-30,counterfactual,79605.14144266503
2019-09-30,actual,73399.44444444444
2019-10-01,fitted,79343.25591913686
2019-10-01,counterfactual,79343.25591914462
2019-10-01,actual,79090.5
2019-10-02,fitted,85108.84540283988
2019-10-02,counterfactual,85108.84540284275
2019-10-02,actual,84692.44444444444
2019-10-03,fitted,89683.60112848852
2019-10-03,counterfactual,89683.60112849218
2019-10-03,actual,105060.22222222222
2019-10-04,fitted,139487.1472541617
2019-10-04,counterfactual,139487.14725415898
2019-10-04,actual,138185.55555555556
2019-10-05,fitted,181041.06072603964
2019-10-05,counterfactual,181041.06072603833
2019-10-05,actual,166929.88888888888
2019-10-06,fitted,116605.28523728788
2019-10-06,counterfactual,116605.2852372941
2019-10-06,actual,130757.66666666669
2019-10-07,fitted,69242.11256439594
2019-10-07,counterfactual,69242.11256439815
2019-10-07,actual,86106.22222222222
2019-10-08,fitted,80970.5158139135
2019-10-08,counterfactual,80970.51581391609
2019-10-08,actual,85434.5
2019-10-09,fitted,91506.51594239449
2019-10-09,counterfactual,91506.5159423987
2019-10-09,actual,98457.66666666669
2019-10-10,fitted,95538.56384619769
2019-10-10,counterfactual,95538.56384620193
2019-10-10,actual,97574
2019-10-11,fitted,116530.59788892942
2019-10-11,counterfactual,116530.59788893812
2019-10-11,actual,93221.83333333331
2019-10-12,fitted,13469.398777201186
2019-10-12,counterfactual,13469.398777202023
2019-10-12,actual,9860.5
2019-10-13,fitted,125320.1478297816
2019-10-13,counterfactual,125320.14782979363
2019-10-13,actual,120904.83333333331
2019-10-14,fitted,92031.93527081677
2019-10-14,counterfactual,92031.9352708171
2019-10-14,actual,115381.38888888888
2019-10-15,fitted,69599.8572879242
2019-10-15,counterfactual,69599.857287929015
2019-10-15,actual,65563.77777777778
2019-10-16,fitted,80027.90980941615
2019-10-16,counterfactual,80027.90980942026
2019-10-16,actual,64743.166666666664
2019-10-17,fitted,85984.59015529127
2019-10-17,counterfactual,85984.59015529264
2019-10-17,actual,95946.16666666669
2019-10-18,fitted,131231.16853032034
2019-10-18,counterfactual,131231.16853033574
2019-10-18,actual,119316.5
2019-10-19,fitted,183876.3409232376
2019-10-19,counterfactual,183876.34092324285
2019-10-19,actual,180590.5
2019-10-20,fitted,121700.49984567869
2019-10-20,counterfactual,121700.49984568454
2019-10-20,actual,125400.61111111112
2019-10-21,fitted,120224.15098630752
2019-10-21,counterfactual,120224.15098632182
2019-10-21,actual,122005.83333333331
2019-10-22,fitted,94205.65051233792
2019-10-22,counterfactual,94205.65051233993
2019-10-22,actual,102246.94444444444
2019-10-23,fitted,79087.06140995292
2019-10-23,counterfactual,79087.06140995503
2019-10-23,actual,86449.22222222222
2019-10-24,fitted,87728.27163413017
2019-10-24,counterfactual,87728.27163413579
2019-10-24,actual,79579.05555555556
2019-10-25,fitted,130771.72656141735
2019-10-25,counterfactual,130771.72656142803
2019-10-25,actual,137012.88888888888
2019-10-26,fitted,196167.07474855357
2019-10-26,counterfactual,196167.07474855636
2019-10-26,actual,210631.77777777775
2019-10-27,fitted,122179.0048112781
2019-10-27,counterfactual,122179.00481127766
2019-10-27,actual,141177.94444444444
2019-10-28,fitted,74661.3604628764
2019-10-28,counterfactual,74661.36046288011
2019-10-28,actual,82536.38888888889
2019-10-29,fitted,81038.46694579111
2019-10-29,counterfactual,81038.4669457973
2019-10-29,actual,93682.44444444444
2019-10-30,fitted,93536.73287744418
2019-10-30,counterfactual,93536.73287744934
2019-10-30,actual,101958.83333333331
2019-10-31,fitted,92929.16750929905
2019-10-31,counterfactual,92929.16750930417
2019-10-31,actual,96945.66666666669
2019-11-01,fitted,131951.69008896465
2019-11-01,counterfactual,131951.69008896372
2019-11-01,actual,113255.88888888888
2019-11-02,fitted,192764.73340152972
2019-11-02,counterfactual,192764.73340151363
2019-11-02,actual,190563.38888888888
2019-11-03,fitted,172444.68402074368
2019-11-03,counterfactual,172444.68402074673
2019-11-03,actual,185245.83333333337
2019-11-04,fitted,109043.9361717352
2019-11-04,counterfactual,109043.93617174198
2019-11-04,actual,126113.55555555556
2019-11-05,fitted,67754.00820763424
2019-11-05,counterfactual,67754.00820763844
2019-11-05,actual,84734.88888888889
2019-11-06,fitted,84535.4294130894
2019-11-06,counterfactual,84535.4294130957
2019-11-06,actual,86420.77777777778
2019-11-07,fitted,86522.12618752022
2019-11-07,counterfactual,86522.12618752375
2019-11-07,actual,97047.22222222222
2019-11-08,fitted,133333.98721317571
2019-11-08,counterfactual,133333.98721317927
2019-11-08,actual,122057.38888888888
2019-11-09,fitted,189855.53374456908
2019-11-09,counterfactual,189855.53374455762
2019-11-09,actual,197748.22222222225
2019-11-10,fitted,127289.09282876986
2019-11-10,counterfactual,127289.09282878072
2019-11-10,actual,159229.22222222222
2019-11-11,fitted,71090.83556349088
2019-11-11,counterfactual,71090.83556349642
2019-11-11,actual,94085.72222222222
2019-11-12,fitted,81788.79403751565
2019-11-12,counterfactual,81788.79403751768
2019-11-12,actual,79532.16666666667
2019-11-13,fitted,87924.5984849296
2019-11-13,counterfactual,87924.5984849338
2019-11-13,actual,87146.11111111111
2019-11-14,fitted,94629.26812240192
2019-11-14,counterfactual,94629.2681224009
2019-11-14,actual,117298.83333333331
2019-11-15,fitted,137719.77397024777
2019-11-15,counterfactual,137719.77397025854
2019-11-15,actual,124334.66666666669
2019-11-16,fitted,209824.32470698413
2019-11-16,counterfactual,209824.32470702028
2019-11-16,actual,212684.11111111112
2019-11-17,fitted,125001.50267846289
2019-11-17,counterfactual,125001.50267847089
2019-11-17,actual,157717.88888888888
2019-11-18,fitted,71186.08760229035
2019-11-18,counterfactual,71186.08760229276
2019-11-18,actual,96214
2019-11-19,fitted,85459.05351419223
2019-11-19,counterfactual,85459.05351419846
2019-11-19,actual,90260.83333333331
2019-11-20,fitted,94273.76050855615
2019-11-20,counterfactual,94273.76050855983
2019-11-20,actual,110163.44444444444
2019-11-21,fitted,96166.93258628523
2019-11-21,counterfactual,96166.93258629103
2019-11-21,actual,120498.66666666669
2019-11-22,fitted,158108.6061345019
2019-11-22,counterfactual,158108.6061345095
2019-11-22,actual,145907.27777777778
2019-11-23,fitted,222987.42743815394
2019-11-23,counterfactual,222987.42743814166
2019-11-23,actual,248904.55555555556
2019-11-24,fitted,120392.1973340939
2019-11-24,counterfactual,120392.19733409818
2019-11-24,actual,126603.11111111112
2019-11-25,fitted,74787.97514452536
2019-11-25,counterfactual,74787.97514452644
2019-11-25,actual,100164.5
2019-11-26,fitted,85559.7392406859
2019-11-26,counterfactual,85559.73924069
2019-11-26,actual,86095.44444444444
2019-11-27,fitted,91238.32174249401
2019-11-27,counterfactual,91238.32174249984
2019-11-27,actual,83165.44444444444
2019-11-28,fitted,92020.70289609232
2019-11-28,counterfactual,92020.70289609641
2019-11-28,actual,114608.88888888888
2019-11-29,fitted,165078.20691231775
2019-11-29,counterfactual,165078.2069123371
2019-11-29,actual,143261.61111111112
2019-11-30,fitted,229371.8985454777
2019-11-30,counterfactual,229371.89854550624
2019-11-30,actual,260995.22222222225
2019-12-01,fitted,117481.224998194
2019-12-01,counterfactual,117481.22499820193
2019-12-01,actual,123025
2019-12-02,fitted,66731.06105428742
2019-12-02,counterfactual,66731.0610542912
2019-12-02,actual,79401.5
2019-12-03,fitted,81207.45128285955
2019-12-03,counterfactual,81207.45128286142
2019-12-03,actual,68080.05555555556
2019-12-04,fitted,89874.94592047123
2019-12-04,counterfactual,89874.94592047555
2019-12-04,actual,89556.22222222222
2019-12-05,fitted,94104.37714932136
2019-12-05,counterfactual,94104.37714932437
2019-12-05,actual,103923.88888888888
2019-12-06,fitted,191233.8265467492
2019-12-06,counterfactual,191233.8265467536
2019-12-06,actual,165456.66666666666
2019-12-07,fitted,243305.40391569465
2019-12-07,counterfactual,243305.40391571625
2019-12-07,actual,233797.61111111112
2019-12-08,fitted,128635.5525277582
2019-12-08,counterfactual,128635.55252776119
2019-12-08,actual,149142.5
2019-12-09,fitted,78750.61024453578
2019-12-09,counterfactual,78750.61024454181
2019-12-09,actual,103616.77777777778
2019-12-10,fitted,101135.88427899967
2019-12-10,counterfactual,101135.88427900021
2019-12-10,actual,100300.83333333331
2019-12-11,fitted,113398.8919122783
2019-12-11,counterfactual,113398.89191228634
2019-12-11,actual,106844.55555555556
2019-12-12,fitted,106851.67485963818
2019-12-12,counterfactual,106851.67485964065
2019-12-12,actual,89930.38888888889
2019-12-13,fitted,221927.51670648603
2019-12-13,counterfactual,221927.51670652386
2019-12-13,actual,207367.27777777775
2019-12-14,fitted,258042.73989774086
2019-12-14,counterfactual,258042.73989775736
2019-12-14,actual,235904.44444444444
2019-12-15,fitted,136045.4527225749
2019-12-15,counterfactual,136045.4527225812
2019-12-15,actual,144332.11111111112
2019-12-16,fitted,92563.50090917663
2019-12-16,counterfactual,92563.5009091837
2019-12-16,actual,88533.27777777778
2019-12-17,fitted,112681.1469514313
2019-12-17,counterfactual,112681.1469514313
2019-12-17,actual,117191.83333333331
2019-12-18,fitted,130235.46351718402
2019-12-18,counterfactual,130235.4635171875
2019-12-18,actual,131176.16666666666
2019-12-19,fitted,125090.23987246075
2019-12-19,counterfactual,125090.23987246341
2019-12-19,actual,127922.16666666669
2019-12-20,fitted,221698.99608577465
2019-12-20,counterfactual,221698.9960858093
2019-12-20,actual,212482.77777777775
2019-12-21,fitted,250895.81844284286
2019-12-21,counterfactual,250895.81844285133
2019-12-21,actual,251020.5
2019-12-22,fitted,130245.66582731273
2019-12-22,counterfactual,130245.66582732058
2019-12-22,actual,144580.94444444444
2019-12-23,fitted,102040.66218951425
2019-12-23,counterfactual,102040.66218951062
2019-12-23,actual,115929.83333333331
2019-12-24,fitted,109997.85854480213
2019-12-24,counterfactual,109997.85854481132
2019-12-24,actual,105932.66666666669
2019-12-25,fitted,123708.69825580537
2019-12-25,counterfactual,123708.69825581899
2019-12-25,actual,137973.66666666666
2019-12-26,fitted,144453.29853464488
2019-12-26,counterfactual,144453.29853465027
2019-12-26,actual,132099.77777777778
2019-12-27,fitted,228754.15042155844
2019-12-27,counterfactual,228754.15042157998
2019-12-27,actual,180573
2019-12-28,fitted,251977.5614239765
2019-12-28,counterfactual,251977.56142400112
2019-12-28,actual,245947.22222222225
2019-12-29,fitted,228858.82747843734
2019-12-29,counterfactual,228858.8274784682
2019-12-29,actual,255201.05555555556
2019-12-30,fitted,224554.1867001501
2019-12-30,counterfactual,224554.1867001585
2019-12-30,actual,218418.61111111112
2019-12-31,fitted,87177.67940056355
2019-12-31,counterfactual,87177.67940056571
2019-12-31,actual,103586.77777777778
2020-01-01,fitted,46123.44688697874
2020-01-01,counterfactual,46123.44688698128
2020-01-01,actual,87528.27777777778
2020-01-02,fitted,160885.6834230905
2020-01-02,counterfactual,160885.6834230922
2020-01-02,actual,189260.5
2020-01-03,fitted,183004.76210284122
2020-01-03,counterfactual,183004.76210285327
2020-01-03,actual,189119.88888888888
2020-01-04,fitted,184967.97939520373
2020-01-04,counterfactual,184967.97939519485
2020-01-04,actual,158220.77777777778
2020-01-05,fitted,100363.79482462603
2020-01-05,counterfactual,100363.79482463656
2020-01-05,actual,98980.27777777778
2020-01-06,fitted,67512.13431686064
2020-01-06,counterfactual,67512.13431686387
2020-01-06,actual,64080.833333333336
2020-01-07,fitted,64411.63900960075
2020-01-07,counterfactual,64411.63900960247
2020-01-07,actual,54773.166666666664
2020-01-08,fitted,70038.32044308304
2020-01-08,counterfactual,70038.32044308564
2020-01-08,actual,76449
2020-01-09,fitted,75887.4875136724
2020-01-09,counterfactual,75887.48751367618
2020-01-09,actual,65027.5
2020-01-10,fitted,132288.07877981997
2020-01-10,counterfactual,132288.07877983456
2020-01-10,actual,104011.88888888888
2020-01-11,fitted,181742.44632647798
2020-01-11,counterfactual,181742.4463264757
2020-01-11,actual,152195.66666666666
2020-01-12,fitted,180511.7681893877
2020-01-12,counterfactual,180511.76818939057
2020-01-12,actual,172231.38888888888
2020-01-13,fitted,94536.75459987078
2020-01-13,counterfactual,94536.75459987581
2020-01-13,actual,92965.55555555556
2020-01-14,fitted,69747.21704469147
2020-01-14,counterfactual,69747.21704469383
2020-01-14,actual,60144.11111111111
2020-01-15,fitted,90920.95979616027
2020-01-15,counterfactual,90920.959796163
2020-01-15,actual,96263.83333333331
2020-01-16,fitted,85809.45245450902
2020-01-16,counterfactual,85809.45245451314
2020-01-16,actual,85769.44444444444
2020-01-17,fitted,149182.71835505607
2020-01-17,counterfactual,149182.71835505925
2020-01-17,actual,133552.61111111112
2020-01-18,fitted,196335.7379971923
2020-01-18,counterfactual,196335.73799720625
2020-01-18,actual,181554.5
2020-01-19,fitted,114601.99787395647
2020-01-19,counterfactual,114601.99787396399
2020-01-19,actual,112207
2020-01-20,fitted,70170.96590953958
2020-01-20,counterfactual,70170.96590954256
2020-01-20,actual,74600.5
2020-01-21,fitted,82345.61857508593
2020-01-21,counterfactual,82345.61857508797
2020-01-21,actual,76288.5
2020-01-22,fitted,90287.64347083594
2020-01-22,counterfactual,90287.64347084124
2020-01-22,actual,96105.5
2020-01-23,fitted,87366.13110813513
2020-01-23,counterfactual,87366.131108137
2020-01-23,actual,78174.38888888889
2020-01-24,fitted,165206.68017734145
2020-01-24,counterfactual,165206.68017734936
2020-01-24,actual,145082.38888888888
2020-01-25,fitted,220052.34852835364
2020-01-25,counterfactual,220052.3485283548
2020-01-25,actual,217492.22222222225
2020-01-26,fitted,111513.9671983258
2020-01-26,counterfactual,111513.96719833491
2020-01-26,actual,98261.27777777778
2020-01-27,fitted,69553.14046836857
2020-01-27,counterfactual,69553.14046837264
2020-01-27,actual,78624.38888888889
2020-01-28,fitted,78490.64550119895
2020-01-28,counterfactual,78490.64550120354
2020-01-28,actual,56241.22222222222
2020-01-29,fitted,91043.17873403536
2020-01-29,counterfactual,91043.17873404248
2020-01-29,actual,77910.05555555556
2020-01-30,fitted,89047.06205279475
2020-01-30,counterfactual,89047.06205279933
2020-01-30,actual,85462.27777777778
2020-01-31,fitted,155351.32746108007
2020-01-31,counterfactual,155351.3274610853
2020-01-31,actual,124855.88888888888
2020-02-01,fitted,189715.1788747055
2020-02-01,counterfactual,189715.17887470854
2020-02-01,actual,151660.44444444444
2020-02-02,fitted,110840.19502488653
2020-02-02,counterfactual,110840.19502488771
2020-02-02,actual,113713.16666666669
2020-02-03,fitted,65780.39313362066
2020-02-03,counterfactual,65780.39313362347
2020-02-03,actual,66047.38888888889
2020-02-04,fitted,75735.9721768022
2020-02-04,counterfactual,75735.97217680595
2020-02-04,actual,65525.055555555555
2020-02-05,fitted,83050.94598261411
2020-02-05,counterfactual,83050.94598261913
2020-02-05,actual,71679.88888888889
2020-02-06,fitted,82482.41379822965
2020-02-06,counterfactual,82482.41379823479
2020-02-06,actual,75217.83333333333
2020-02-07,fitted,138596.9816560954
2020-02-07,counterfactual,138596.98165610697
2020-02-07,actual,117915.94444444444
2020-02-08,fitted,200382.65350994206
2020-02-08,counterfactual,200382.65350997765
2020-02-08,actual,211291.66666666663
2020-02-09,fitted,118404.74962169546
2020-02-09,counterfactual,118404.74962170389
2020-02-09,actual,129599.33333333331
2020-02-10,fitted,116229.32323722332
2020-02-10,counterfactual,116229.32323722827
2020-02-10,actual,114618.11111111112
2020-02-11,fitted,100540.14575254796
2020-02-11,counterfactual,100540.14575254833
2020-02-11,actual,96088.22222222222
2020-02-12,fitted,83481.73124215436
2020-02-12,counterfactual,83481.73124215526
2020-02-12,actual,95625.27777777778
2020-02-13,fitted,86276.32652662283
2020-02-13,counterfactual,86276.32652662604
2020-02-13,actual,83321.5
2020-02-14,fitted,136845.74755803024
2020-02-14,counterfactual,136845.7475580283
2020-02-14,actual,117926.05555555556
2020-02-15,fitted,190789.6702765483
2020-02-15,counterfactual,190789.67027656184
2020-02-15,actual,168970.44444444444
2020-02-16,fitted,103560.26453934153
2020-02-16,counterfactual,103560.2645393408
2020-02-16,actual,91624.38888888888
2020-02-17,fitted,66620.46039958704
2020-02-17,counterfactual,66620.46039958882
2020-02-17,actual,75105.05555555556
2020-02-18,fitted,83062.68117557754
2020-02-18,counterfactual,83062.6811755793
2020-02-18,actual,72524.5
2020-02-19,fitted,90027.37693570968
2020-02-19,counterfactual,90027.37693571608
2020-02-19,actual,86890.38888888889
2020-02-20,fitted,90378.87415557099
2020-02-20,counterfactual,90378.87415557726
2020-02-20,actual,77384.72222222222
2020-02-21,fitted,142810.60409385653
2020-02-21,counterfactual,142810.60409386616
2020-02-21,actual,116190.61111111112
2020-02-22,fitted,196201.6264505243
2020-02-22,counterfactual,196201.62645053194
2020-02-22,actual,165627.72222222222
2020-02-23,fitted,169968.54356396868
2020-02-23,counterfactual,169968.54356396626
2020-02-23,actual,165128.27777777778
2020-02-24,fitted,98312.70798247002
2020-02-24,counterfactual,98312.70798247508
2020-02-24,actual,110636.66666666669
2020-02-25,fitted,77043.11770437931
2020-02-25,counterfactual,77043.11770438286
2020-02-25,actual,89984
2020-02-26,fitted,90104.49400272292
2020-02-26,counterfactual,90104.49400272644
2020-02-26,actual,93474.16666666669
2020-02-27,fitted,77273.73006907817
2020-02-27,counterfactual,77273.73006908325
2020-02-27,actual,58717.11111111111
2020-02-28,fitted,125479.73037409059
2020-02-28,counterfactual,125479.7303740955
2020-02-28,actual,120452.44444444444
2020-02-29,fitted,164629.6858721432
2020-02-29,counterfactual,164629.6858721514
2020-02-29,actual,151924
2020-03-01,fitted,100673.47573871702
2020-03-01,counterfactual,100673.47573872095
2020-03-01,actual,104749.83333333331
2020-03-02,fitted,56183.58488048302
2020-03-02,counterfactual,56183.584880486116
2020-03-02,actual,59092.11111111111
2020-03-03,fitted,68492.00934808975
2020-03-03,counterfactual,68492.00934809413
2020-03-03,actual,67424.72222222222
2020-03-04,fitted,65247.94893734635
2020-03-04,counterfactual,65247.94893734949
2020-03-04,actual,59549.333333333336
2020-03-05,fitted,74158.85570492953
2020-03-05,counterfactual,74158.85570493323
2020-03-05,actual,88346.11111111111
2020-03-06,fitted,106669.613997531
2020-03-06,counterfactual,106669.61399753536
2020-03-06,actual,85978.5
2020-03-07,fitted,153006.38437509257
2020-03-07,counterfactual,153006.3843751021
2020-03-07,actual,127074.66666666669
2020-03-08,fitted,91164.50305847175
2020-03-08,counterfactual,91164.50305847386
2020-03-08,actual,95214.61111111112
2020-03-09,fitted,59702.70208452977
2020-03-09,counterfactual,59702.7020845321
2020-03-09,actual,64780.055555555555
2020-03-10,fitted,66206.97985128667
2020-03-10,counterfactual,66206.97985128973
2020-03-10,actual,43667.88888888889
2020-03-11,fitted,77487.7684728443
2020-03-11,counterfactual,77487.7684728476
2020-03-11,actual,66147.77777777778
2020-03-12,fitted,79470.50155686645
2020-03-12,counterfactual,79470.50155687408
2020-03-12,actual,77834.05555555556
2020-03-13,fitted,124472.34186145986
2020-03-13,counterfactual,124472.3418614623
2020-03-13,actual,91839.83333333331
2020-03-14,fitted,162533.64908998957
2020-03-14,counterfactual,162533.64908998436
2020-03-14,actual,174282.38888888888
2020-03-15,fitted,108083.17993270376
2020-03-15,counterfactual,108083.17993271086
2020-03-15,actual,114387.83333333331
2020-03-16,fitted,64692.837518295615
2020-03-16,counterfactual,64692.83751829872
2020-03-16,actual,74935.44444444444
2020-03-17,fitted,80151.81590684953
2020-03-17,counterfactual,80151.81590685123
2020-03-17,actual,81880.94444444444
2020-03-18,fitted,86652.35609674786
2020-03-18,counterfactual,86652.35609675248
2020-03-18,actual,77525.5
2020-03-19,fitted,133501.93216717878
2020-03-19,counterfactual,133501.932167193
2020-03-19,actual,133974.44444444444
2020-03-20,fitted,160187.47765776
2020-03-20,counterfactual,160187.477657762
2020-03-20,actual,177545.05555555556
2020-03-21,fitted,179516.54940078815
2020-03-21,counterfactual,179516.54940080122
2020-03-21,actual,169557.61111111112
2020-03-22,fitted,108912.05243617289
2020-03-22,counterfactual,108912.05243617328
2020-03-22,actual,113698.55555555556
2020-03-23,fitted,68829.45573490235
2020-03-23,counterfactual,68829.45573490456
2020-03-23,actual,74017.16666666667
2020-03-24,fitted,85337.77593202979
2020-03-24,counterfactual,85337.77593203358
2020-03-24,actual,69289.16666666667
2020-03-25,fitted,96279.32687590549
2020-03-25,counterfactual,96279.32687590465
2020-03-25,actual,98927.44444444444
2020-03-26,fitted,95849.64907971109
2020-03-26,counterfactual,95849.64907971774
2020-03-26,actual,114374.88888888888
2020-03-27,fitted,133543.2441687668
2020-03-27,counterfactual,133543.2441687713
2020-03-27,actual,125945.11111111112
2020-03-28,fitted,148836.1712034572
2020-03-28,counterfactual,148836.17120347676
2020-03-28,actual,135634.22222222222
2020-03-29,fitted,77125.20589714414
2020-03-29,counterfactual,77125.20589714688
2020-03-29,actual,81604.38888888889
2020-03-30,fitted,61372.41514199039
2020-03-30,counterfactual,61372.41514199355
2020-03-30,actual,71915.61111111111
2020-03-31,fitted,64370.23970627964
2020-03-31,counterfactual,64370.239706283064
2020-03-31,actual,51650.055555555555
2020-04-01,fitted,46458.52540999288
2020-04-01,counterfactual,46458.525409995105
2020-04-01,actual,35336.5
2020-04-02,fitted,46962.08749566299
2020-04-02,counterfactual,46962.08749566524
2020-04-02,actual,34929.944444444445
2020-04-03,fitted,66575.37331051736
2020-04-03,counterfactual,66575.3733105208
2020-04-03,actual,52285.333333333336
2020-04-04,fitted,88730.4549963487
2020-04-04,counterfactual,88730.45499635057
2020-04-04,actual,75030.61111111111
2020-04-05,fitted,56631.434760337565
2020-04-05,counterfactual,56631.434760340286
2020-04-05,actual,46465.944444444445
2020-04-06,fitted,34991.63089241728
2020-04-06,counterfactual,34991.63089241908
2020-04-06,actual,32615.666666666668
2020-04-07,fitted,37707.44966105113
2020-04-07,counterfactual,37707.449661052735
2020-04-07,actual,27481.055555555555
2020-04-08,fitted,40546.008366969756
2020-04-08,counterfactual,40546.00836697198
2020-04-08,actual,43212.666666666664
2020-04-09,fitted,34366.80053523677
2020-04-09,counterfactual,34366.800535238115
2020-04-09,actual,28825
2020-04-10,fitted,51106.49873899865
2020-04-10,counterfactual,51106.49873900155
2020-04-10,actual,35439.944444444445
2020-04-11,fitted,61284.42024542054
2020-04-11,counterfactual,61284.42024542337
2020-04-11,actual,46572.88888888889
2020-04-12,fitted,39148.20413775639
2020-04-12,counterfactual,39148.20413775833
2020-04-12,actual,49301.77777777778
2020-04-13,fitted,20586.075404774183
2020-04-13,counterfactual,20586.075404775318
2020-04-13,actual,24287.333333333332
2020-04-14,fitted,27951.453478146537
2020-04-14,counterfactual,27951.45347814763
2020-04-14,actual,21471.833333333332
2020-04-15,fitted,34469.122925942116
2020-04-15,counterfactual,34469.122925943586
2020-04-15,actual,33470.555555555555
2020-04-16,fitted,30748.71507717684
2020-04-16,counterfactual,30748.715077177225
2020-04-16,actual,26151.5
2020-04-17,fitted,38497.188198555006
2020-04-17,counterfactual,38497.18819855542
2020-04-17,actual,29514.333333333332
2020-04-18,fitted,43802.04553919779
2020-04-18,counterfactual,43802.045539198174
2020-04-18,actual,43342.5
2020-04-19,fitted,36864.64931278532
2020-04-19,counterfactual,36864.64931278571
2020-04-19,actual,33731.38888888889
2020-04-20,fitted,18639.561487750925
2020-04-20,counterfactual,18639.56148775063
2020-04-20,actual,17713.833333333332
2020-04-21,fitted,23264.900755247396
2020-04-21,counterfactual,23264.90075524789
2020-04-21,actual,19500.88888888889
2020-04-22,fitted,26799.185638105024
2020-04-22,counterfactual,26799.18563810474
2020-04-22,actual,27455.666666666668
2020-04-23,fitted,29208.635232419034
2020-04-23,counterfactual,29208.635232419758
2020-04-23,actual,33510.944444444445
2020-04-24,fitted,39436.975595294985
2020-04-24,counterfactual,39436.97559529527
2020-04-24,actual,51832.5
2020-04-25,fitted,49543.51226606669
2020-04-25,counterfactual,49543.51226606669
2020-04-25,actual,47893.72222222222
2020-04-26,fitted,37162.529104501955
2020-04-26,counterfactual,37162.52910450241
2020-04-26,actual,58393.833333333336
2020-04-27,fitted,20744.878578148575
2020-04-27,counterfactual,20744.8785781485
2020-04-27,actual,28247.88888888889
2020-04-28,fitted,28661.873888930633
2020-04-28,counterfactual,28661.873888930735
2020-04-28,actual,23289.5
2020-04-29,fitted,36027.79340276191
2020-04-29,counterfactual,36027.7934027623
2020-04-29,actual,50917.333333333336
2020-04-30,fitted,28935.34029714916
2020-04-30,counterfactual,28935.340297149727
2020-04-30,actual,34174.944444444445
2020-05-01,fitted,37162.398862342925
2020-05-01,counterfactual,37162.39886234325
2020-05-01,actual,34781.22222222222
2020-05-02,fitted,47142.783293805565
2020-05-02,counterfactual,47142.783293805645
2020-05-02,actual,50861.27777777778
2020-05-03,fitted,44450.84687511101
2020-05-03,counterfactual,44450.846875111325
2020-05-03,actual,48906.555555555555
2020-05-04,fitted,44736.02794842937
2020-05-04,counterfactual,44736.027948429924
2020-05-04,actual,67501.5
2020-05-05,fitted,52245.79777638125
2020-05-05,counterfactual,52245.79777638088
2020-05-05,actual,54257.38888888889
2020-05-06,fitted,36904.327828641675
2020-05-06,counterfactual,36904.327828642
2020-05-06,actual,42655.11111111111
2020-05-07,fitted,28769.436303496645
2020-05-07,counterfactual,28769.436303496954
2020-05-07,actual,33009.77777777778
2020-05-08,fitted,40602.121326285815
2020-05-08,counterfactual,40602.12132628646
2020-05-08,actual,31810.11111111111
2020-05-09,fitted,59492.628272974536
2020-05-09,counterfactual,59492.62827297538
2020-05-09,actual,53064.22222222222
2020-05-10,fitted,57522.525608224256
2020-05-10,counterfactual,57522.52560822354
2020-05-10,actual,61942
2020-05-11,fitted,26164.259492654146
2020-05-11,counterfactual,26164.25949265498
2020-05-11,actual,28239
2020-05-12,fitted,28041.220745320115
2020-05-12,counterfactual,28041.220745320268
2020-05-12,actual,17426.777777777777
2020-05-13,fitted,33231.718819026755
2020-05-13,counterfactual,33231.71881902711
2020-05-13,actual,34074.77777777778
2020-05-14,fitted,37637.43376040326
2020-05-14,counterfactual,37637.4337604038
2020-05-14,actual,31197.722222222223
2020-05-15,fitted,51793.355610786646
2020-05-15,counterfactual,51793.35561078904
2020-05-15,actual,43217.72222222222
2020-05-16,fitted,74570.17898514908
2020-05-16,counterfactual,74570.17898515292
2020-05-16,actual,77171.44444444444
2020-05-17,fitted,57239.31479268214
2020-05-17,counterfactual,57239.31479268468
2020-05-17,actual,61241.72222222222
2020-05-18,fitted,31072.82039617049
2020-05-18,counterfactual,31072.820396171872
2020-05-18,actual,37684.11111111111
2020-05-19,fitted,34076.17345924038
2020-05-19,counterfactual,34076.173459242134
2020-05-19,actual,18873.944444444445
2020-05-20,fitted,38846.29081418569
2020-05-20,counterfactual,38846.29081418769
2020-05-20,actual,35611.38888888889
2020-05-21,fitted,40196.264102257446
2020-05-21,counterfactual,40196.26410225945
2020-05-21,actual,34022.88888888889
2020-05-22,fitted,56631.117842317915
2020-05-22,counterfactual,56631.11784232033
2020-05-22,actual,34715.38888888889
2020-05-23,fitted,86604.90034991867
2020-05-23,counterfactual,86604.90034992374
2020-05-23,actual,68619.83333333333
2020-05-24,fitted,64110.014498045435
2020-05-24,counterfactual,64110.014498048506
2020-05-24,actual,71508.11111111111
2020-05-25,fitted,36344.24461250237
2020-05-25,counterfactual,36344.24461250353
2020-05-25,actual,42222.055555555555
2020-05-26,fitted,40295.10576648152
2020-05-26,counterfactual,40295.1057664836
2020-05-26,actual,26326.11111111111
2020-05-27,fitted,47246.17059230238
2020-05-27,counterfactual,47246.17059230447
2020-05-27,actual,36629.166666666664
2020-05-28,fitted,50290.30031575014
2020-05-28,counterfactual,50290.3003157529
2020-05-28,actual,46144.72222222222
2020-05-29,fitted,76856.883676803
2020-05-29,counterfactual,76856.88367680751
2020-05-29,actual,55358.88888888889
2020-05-30,fitted,114546.72242387116
2020-05-30,counterfactual,114546.72242387767
2020-05-30,actual,100022
2020-05-31,fitted,70099.04039593093
2020-05-31,counterfactual,70099.04039593355
2020-05-31,actual,65858.83333333333
2020-06-01,fitted,39400.08514969491
2020-06-01,counterfactual,39400.08514969694
2020-06-01,actual,35916.555555555555
2020-06-02,fitted,46399.912647284305
2020-06-02,counterfactual,46399.9126472867
2020-06-02,actual,39914.11111111111
2020-06-03,fitted,51185.03194939937
2020-06-03,counterfactual,51185.03194940182
2020-06-03,actual,49424.5
2020-06-04,fitted,54595.056649646576
2020-06-04,counterfactual,54595.0566496491
2020-06-04,actual,52364.22222222222
2020-06-05,fitted,86981.61061901641
2020-06-05,counterfactual,86981.6106190212
2020-06-05,actual,62007.88888888889
2020-06-06,fitted,126720.77091181159
2020-06-06,counterfactual,126720.77091181767
2020-06-06,actual,117555.11111111112
2020-06-07,fitted,81540.4226060813
2020-06-07,counterfactual,81540.42260608477
2020-06-07,actual,79256.11111111111
2020-06-08,fitted,44386.13996180189
2020-06-08,counterfactual,44386.13996180363
2020-06-08,actual,52762.38888888889
2020-06-09,fitted,54185.701419155484
2020-06-09,counterfactual,54185.70141915828
2020-06-09,actual,38289.61111111111
2020-06-10,fitted,62451.592847337866
2020-06-10,counterfactual,62451.59284734153
2020-06-10,actual,50222.27777777778
2020-06-11,fitted,56779.00906091786
2020-06-11,counterfactual,56779.00906092058
2020-06-11,actual,58167.5
2020-06-12,fitted,98021.11745803991
2020-06-12,counterfactual,98021.11745804461
2020-06-12,actual,83556.94444444444
2020-06-13,fitted,137182.17502545548
2020-06-13,counterfactual,137182.1750254577
2020-06-13,actual,121098.44444444444
2020-06-14,fitted,85832.42434244814
2020-06-14,counterfactual,85832.42434245042
2020-06-14,actual,82560.55555555556
2020-06-15,fitted,48425.19294095848
2020-06-15,counterfactual,48425.19294096097
2020-06-15,actual,48983.11111111111
2020-06-16,fitted,60867.20974789881
2020-06-16,counterfactual,60867.209747901616
2020-06-16,actual,52682.166666666664
2020-06-17,fitted,66693.99860558685
2020-06-17,counterfactual,66693.99860558969
2020-06-17,actual,65376.11111111111
2020-06-18,fitted,65310.687942805314
2020-06-18,counterfactual,65310.6879428081
2020-06-18,actual,60138.27777777778
2020-06-19,fitted,110153.5070722602
2020-06-19,counterfactual,110153.50707226136
2020-06-19,actual,87474.66666666667
2020-06-20,fitted,171727.54318856105
2020-06-20,counterfactual,171727.54318857327
2020-06-20,actual,167529.11111111112
2020-06-21,fitted,116027.66751877147
2020-06-21,counterfactual,116027.66751877312
2020-06-21,actual,138066.16666666666
2020-06-22,fitted,52220.43573229268
2020-06-22,counterfactual,52220.43573229537
2020-06-22,actual,67554.27777777778
2020-06-23,fitted,60618.52938376529
2020-06-23,counterfactual,60618.529383768415
2020-06-23,actual,48758.72222222222
2020-06-24,fitted,75599.62596335825
2020-06-24,counterfactual,75599.6259633612
2020-06-24,actual,73405.94444444444
2020-06-25,fitted,73382.16489910489
2020-06-25,counterfactual,73382.16489910815
2020-06-25,actual,75587.33333333333
2020-06-26,fitted,131094.03598076382
2020-06-26,counterfactual,131094.03598076568
2020-06-26,actual,112390.11111111112
2020-06-27,fitted,177470.83333537725
2020-06-27,counterfactual,177470.83333538388
2020-06-27,actual,157369.55555555556
2020-06-28,fitted,97743.33848912279
2020-06-28,counterfactual,97743.33848912748
2020-06-28,actual,119577.88888888888
2020-06-29,fitted,55776.860178982104
2020-06-29,counterfactual,55776.860178984876
2020-06-29,actual,58029.61111111111
2020-06-30,fitted,64422.12681515317
2020-06-30,counterfactual,64422.126815156145
2020-06-30,actual,60221.77777777778
2020-07-01,fitted,68083.03797543199
2020-07-01,counterfactual,68083.03797543513
2020-07-01,actual,78704
2020-07-02,fitted,75532.85570796323
2020-07-02,counterfactual,75532.85570796832
2020-07-02,actual,84015.05555555556
2020-07-03,fitted,116062.68463930862
2020-07-03,counterfactual,116062.68463931521
2020-07-03,actual,91725.77777777778
2020-07-04,fitted,159097.36715737527
2020-07-04,counterfactual,159097.36715738458
2020-07-04,actual,148615.61111111112
2020-07-05,fitted,98210.67135626929
2020-07-05,counterfactual,98210.67135627104
2020-07-05,actual,110543.61111111112
2020-07-06,fitted,51969.08280050139
2020-07-06,counterfactual,51969.08280050398
2020-07-06,actual,56602.77777777778
2020-07-07,fitted,63874.96720518506
2020-07-07,counterfactual,63874.967205188346
2020-07-07,actual,60295.27777777778
2020-07-08,fitted,67810.5577246111
2020-07-08,counterfactual,67810.55772461496
2020-07-08,actual,62415.333333333336
2020-07-09,fitted,67504.77624263115
2020-07-09,counterfactual,67504.77624263415
2020-07-09,actual,67016.05555555556
2020-07-10,fitted,122573.10334685938
2020-07-10,counterfactual,122573.1033468646
2020-07-10,actual,105196.72222222222
2020-07-11,fitted,165381.00927048674
2020-07-11,counterfactual,165381.00927049026
2020-07-11,actual,163315.88888888888
2020-07-12,fitted,104151.17894737625
2020-07-12,counterfactual,104151.17894738402
2020-07-12,actual,121787.83333333331
2020-07-13,fitted,58504.28194148841
2020-07-13,counterfactual,58504.281941491216
2020-07-13,actual,64059.38888888889
2020-07-14,fitted,61808.24424438121
2020-07-14,counterfactual,61808.24424438407
2020-07-14,actual,51321.166666666664
2020-07-15,fitted,71691.23704864396
2020-07-15,counterfactual,71691.23704864804
2020-07-15,actual,62268.38888888889
2020-07-16,fitted,76209.7996568415
2020-07-16,counterfactual,76209.79965684528
2020-07-16,actual,71453.38888888889
2020-07-17,fitted,117226.65154002575
2020-07-17,counterfactual,113408.55362568589
2020-07-17,actual,97923.38888888888
2020-07-18,fitted,160962.77689501457
2020-07-18,counterfactual,155720.1837246388
2020-07-18,actual,156623.66666666666
2020-07-19,fitted,102558.45001589913
2020-07-19,counterfactual,99218.09866269052
2020-07-19,actual,115941.11111111112
2020-07-20,fitted,56106.61250253431
2020-07-20,counterfactual,54279.207749754045
2020-07-20,actual,73065.16666666667
2020-07-21,fitted,68786.37926009121
2020-07-21,counterfactual,66545.99170540304
2020-07-21,actual,63318.444444444445
2020-07-22,fitted,110420.64665395365
2020-07-22,counterfactual,106824.22182093603
2020-07-22,actual,95222.16666666669
2020-07-23,fitted,153260.25114872042
2020-07-23,counterfactual,148268.5309419742
2020-07-23,actual,176801.77777777778
2020-07-24,fitted,154958.35584758027
2020-07-24,counterfactual,149911.32799598546
2020-07-24,actual,178226.16666666666
2020-07-25,fitted,163671.41168656704
2020-07-25,counterfactual,158340.59768319904
2020-07-25,actual,170954.55555555556
2020-07-26,fitted,95742.1584069114
2020-07-26,counterfactual,92623.81517586319
2020-07-26,actual,108026.38888888888
2020-07-27,fitted,55813.01367799276
2020-07-27,counterfactual,53995.171503729776
2020-07-27,actual,80783.55555555556
2020-07-28,fitted,64838.27038338989
2020-07-28,counterfactual,62726.473606222244
2020-07-28,actual,59364.055555555555
2020-07-29,fitted,68660.51701980055
2020-07-29,counterfactual,66424.22882605808
2020-07-29,actual,64785.61111111111
2020-07-30,fitted,66943.70131231393
2020-07-30,counterfactual,64763.33018509087
2020-07-30,actual,71153.38888888889
2020-07-31,fitted,106856.80368526738
2020-07-31,counterfactual,100542.57431553074
2020-07-31,actual,96358.16666666669
2020-08-01,fitted,140222.60795003298
2020-08-01,counterfactual,131936.77420914892
2020-08-01,actual,142318.33333333334
2020-08-02,fitted,93722.60423249025
2020-08-02,counterfactual,88184.48218650535
2020-08-02,actual,94004.11111111112
2020-08-03,fitted,55730.646739510215
2020-08-03,counterfactual,52437.49109287973
2020-08-03,actual,65273.77777777778
2020-08-04,fitted,66871.47511038267
2020-08-04,counterfactual,62920.00157217738
2020-08-04,actual,66276.55555555556
2020-08-05,fitted,73099.72635980492
2020-08-05,counterfactual,68780.22190915448
2020-08-05,actual,77166.22222222222
2020-08-06,fitted,76354.92185848027
2020-08-06,counterfactual,71843.0660524365
2020-08-06,actual,80266.16666666667
2020-08-07,fitted,110707.93763629832
2020-08-07,counterfactual,102578.09761041944
2020-08-07,actual,106349
2020-08-08,fitted,147005.4522656043
2020-08-08,counterfactual,136210.10339208937
2020-08-08,actual,156308.88888888888
2020-08-09,fitted,137201.3949941916
2020-08-09,counterfactual,127126.00729892032
2020-08-09,actual,164160.27777777778
2020-08-10,fitted,109625.07875876573
2020-08-10,counterfactual,101574.75850024304
2020-08-10,actual,122307.11111111112
2020-08-11,fitted,91298.06332649647
2020-08-11,counterfactual,84593.58788088596
2020-08-11,actual,98699.94444444444
2020-08-12,fitted,123000.74499180182
2020-08-12,counterfactual,113968.1823662379
2020-08-12,actual,134653.5
2020-08-13,fitted,137331.01944642467
2020-08-13,counterfactual,127246.1127764279
2020-08-13,actual,161073
2020-08-14,fitted,161467.70479544144
2020-08-14,counterfactual,148773.03272604028
2020-08-14,actual,166169.55555555556
2020-08-15,fitted,161930.86256703114
2020-08-15,counterfactual,149199.77680095684
2020-08-15,actual,176563.88888888888
2020-08-16,fitted,106942.30776080406
2020-08-16,counterfactual,98534.44979882069
2020-08-16,actual,127083.66666666669
2020-08-17,fitted,56983.75308755393
2020-08-17,counterfactual,52503.66179223099
2020-08-17,actual,68230.5
2020-08-18,fitted,68143.28274341434
2020-08-18,counterfactual,62785.82362020739
2020-08-18,actual,66133
2020-08-19,fitted,74271.0156050627
2020-08-19,counterfactual,68431.79104581292
2020-08-19,actual,93817.83333333331
2020-08-20,fitted,75701.94699237862
2020-08-20,counterfactual,69750.22188858494
2020-08-20,actual,87977
2020-08-21,fitted,107803.15700108265
2020-08-21,counterfactual,98800.94655271053
2020-08-21,actual,96295.22222222222
2020-08-22,fitted,139626.7798742424
2020-08-22,counterfactual,127967.10596836681
2020-08-22,actual,136087
2020-08-23,fitted,97445.00160064493
2020-08-23,counterfactual,89307.75927904676
2020-08-23,actual,111652
2020-08-24,fitted,58795.093594220314
2020-08-24,counterfactual,53885.35049772014
2020-08-24,actual,57747.666666666664
2020-08-25,fitted,68245.04333985792
2020-08-25,counterfactual,62546.17273815938
2020-08-25,actual,70939.05555555556
2020-08-26,fitted,70958.93750507088
2020-08-26,counterfactual,65033.4404567127
2020-08-26,actual,76371.22222222222
2020-08-27,fitted,75129.70043883636
2020-08-27,counterfactual,68855.91966016305
2020-08-27,actual,85998.16666666667
2020-08-28,fitted,105301.22951530477
2020-08-28,counterfactual,96284.03952024506
2020-08-28,actual,100720.55555555556
2020-08-29,fitted,156671.6036936117
2020-08-29,counterfactual,143255.44868917047
2020-08-29,actual,158640.83333333334
2020-08-30,fitted,106936.93881262213
2020-08-30,counterfactual,97779.67921364236
2020-08-30,actual,141264.38888888888
2020-08-31,fitted,57579.06950427562
2020-08-31,counterfactual,52648.439426653116
2020-08-31,actual,69508.83333333333
2020-09-01,fitted,65777.654105002
2020-09-01,counterfactual,60144.96009730422
2020-09-01,actual,88896.38888888889
2020-09-02,fitted,68117.6222158642
2020-09-02,counterfactual,62284.551278712046
2020-09-02,actual,75007
2020-09-03,fitted,69992.22951064432
2020-09-03,counterfactual,63998.63157659966
2020-09-03,actual,80181.66666666667
2020-09-04,fitted,100280.16558900548
2020-09-04,counterfactual,91170.64966502998
2020-09-04,actual,83079.77777777778
2020-09-05,fitted,149903.57762495364
2020-09-05,counterfactual,136286.2384491062
2020-09-05,actual,142406.61111111112
2020-09-06,fitted,101719.81913282878
2020-09-06,counterfactual,92479.52413798151
2020-09-06,actual,129001.44444444444
2020-09-07,fitted,57606.52526455735
2020-09-07,counterfactual,52373.51077819181
2020-09-07,actual,71576
2020-09-08,fitted,65210.00083727914
2020-09-08,counterfactual,59286.28164973524
2020-09-08,actual,65854.22222222222
2020-09-09,fitted,75916.55176414855
2020-09-09,counterfactual,69020.24247779173
2020-09-09,actual,85582.61111111111
2020-09-10,fitted,77535.90447168048
2020-09-10,counterfactual,70492.49212472214
2020-09-10,actual,82690
2020-09-11,fitted,116768.29761711476
2020-09-11,counterfactual,105629.3585187093
2020-09-11,actual,118761.83333333331
2020-09-12,fitted,160874.6490644412
2020-09-12,counterfactual,145528.24978506542
2020-09-12,actual,168652.5
2020-09-13,fitted,108203.25336850897
2020-09-13,counterfactual,97881.36400198661
2020-09-13,actual,115052.05555555556
2020-09-14,fitted,61073.62330548592
2020-09-14,counterfactual,55247.59531328833
2020-09-14,actual,61397.555555555555
2020-09-15,fitted,71313.0989498937
2020-09-15,counterfactual,64510.291318614625
2020-09-15,actual,63572.22222222222
2020-09-16,fitted,79229.73643881845
2020-09-16,counterfactual,71671.73287976785
2020-09-16,actual,90389.11111111112
2020-09-17,fitted,84109.46993974464
2020-09-17,counterfactual,76085.97141851239
2020-09-17,actual,90297.05555555556
2020-09-18,fitted,119533.34625442984
2020-09-18,counterfactual,107712.12945742355
2020-09-18,actual,121178.44444444444
2020-09-19,fitted,186972.2597585023
2020-09-19,counterfactual,168481.69049989246
2020-09-19,actual,192610.55555555556
2020-09-20,fitted,175471.76113914922
2020-09-20,counterfactual,158118.53047025367
2020-09-20,actual,194374.83333333337
2020-09-21,fitted,175838.468037148
2020-09-21,counterfactual,158448.97199228467
2020-09-21,actual,233452.22222222225
2020-09-22,fitted,115339.93860499458
2020-09-22,counterfactual,103933.42768292128
2020-09-22,actual,148376.72222222222
2020-09-23,fitted,63115.97807297177
2020-09-23,counterfactual,56874.14109998509
2020-09-23,actual,72166.94444444444
2020-09-24,fitted,74610.56618345535
2020-09-24,counterfactual,67231.97513887181
2020-09-24,actual,94627.66666666669
2020-09-25,fitted,118830.97879205104
2020-09-25,counterfactual,106707.33552072415
2020-09-25,actual,100879.72222222222
2020-09-26,fitted,165961.3414432271
2020-09-26,counterfactual,149029.25756290028
2020-09-26,actual,168212.05555555556
2020-09-27,fitted,109513.8567606474
2020-09-27,counterfactual,98340.78601655402
2020-09-27,actual,135664.11111111112
2020-09-28,fitted,67476.42970122483
2020-09-28,counterfactual,60592.19655565743
2020-09-28,actual,69123.66666666667
2020-09-29,fitted,82087.08999443514
2020-09-29,counterfactual,73712.2149711863
2020-09-29,actual,79560.55555555556
2020-09-30,fitted,85672.0880990476
2020-09-30,counterfactual,76931.45627912336
2020-09-30,actual,80797.77777777778
2020-10-01,fitted,78457.45869010434
2020-10-01,counterfactual,70452.89413292512
2020-10-01,actual,73967.38888888889
2020-10-02,fitted,121339.7957633661
2020-10-02,counterfactual,108439.56199542106
2020-10-02,actual,110307.72222222222
2020-10-03,fitted,178974.17379697927
2020-10-03,counterfactual,159946.54427213315
2020-10-03,actual,181035
2020-10-04,fitted,112483.48216093454
2020-10-04,counterfactual,100524.80689055678
2020-10-04,actual,121190.94444444444
2020-10-05,fitted,62631.67717351789
2020-10-05,counterfactual,55972.99383114364
2020-10-05,actual,72825.38888888889
2020-10-06,fitted,74703.20910347038
2020-10-06,counterfactual,66761.14150242033
2020-10-06,actual,70828.33333333333
2020-10-07,fitted,78244.14276869677
2020-10-07,counterfactual,69925.6209981742
2020-10-07,actual,74093.27777777778
2020-10-08,fitted,79530.97110283907
2020-10-08,counterfactual,71075.64024816292
2020-10-08,actual,89412.61111111111
2020-10-09,fitted,120218.65667175391
2020-10-09,counterfactual,106986.47170422757
2020-10-09,actual,105409.94444444444
2020-10-10,fitted,159148.90896316883
2020-10-10,counterfactual,141631.76263095796
2020-10-10,actual,155807.5
2020-10-11,fitted,117925.49409379534
2020-10-11,counterfactual,104945.7121411792
2020-10-11,actual,127922.16666666669
2020-10-12,fitted,61781.71656106303
2020-10-12,counterfactual,54981.54823628042
2020-10-12,actual,63485.055555555555
2020-10-13,fitted,78249.60824066807
2020-10-13,counterfactual,69636.85778626992
2020-10-13,actual,81833.22222222222
2020-10-14,fitted,89083.49929885658
2020-10-14,counterfactual,79278.28792059903
2020-10-14,actual,109631.83333333331
2020-10-15,fitted,87594.4567728698
2020-10-15,counterfactual,77953.14080547236
2020-10-15,actual,88187.55555555556
2020-10-16,fitted,141027.1269986799
2020-10-16,counterfactual,125061.52444009569
2020-10-16,actual,128652.44444444444
2020-10-17,fitted,183788.58938776888
2020-10-17,counterfactual,162981.9854710922
2020-10-17,actual,190017.05555555556
2020-10-18,fitted,130926.21139846837
2020-10-18,counterfactual,116104.12787329886
2020-10-18,actual,159436.83333333334
2020-10-19,fitted,66265.96115355172
2020-10-19,counterfactual,58764.028571815354
2020-10-19,actual,81689.83333333333
2020-10-20,fitted,81973.44616617958
2020-10-20,counterfactual,72693.27794819651
2020-10-20,actual,90172.33333333331
2020-10-21,fitted,85966.32263074341
2020-10-21,counterfactual,76234.12309045068
2020-10-21,actual,76682.44444444444
2020-10-22,fitted,90322.03801129146
2020-10-22,counterfactual,80096.73035694768
2020-10-22,actual,89017.77777777778
2020-10-23,fitted,132904.42258601362
2020-10-23,counterfactual,117435.49255969854
2020-10-23,actual,112980.38888888888
2020-10-24,fitted,202493.32931891704
2020-10-24,counterfactual,178924.8499479416
2020-10-24,actual,198528.55555555556
2020-10-25,fitted,134881.1123149602
2020-10-25,counterfactual,119182.1126302743
2020-10-25,actual,166218.11111111112
2020-10-26,fitted,70820.43744836532
2020-10-26,counterfactual,62577.548536127695
2020-10-26,actual,86240.61111111111
2020-10-27,fitted,86843.61307698807
2020-10-27,counterfactual,76735.76453605067
2020-10-27,actual,97216.66666666669
2020-10-28,fitted,89468.22121417528
2020-10-28,counterfactual,79054.89089294325
2020-10-28,actual,92644.55555555556
2020-10-29,fitted,92037.62332060032
2020-10-29,counterfactual,81325.23672554079
2020-10-29,actual,109609.27777777778
2020-10-30,fitted,140145.95896767668
2020-10-30,counterfactual,123557.7206326429
2020-10-30,actual,123196.5
2020-10-31,fitted,206480.872999174
2020-10-31,counterfactual,182040.96793044565
2020-10-31,actual,214051.22222222225
2020-11-01,fitted,134486.10262379964
2020-11-01,counterfactual,118567.787607754
2020-11-01,actual,156409.22222222222
2020-11-02,fitted,101653.98277820587
2020-11-02,counterfactual,89621.80927529954
2020-11-02,actual,106705.27777777778
2020-11-03,fitted,121725.64136261353
2020-11-03,counterfactual,107317.7057697374
2020-11-03,actual,149713.11111111112
2020-11-04,fitted,71997.21736276048
2020-11-04,counterfactual,63475.337674826056
2020-11-04,actual,77905
2020-11-05,fitted,84837.53319230893
2020-11-05,counterfactual,74795.82217390642
2020-11-05,actual,82255.16666666667
2020-11-06,fitted,126258.75925707156
2020-11-06,counterfactual,111001.7853820419
2020-11-06,actual,113496.44444444444
2020-11-07,fitted,194240.88137184244
2020-11-07,counterfactual,170769.02033035902
2020-11-07,actual,199680.83333333337
2020-11-08,fitted,131350.02744524463
2020-11-08,counterfactual,115477.83014972054
2020-11-08,actual,148292.11111111112
2020-11-09,fitted,66609.57506729578
2020-11-09,counterfactual,58560.54502289891
2020-11-09,actual,89156.77777777778
2020-11-10,fitted,79924.27345571358
2020-11-10,counterfactual,70266.30945171519
2020-11-10,actual,91030.55555555556
2020-11-11,fitted,86956.99245685269
2020-11-11,counterfactual,76449.20218573195
2020-11-11,actual,82341.66666666667
2020-11-12,fitted,88799.25016861282
2020-11-12,counterfactual,78068.84343947565
2020-11-12,actual,93034.61111111112
2020-11-13,fitted,136315.8226612741
2020-11-13,counterfactual,119599.44985792172
2020-11-13,actual,122987.27777777778
2020-11-14,fitted,202352.06087201496
2020-11-14,counterfactual,177537.68187311944
2020-11-14,actual,179473.44444444444
2020-11-15,fitted,134029.3649657867
2020-11-15,counterfactual,117593.37985691246
2020-11-15,actual,152988.66666666666
2020-11-16,fitted,68884.12175797483
2020-11-16,counterfactual,60436.88036620207
2020-11-16,actual,78095.33333333333
2020-11-17,fitted,83510.4604783994
2020-11-17,counterfactual,73269.59508887354
2020-11-17,actual,81158.44444444444
2020-11-18,fitted,85756.68172419563
2020-11-18,counterfactual,75240.3628252347
2020-11-18,actual,102547.27777777778
2020-11-19,fitted,88932.2177071849
2020-11-19,counterfactual,78026.48368160277
2020-11-19,actual,100816.66666666669
2020-11-20,fitted,124991.3572920894
2020-11-20,counterfactual,109425.8256500015
2020-11-20,actual,119629.27777777778
2020-11-21,fitted,190832.30318320435
2020-11-21,counterfactual,167067.41001071423
2020-11-21,actual,184160.61111111112
2020-11-22,fitted,185929.37055124794
2020-11-22,counterfactual,162775.05361918805
2020-11-22,actual,218757.61111111112
2020-11-23,fitted,102819.43028557279
2020-11-23,counterfactual,90015.03220393739
2020-11-23,actual,116761
2020-11-24,fitted,62295.442933075814
2020-11-24,counterfactual,54537.61303875051
2020-11-24,actual,58671.88888888889
2020-11-25,fitted,81783.20642084561
2020-11-25,counterfactual,71598.50953528023
2020-11-25,actual,90698
2020-11-26,fitted,82748.55359830543
2020-11-26,counterfactual,72443.6392644145
2020-11-26,actual,85074.94444444444
2020-11-27,fitted,118481.39854567703
2020-11-27,counterfactual,103545.9861937448
2020-11-27,actual,106857.72222222222
2020-11-28,fitted,178908.6547926646
2020-11-28,counterfactual,156355.96242528752
2020-11-28,actual,171368.94444444444
2020-11-29,fitted,114080.12276677736
2020-11-29,counterfactual,99699.52213583858
2020-11-29,actual,140321.5
2020-11-30,fitted,59331.67856087079
2020-11-30,counterfactual,51852.503806724504
2020-11-30,actual,64326.22222222222
2020-12-01,fitted,62593.056485963214
2020-12-01,counterfactual,54702.76214051715
2020-12-01,actual,58317.333333333336
2020-12-02,fitted,66170.17212288831
2020-12-02,counterfactual,57828.957230218926
2020-12-02,actual,71092.27777777778
2020-12-03,fitted,72999.21273520809
2020-12-03,counterfactual,63797.14931471086
2020-12-03,actual,82810.94444444444
2020-12-04,fitted,107502.08525589248
2020-12-04,counterfactual,93818.65299192134
2020-12-04,actual,83798.72222222222
2020-12-05,fitted,176545.73062063433
2020-12-05,counterfactual,154074.0591112861
2020-12-05,actual,171489.88888888888
2020-12-06,fitted,111547.17368024234
2020-12-06,counterfactual,97348.86123209064
2020-12-06,actual,102580.94444444444
2020-12-07,fitted,60724.95852401234
2020-12-07,counterfactual,52995.56560369896
2020-12-07,actual,59263.77777777778
2020-12-08,fitted,69745.69719717333
2020-12-08,counterfactual,60868.09709267977
2020-12-08,actual,61642.055555555555
2020-12-09,fitted,74819.05311673543
2020-12-09,counterfactual,65295.68951927228
2020-12-09,actual,75387.94444444444
2020-12-10,fitted,79932.99291812023
2020-12-10,counterfactual,69758.70009721274
2020-12-10,actual,68314.11111111111
2020-12-11,fitted,122717.72813497756
2020-12-11,counterfactual,107031.19965009828
2020-12-11,actual,108966.05555555556
2020-12-12,fitted,183089.39648534727
2020-12-12,counterfactual,159685.79313564886
2020-12-12,actual,167493
2020-12-13,fitted,115364.4429378502
2020-12-13,counterfactual,100617.85621570735
2020-12-13,actual,130285.38888888888
2020-12-14,fitted,60595.30489685854
2020-12-14,counterfactual,52849.643444675974
2020-12-14,actual,67473.94444444444
2020-12-15,fitted,76498.40076484672
2020-12-15,counterfactual,66719.90860334231
2020-12-15,actual,74135.11111111111
2020-12-16,fitted,80802.82028689004
2020-12-16,counterfactual,70474.1109687493
2020-12-16,actual,82637.72222222222
2020-12-17,fitted,80714.06685159999
2020-12-17,counterfactual,70396.7025388784
2020-12-17,actual,70533.61111111111
2020-12-18,fitted,121525.32759993219
2020-12-18,counterfactual,105932.30314979103
2020-12-18,actual,88542.5
2020-12-19,fitted,175292.2549973169
2020-12-19,counterfactual,152800.3475729453
2020-12-19,actual,168997.44444444444
2020-12-20,fitted,106699.36499554558
2020-12-20,counterfactual,93008.67318628468
2020-12-20,actual,111742.88888888888
2020-12-21,fitted,61161.101236809285
2020-12-21,counterfactual,53313.46514466226
2020-12-21,actual,62578.38888888889
2020-12-22,fitted,82945.9635455726
2020-12-22,counterfactual,72303.092111688107
2020-12-22,actual,74760.88888888889
2020-12-23,fitted,95417.3047989537
2020-12-23,counterfactual,83174.22431457335
2020-12-23,actual,107951.66666666669
2020-12-24,fitted,109140.71640196259
2020-12-24,counterfactual,95136.77259064175
2020-12-24,actual,109736.38888888888
2020-12-25,fitted,143661.08700130228
2020-12-25,counterfactual,125146.95010674094
2020-12-25,actual,142586.72222222222
2020-12-26,fitted,171069.18511654154
2020-12-26,counterfactual,149022.86500440232
2020-12-26,actual,152289.16666666666
2020-12-27,fitted,121178.55075884756
2020-12-27,counterfactual,105561.82166216704
2020-12-27,actual,124174.27777777778
2020-12-28,fitted,142349.3267377013
2020-12-28,counterfactual,124004.24125156213
2020-12-28,actual,144113.16666666666
2020-12-29,fitted,173284.622314588
2020-12-29,counterfactual,150952.79059716797
2020-12-29,actual,161151.94444444444
2020-12-30,fitted,159983.88022520518
2020-12-30,counterfactual,139366.16445234654
2020-12-30,actual,126197.27777777778
2020-12-31,fitted,90526.6198094204
2020-12-31,counterfactual,78860.11869392762
2020-12-31,actual,69618.94444444444
2021-01-01,fitted,31538.081299732592
2021-01-01,counterfactual,27473.651837565176
2021-01-01,actual,55191.77777777778
2021-01-02,fitted,109576.28240576744
2021-01-02,counterfactual,95454.78064628855
2021-01-02,actual,127696.33333333331
2021-01-03,fitted,106261.53088951758
2021-01-03,counterfactual,92567.21344712992
2021-01-03,actual,117721.94444444444
2021-01-04,fitted,90105.73496232771
2021-01-04,counterfactual,78493.47483747973
2021-01-04,actual,107264.05555555556
2021-01-05,fitted,68862.68779816199
2021-01-05,counterfactual,59988.097918363695
2021-01-05,actual,61836.77777777778
2021-01-06,fitted,54575.26272746332
2021-01-06,counterfactual,47541.94628608228
2021-01-06,actual,49862.833333333336
2021-01-07,fitted,52581.738104652664
2021-01-07,counterfactual,45805.33457225616
2021-01-07,actual,50614.555555555555
2021-01-08,fitted,64513.26086429933
2021-01-08,counterfactual,56175.691003220294
2021-01-08,actual,63839.555555555555
2021-01-09,fitted,96370.84224502213
2021-01-09,counterfactual,83916.05978597076
2021-01-09,actual,84334.83333333333
2021-01-10,fitted,105636.15941799877
2021-01-10,counterfactual,91983.94517236853
2021-01-10,actual,111756.5
2021-01-11,fitted,63056.43448382089
2021-01-11,counterfactual,54907.142064619096
2021-01-11,actual,70112.88888888889
2021-01-12,fitted,31208.981363571562
2021-01-12,counterfactual,27175.592585421702
2021-01-12,actual,30496.166666666668
2021-01-13,fitted,46667.03111387531
2021-01-13,counterfactual,40635.87369122508
2021-01-13,actual,51630.5
2021-01-14,fitted,47080.99134722967
2021-01-14,counterfactual,40996.334499514494
2021-01-14,actual,42089.055555555555
2021-01-15,fitted,61354.679532783266
2021-01-15,counterfactual,53393.25721535611
2021-01-15,actual,60215.27777777778
2021-01-16,fitted,95436.4644840545
2021-01-16,counterfactual,83052.56803107567
2021-01-16,actual,94923.88888888888
2021-01-17,fitted,72502.50856750869
2021-01-17,counterfactual,63094.53685003928
2021-01-17,actual,71703.55555555556
2021-01-18,fitted,36944.89972085478
2021-01-18,counterfactual,32150.90598814247
2021-01-18,actual,50960.77777777778
2021-01-19,fitted,42803.49497420959
2021-01-19,counterfactual,37249.28618774752
2021-01-19,actual,41009.5
2021-01-20,fitted,46358.81116840921
2021-01-20,counterfactual,40343.262286789526
2021-01-20,actual,46246.61111111111
2021-01-21,fitted,48685.15667864096
2021-01-21,counterfactual,42367.73972103657
2021-01-21,actual,46032
2021-01-22,fitted,64583.73734625643
2021-01-22,counterfactual,56160.34170234875
2021-01-22,actual,65864.11111111111
2021-01-23,fitted,92709.889793625
2021-01-23,counterfactual,80618.11384625413
2021-01-23,actual,89335.44444444444
2021-01-24,fitted,67214.12706583603
2021-01-24,counterfactual,58447.66032979088
2021-01-24,actual,75399.38888888889
2021-01-25,fitted,37408.79849570702
2021-01-25,counterfactual,32529.72021314912
2021-01-25,actual,40542.5
2021-01-26,fitted,46730.751832842805
2021-01-26,counterfactual,40635.848880495636
2021-01-26,actual,46912.22222222222
2021-01-27,fitted,53490.72820507029
2021-01-27,counterfactual,46514.14887618517
2021-01-27,actual,60690.166666666664
2021-01-28,fitted,50819.27464010009
2021-01-28,counterfactual,44191.122194617856
2021-01-28,actual,55931.72222222222
2021-01-29,fitted,69138.2217990202
2021-01-29,counterfactual,60090.05711807236
2021-01-29,actual,55972.77777777778
2021-01-30,fitted,116299.38510619166
2021-01-30,counterfactual,101079.20788218423
2021-01-30,actual,98230.44444444444
2021-01-31,fitted,83815.86401527116
2021-01-31,counterfactual,72846.82661811839
2021-01-31,actual,81579.16666666667
2021-02-01,fitted,36166.21765523072
2021-02-01,counterfactual,31433.120900402457
2021-02-01,actual,32545.222222222223
2021-02-02,fitted,51383.973503644535
2021-02-02,counterfactual,44659.3190053849
2021-02-02,actual,30264.61111111111
2021-02-03,fitted,44749.84266668682
2021-02-03,counterfactual,38893.40124602516
2021-02-03,actual,35153.11111111111
2021-02-04,fitted,49033.026704741664
2021-02-04,counterfactual,42616.042164417486
2021-02-04,actual,42214.055555555555
2021-02-05,fitted,64982.02732216498
2021-02-05,counterfactual,56457.92874237917
2021-02-05,actual,56862.444444444445
2021-02-06,fitted,107160.31118328152
2021-02-06,counterfactual,93103.42354821025
2021-02-06,actual,86955.83333333333
2021-02-07,fitted,81549.46939332366
2021-02-07,counterfactual,70852.11591138941
2021-02-07,actual,79552.72222222222
2021-02-08,fitted,41675.4997571575
2021-02-08,counterfactual,36208.66403455644
2021-02-08,actual,47057.61111111111
2021-02-09,fitted,50583.57316394736
2021-02-09,counterfactual,43948.20978832339
2021-02-09,actual,51056.555555555555
2021-02-10,fitted,75149.92170596111
2021-02-10,counterfactual,65292.036883301655
2021-02-10,actual,74076
2021-02-11,fitted,91568.1328816462
2021-02-11,counterfactual,79556.5687059028
2021-02-11,actual,102489.66666666669
2021-02-12,fitted,81298.71247904694
2021-02-12,counterfactual,70539.43055039228
2021-02-12,actual,67665.5
2021-02-13,fitted,127547.84911650825
2021-02-13,counterfactual,110667.83679907302
2021-02-13,actual,109589.61111111112
2021-02-14,fitted,93817.91691852422
2021-02-14,counterfactual,81401.81108725822
2021-02-14,actual,92592.38888888888
2021-02-15,fitted,42495.86977769269
2021-02-15,counterfactual,36871.85643480677
2021-02-15,actual,47533.833333333336
2021-02-16,fitted,56550.76733652099
2021-02-16,counterfactual,49066.69249078204
2021-02-16,actual,52299.555555555555
2021-02-17,fitted,62168.2344270906
2021-02-17,counterfactual,53940.729454239074
2021-02-17,actual,53557.333333333336
2021-02-18,fitted,60065.202969874525
2021-02-18,counterfactual,52116.018620598334
2021-02-18,actual,59824.77777777778
2021-02-19,fitted,84243.80526377959
2021-02-19,counterfactual,72996.90363907469
2021-02-19,actual,62208.88888888889
2021-02-20,fitted,136717.8777573673
2021-02-20,counterfactual,118465.46718948067
2021-02-20,actual,123910.88888888888
2021-02-21,fitted,108311.42109588595
2021-02-21,counterfactual,93851.39173131472
2021-02-21,actual,125014.72222222222
2021-02-22,fitted,74285.16433997596
2021-02-22,counterfactual,64367.78308101273
2021-02-22,actual,90222.88888888888
2021-02-23,fitted,92819.33669162719
2021-02-23,counterfactual,80427.56562463423
2021-02-23,actual,91315.77777777778
2021-02-24,fitted,67671.98721490474
2021-02-24,counterfactual,58637.492861625804
2021-02-24,actual,71445.77777777778
2021-02-25,fitted,70549.21706680834
2021-02-25,counterfactual,61130.60045083373
2021-02-25,actual,59729.77777777778
2021-02-26,fitted,100547.38691264803
2021-02-26,counterfactual,87011.90964325443
2021-02-26,actual,88086.66666666667
2021-02-27,fitted,154931.25844176844
2021-02-27,counterfactual,134074.73902989167
2021-02-27,actual,142000.22222222222
2021-02-28,fitted,106810.6805218156
2021-02-28,counterfactual,92432.05186995964
2021-02-28,actual,92388.33333333331
2021-03-01,fitted,55010.542735141324
2021-03-01,counterfactual,47605.13943594491
2021-03-01,actual,53875.77777777778
2021-03-02,fitted,60671.59461309296
2021-03-02,counterfactual,52504.11244374699
2021-03-02,actual,44555.72222222222
2021-03-03,fitted,74273.97742867422
2021-03-03,counterfactual,64275.37115890962
2021-03-03,actual,69298.05555555556
2021-03-04,fitted,69369.44721098433
2021-03-04,counterfactual,60031.078460233985
2021-03-04,actual,58746.77777777778
2021-03-05,fitted,102560.92780659455
2021-03-05,counterfactual,88636.10873169028
2021-03-05,actual,98461.77777777778
2021-03-06,fitted,166389.07167703574
2021-03-06,counterfactual,143798.22964104143
2021-03-06,actual,156767.27777777778
2021-03-07,fitted,107246.14073291197
2021-03-07,counterfactual,92685.2047300352
2021-03-07,actual,96496.94444444444
2021-03-08,fitted,59514.36983417951
2021-03-08,counterfactual,51434.033101455316
2021-03-08,actual,62260
2021-03-09,fitted,72789.69900545696
2021-03-09,counterfactual,62906.95505174484
2021-03-09,actual,58691.833333333336
2021-03-10,fitted,83444.82168508654
2021-03-10,counterfactual,72115.41906020319
2021-03-10,actual,81181.44444444444
2021-03-11,fitted,86443.58228623809
2021-03-11,counterfactual,74707.03437013103
2021-03-11,actual,73238.16666666667
2021-03-12,fitted,119644.56219768377
2021-03-12,counterfactual,103268.43004141205
2021-03-12,actual,101101.77777777778
2021-03-13,fitted,167244.60339945843
2021-03-13,counterfactual,144353.30205333082
2021-03-13,actual,155300.44444444444
2021-03-14,fitted,123487.02722493648
2021-03-14,counterfactual,106584.96464661985
2021-03-14,actual,124082.94444444444
2021-03-15,fitted,68390.05953684261
2021-03-15,counterfactual,59029.29434552418
2021-03-15,actual,80813.72222222222
2021-03-16,fitted,82251.02455060571
2021-03-16,counterfactual,70993.06494685926
2021-03-16,actual,77192.44444444444
2021-03-17,fitted,87961.67224877248
2021-03-17,counterfactual,75922.07811283068
2021-03-17,actual,84175.55555555556
2021-03-18,fitted,94122.82855448636
2021-03-18,counterfactual,81239.93733889046
2021-03-18,actual,89512.72222222222
2021-03-19,fitted,145885.69198229894
2021-03-19,counterfactual,125766.14581277301
2021-03-19,actual,122288.05555555556
2021-03-20,fitted,196670.7614686058
2021-03-20,counterfactual,169547.28957909544
2021-03-20,actual,169649.66666666666
2021-03-21,fitted,108347.8515038211
2021-03-21,counterfactual,93405.26480406088
2021-03-21,actual,116488.33333333331
2021-03-22,fitted,74443.4091695775
2021-03-22,counterfactual,64176.68878423688
2021-03-22,actual,80578.94444444444
2021-03-23,fitted,88454.38796593998
2021-03-23,counterfactual,76255.3702391448
2021-03-23,actual,81251.83333333333
2021-03-24,fitted,98855.11125692783
2021-03-24,counterfactual,85221.69767125104
2021-03-24,actual,97715.27777777778
2021-03-25,fitted,102698.94682811214
2021-03-25,counterfactual,88535.41801186196
2021-03-25,actual,115561.88888888888
2021-03-26,fitted,146065.42117103952
2021-03-26,counterfactual,125771.5592370468
2021-03-26,actual,124478.55555555556
2021-03-27,fitted,197229.6426178127
2021-03-27,counterfactual,169827.1875775491
2021-03-27,actual,203492.22222222225
2021-03-28,fitted,125313.98199292028
2021-03-28,counterfactual,107903.25857477957
2021-03-28,actual,137439
2021-03-29,fitted,84613.78617917701
2021-03-29,counterfactual,72857.81765037714
2021-03-29,actual,93215.77777777778
2021-03-30,fitted,97373.39982805504
2021-03-30,counterfactual,83844.6514335934
2021-03-30,actual,104906.77777777778
2021-03-31,fitted,94369.57988014494
2021-03-31,counterfactual,81258.1726113841
2021-03-31,actual,77567.94444444444
2021-04-01,fitted,82801.50489967127
2021-04-01,counterfactual,71297.32892914407
2021-04-01,actual,72764.55555555556
2021-04-02,fitted,113231.6534929455
2021-04-02,counterfactual,97441.71692092119
2021-04-02,actual,110367.22222222222
2021-04-03,fitted,170916.45717099775
2021-04-03,counterfactual,147082.4855332592
2021-04-03,actual,167603.27777777778
2021-04-04,fitted,103602.99530493432
2021-04-04,counterfactual,89155.75662146352
2021-04-04,actual,114156.66666666669
2021-04-05,fitted,59026.740407737525
2021-04-05,counterfactual,50795.57484280505
2021-04-05,actual,67469.44444444444
2021-04-06,fitted,70706.10686891981
2021-04-06,counterfactual,60846.276085961705
2021-04-06,actual,80418.5
2021-04-07,fitted,74739.54173217373
2021-04-07,counterfactual,64317.256205391495
2021-04-07,actual,79418.11111111111
2021-04-08,fitted,64651.285297586284
2021-04-08,counterfactual,55635.78775199669
2021-04-08,actual,71234.22222222222
2021-04-09,fitted,104189.30221041272
2021-04-09,counterfactual,89565.1830131983
2021-04-09,actual,78683.33333333333
2021-04-10,fitted,170120.80362465882
2021-04-10,counterfactual,146242.47007839332
2021-04-10,actual,153697.38888888888
2021-04-11,fitted,104194.03599928542
2021-04-11,counterfactual,89569.25236252448
2021-04-11,actual,107345.33333333331
2021-04-12,fitted,53563.0326943808
2021-04-12,counterfactual,46044.86952341531
2021-04-12,actual,59938.444444444445
2021-04-13,fitted,63217.23189422143
2021-04-13,counterfactual,54343.99524779503
2021-04-13,actual,62940.88888888889
2021-04-14,fitted,66683.0926288646
2021-04-14,counterfactual,57323.3841525184
2021-04-14,actual,62012.77777777778
2021-04-15,fitted,75092.68490457497
2021-04-15,counterfactual,64552.59727959416
2021-04-15,actual,68600.83333333333
2021-04-16,fitted,109287.2793009606
2021-04-16,counterfactual,93852.88716613755
2021-04-16,actual,87630.5
2021-04-17,fitted,149964.123863488
2021-04-17,counterfactual,128785.03414079298
2021-04-17,actual,128003.5
2021-04-18,fitted,104269.31526341986
2021-04-18,counterfactual,89543.59869604836
2021-04-18,actual,107499.5
2021-04-19,fitted,54546.39280896564
2021-04-19,counterfactual,46842.93069023881
2021-04-19,actual,54691.944444444445
2021-04-20,fitted,70711.99877684454
2021-04-20,counterfactual,60725.50515434886
2021-04-20,actual,63123.77777777778
2021-04-21,fitted,72849.32439751635
2021-04-21,counterfactual,62560.98117312492
2021-04-21,actual,68733
2021-04-22,fitted,77288.92275723099
2021-04-22,counterfactual,66373.58522532972
2021-04-22,actual,92830.72222222222
2021-04-23,fitted,110308.24412169734
2021-04-23,counterfactual,94660.298031447
2021-04-23,actual,101359
2021-04-24,fitted,163587.4841657429
2021-04-24,counterfactual,140381.5293103544
2021-04-24,actual,149821.11111111112
2021-04-25,fitted,104207.04135291222
2021-04-25,counterfactual,89424.59079086818
2021-04-25,actual,116134.38888888888
2021-04-26,fitted,60001.70626181615
2021-04-26,counterfactual,51490.07168378686
2021-04-26,actual,67271.22222222222
2021-04-27,fitted,67162.31985865222
2021-04-27,counterfactual,57634.90539555118
2021-04-27,actual,54971.11111111111
2021-04-28,fitted,101261.68306220874
2021-04-28,counterfactual,86897.05084290408
2021-04-28,actual,93369.33333333331
2021-04-29,fitted,101994.35502583296
2021-04-29,counterfactual,87525.78849518165
2021-04-29,actual,99797.72222222222
2021-04-30,fitted,113704.30286414649
2021-04-30,counterfactual,97535.64588053207
2021-04-30,actual,88106.83333333333
