"","date","city","nofcases","GZapproved","avg_temp","rainfall","cumGZ","lnGZ","mobility","datedum","nofcases_lm","lmobility"
"1",2020-03-01,"上野原市",0.111,0,8.36153846153846,3.94230769230769,0,0,23726,"2020-03-01",0,10.074326772221
"2",2020-03-01,"中央市",0.248,0,10.3346153846154,4.11538461538461,0,0,30468,"2020-03-01",0,10.3244322314927
"3",2020-03-01,"丹波山村",0.003,0,9.23846153846154,3.76923076923077,0,0,532,"2020-03-01",0,6.27664348934164
"4",2020-03-01,"北杜市",0.225,0,6.33461538461538,3.82692307692308,0,0,48307,"2020-03-01",0,10.7853317566759
"5",2020-03-01,"南アルプス市",0.572,0,8.53461538461539,4.09615384615385,0,0,66121,"2020-03-01",0,11.0992416758375
"6",2020-03-01,"南部町",0.036,0,10.2346153846154,7.71153846153846,0,0,7907,"2020-03-01",0,8.97550372207093
"7",2020-03-01,"大月市",0.115,0,8.36153846153846,3.94230769230769,0,0,24032,"2020-03-01",0,10.0871415545639
"8",2020-03-01,"富士吉田市",0.236,0,5.65769230769231,3.78846153846154,0,0,44824,"2020-03-01",0,10.7104989892451
"9",2020-03-01,"富士川町",0.072,0,9.13461538461539,4.63461538461539,0,0,14035,"2020-03-01",0,9.54930948879598
"10",2020-03-01,"富士河口湖町",0.129,0,5.65769230769231,3.78846153846154,0,0,33526,"2020-03-01",0,10.4200765361912
"11",2020-03-01,"小菅村",0.004,0,9.23846153846154,3.76923076923077,0,0,NA,"2020-03-01",0,NA
"12",2020-03-01,"山中湖村",0.028,0,4.4,5.55769230769231,0,0,8703,"2020-03-01",0,9.07142307278951
"13",2020-03-01,"山梨市",0.168,0,9.23846153846154,3.76923076923077,0,0,31742,"2020-03-01",0,10.3653960040675
"14",2020-03-01,"市川三郷町",0.076,0,9.13461538461539,4.63461538461539,0,0,14309,"2020-03-01",0,9.56864398890674
"15",2020-03-01,"忍野村",0.047,0,4.4,5.55769230769231,0,0,9895,"2020-03-01",0,9.19978485803667
"16",2020-03-01,"早川町",0.004,0,9.13461538461539,4.63461538461539,0,0,1317,"2020-03-01",0,7.18311170174328
"17",2020-03-01,"昭和町",0.1,0,10.3346153846154,4.11538461538461,0,0,31130,"2020-03-01",0,10.3459272634357
"18",2020-03-01,"甲州市",0.151,0,9.23846153846154,3.76923076923077,0,0,30135,"2020-03-01",0,10.3134425659171
"19",2020-03-01,"甲府市",2.229,0,10.3346153846154,4.11538461538461,0,0,196683,"2020-03-01",0,12.1893485746127
"20",2020-03-01,"甲斐市",0.368,0,10.3346153846154,4.11538461538461,0,0,72205,"2020-03-01",0,11.1872645745607
"21",2020-03-01,"笛吹市",0.605,0,7.65769230769231,4.07692307692308,0,0,67339,"2020-03-01",0,11.11749484259
"22",2020-03-01,"西桂町",0.02,0,5.65769230769231,3.78846153846154,0,0,4271,"2020-03-01",0,8.35960327084147
"23",2020-03-01,"身延町",0.055,0,9.13461538461539,4.63461538461539,0,0,12808,"2020-03-01",0,9.45782525467655
"24",2020-03-01,"道志村",0.008,0,8.36153846153846,3.94230769230769,0,0,1817,"2020-03-01",0,7.50494206839617
"25",2020-03-01,"都留市",0.145,0,8.36153846153846,3.94230769230769,0,0,30455,"2020-03-01",0,10.3240054632706
"26",2020-03-01,"韮崎市",0.232,0,8.53461538461539,4.09615384615385,0,0,33621,"2020-03-01",0,10.4229061507201
"27",2020-03-01,"鳴沢村",0.016,0,5.65769230769231,3.78846153846154,0,0,3570,"2020-03-01",0,8.18032087477368
"28",2020-04-01,"上野原市",6.111,0,10.4933333333333,5.16666666666667,0,0,23876,"2020-04-01",0.111,10.0806290492885
"29",2020-04-01,"中央市",1.757,0,12.7866666666667,4.26666666666667,0,0,30494,"2020-04-01",0.248,10.3252852219319
"30",2020-04-01,"丹波山村",0.003,0,11.6766666666667,3.36666666666667,0,0,480,"2020-04-01",0.003,6.17378610390194
"31",2020-04-01,"北杜市",1.839,0,8.53333333333333,3.28333333333333,0,0,45893,"2020-04-01",0.225,10.7340678789719
"32",2020-04-01,"南アルプス市",7.737,0,11.1466666666667,4.41666666666667,0,0,68010,"2020-04-01",0.572,11.1274100321697
"33",2020-04-01,"南部町",0.186,0,12.2566666666667,8.55,0,0,7788,"2020-04-01",0.036,8.96033936649209
"34",2020-04-01,"大月市",0.115,0,10.4933333333333,5.16666666666667,0,0,24068,"2020-04-01",0.115,10.0886384363402
"35",2020-04-01,"富士吉田市",0.236,0,7.76,5.83333333333333,0,0,44965,"2020-04-01",0.236,10.7136396883486
"36",2020-04-01,"富士川町",0.929,0,11.4433333333333,5.93333333333333,0,0,13102,"2020-04-01",0.072,9.48052016929182
"37",2020-04-01,"富士河口湖町",0.129,0,7.76,5.83333333333333,0,0,29684,"2020-04-01",0.129,10.29836345909
"38",2020-04-01,"小菅村",0.004,0,11.6766666666667,3.36666666666667,0,0,NA,"2020-04-01",0.004,NA
"39",2020-04-01,"山中湖村",0.028,0,6.50333333333333,8.7,0,0,7353,"2020-04-01",0.028,8.90286367219622
"40",2020-04-01,"山梨市",2.168,0,11.6766666666667,3.36666666666667,0,0,32289,"2020-04-01",0.168,10.3824818939324
"41",2020-04-01,"市川三郷町",0.898,0,11.4433333333333,5.93333333333333,0,0,15269,"2020-04-01",0.076,9.63357990818351
"42",2020-04-01,"忍野村",0.047,0,6.50333333333333,8.7,0,0,9597,"2020-04-01",0.047,9.16920582861763
"43",2020-04-01,"早川町",0.024,0,11.4433333333333,5.93333333333333,0,0,1251,"2020-04-01",0.004,7.13169851046691
"44",2020-04-01,"昭和町",0.313,0,12.7866666666667,4.26666666666667,0,0,29255,"2020-04-01",0.1,10.2838057782223
"45",2020-04-01,"甲州市",3.577,0,11.6766666666667,3.36666666666667,0,0,29786,"2020-04-01",0.151,10.3017937634458
"46",2020-04-01,"甲府市",16.124,0,12.7866666666667,4.26666666666667,0,0,196350,"2020-04-01",2.229,12.1876540600062
"47",2020-04-01,"甲斐市",1.956,0,12.7866666666667,4.26666666666667,0,0,73188,"2020-04-01",0.368,11.2007867520845
"48",2020-04-01,"笛吹市",1.827,0,9.76333333333333,6.05,0,0,65988,"2020-04-01",0.605,11.0972281862958
"49",2020-04-01,"西桂町",0.02,0,7.76,5.83333333333333,0,0,4199,"2020-04-01",0.02,8.34260168068419
"50",2020-04-01,"身延町",0.28,0,11.4433333333333,5.93333333333333,0,0,12225,"2020-04-01",0.055,9.41123831434307
"51",2020-04-01,"道志村",0.008,0,10.4933333333333,5.16666666666667,0,0,1846,"2020-04-01",0.008,7.5207764150628
"52",2020-04-01,"都留市",0.145,0,10.4933333333333,5.16666666666667,0,0,31923,"2020-04-01",0.145,10.3710820321098
"53",2020-04-01,"韮崎市",0.527,0,11.1466666666667,4.41666666666667,0,0,32825,"2020-04-01",0.232,10.398945699171
"54",2020-04-01,"鳴沢村",0.016,0,7.76,5.83333333333333,0,0,3774,"2020-04-01",0.016,8.2358907259285
"55",2020-05-01,"上野原市",0.028,0,17.8064516129032,2.25806451612903,0,0,23763,"2020-05-01",6.111,10.0758850281324
"56",2020-05-01,"中央市",0.895,0,19.841935483871,1.91935483870968,0,0,29797,"2020-05-01",1.757,10.3021629962849
"57",2020-05-01,"丹波山村",0.001,0,18.8387096774194,1.79032258064516,0,0,504,"2020-05-01",0.003,6.22257626807137
"58",2020-05-01,"北杜市",0.056,0,15.9096774193548,1.74193548387097,0,0,45867,"2020-05-01",1.839,10.7335011832287
"59",2020-05-01,"南アルプス市",0.087,0,18.2258064516129,2.41935483870968,0,0,68802,"2020-05-01",7.737,11.1389880932664
"60",2020-05-01,"南部町",0.009,0,19.3387096774194,3.69354838709677,0,0,7794,"2020-05-01",0.186,8.96110948589866
"61",2020-05-01,"大月市",0.029,0,17.8064516129032,2.25806451612903,0,0,24781,"2020-05-01",0.115,10.117832509494
"62",2020-05-01,"富士吉田市",1.09,0,15.0548387096774,2.35483870967742,0,0,45381,"2020-05-01",0.236,10.7228487942303
"63",2020-05-01,"富士川町",0.018,0,18.5387096774194,2.66129032258065,0,0,13515,"2020-05-01",0.929,9.51155545871055
"64",2020-05-01,"富士河口湖町",0.372,0,15.0548387096774,2.35483870967742,0,0,29288,"2020-05-01",0.129,10.2849331548001
"65",2020-05-01,"小菅村",0.001,0,18.8387096774194,1.79032258064516,0,0,NA,"2020-05-01",0.004,NA
"66",2020-05-01,"山中湖村",0.007,0,14.0225806451613,3.01612903225806,0,0,6968,"2020-05-01",0.028,8.84908351853234
"67",2020-05-01,"山梨市",0.256,0,18.8387096774194,1.79032258064516,0,0,33318,"2020-05-01",2.168,10.4138530704697
"68",2020-05-01,"市川三郷町",0.354,0,18.5387096774194,2.66129032258065,0,0,15075,"2020-05-01",0.898,9.62079302159539
"69",2020-05-01,"忍野村",0.012,0,14.0225806451613,3.01612903225806,0,0,9240,"2020-05-01",0.047,9.13129716463573
"70",2020-05-01,"早川町",0.001,0,18.5387096774194,2.66129032258065,0,0,1218,"2020-05-01",0.024,7.10496544826984
"71",2020-05-01,"昭和町",0.025,0,19.841935483871,1.91935483870968,0,0,28738,"2020-05-01",0.313,10.2659755677892
"72",2020-05-01,"甲州市",0.038,0,18.8387096774194,1.79032258064516,0,0,30300,"2020-05-01",3.577,10.3189029914975
"73",2020-05-01,"甲府市",5.392,0,19.841935483871,1.91935483870968,0,0,192860,"2020-05-01",16.124,12.1697198160644
"74",2020-05-01,"甲斐市",1.092,0,19.841935483871,1.91935483870968,0,0,73977,"2020-05-01",1.956,11.2115095130638
"75",2020-05-01,"笛吹市",1.1,0,16.9677419354839,2.56451612903226,0,0,65940,"2020-05-01",1.827,11.0965005166257
"76",2020-05-01,"西桂町",0.005,0,15.0548387096774,2.35483870967742,0,0,4489,"2020-05-01",0.02,8.40938523878193
"77",2020-05-01,"身延町",0.014,0,18.5387096774194,2.66129032258065,0,0,12421,"2020-05-01",0.28,9.42714386754419
"78",2020-05-01,"道志村",0.002,0,17.8064516129032,2.25806451612903,0,0,1464,"2020-05-01",0.008,7.28892769452126
"79",2020-05-01,"都留市",0.036,0,17.8064516129032,2.25806451612903,0,0,31332,"2020-05-01",0.145,10.3523952184871
"80",2020-05-01,"韮崎市",0.035,0,18.2258064516129,2.41935483870968,0,0,31995,"2020-05-01",0.527,10.3733349195736
"81",2020-05-01,"鳴沢村",0.044,0,15.0548387096774,2.35483870967742,0,0,3684,"2020-05-01",0.016,8.2117543973752
"82",2020-06-01,"上野原市",0.028,0,21.7233333333333,7.28333333333333,0,0,23416,"2020-06-01",0.028,10.0611748283717
"83",2020-06-01,"中央市",0.701,0,23.54,5.9,0,0,29539,"2020-06-01",0.895,10.2934667031088
"84",2020-06-01,"丹波山村",0.001,0,22.8333333333333,5.9,0,0,610,"2020-06-01",0.001,6.41345895716736
"85",2020-06-01,"北杜市",0.841,0,19.9166666666667,7.4,0,0,46660,"2020-06-01",0.056,10.7506425455754
"86",2020-06-01,"南アルプス市",0.227,0,22.08,7.21666666666667,0,0,67472,"2020-06-01",0.087,11.1194679759863
"87",2020-06-01,"南部町",0.024,0,23.03,11.8166666666667,0,0,7752,"2020-06-01",0.009,8.9557061535706
"88",2020-06-01,"大月市",0.029,0,21.7233333333333,7.28333333333333,0,0,24580,"2020-06-01",0.029,10.10968838312
"89",2020-06-01,"富士吉田市",1.704,0,19.2866666666667,6.06666666666667,0,0,45689,"2020-06-01",1.09,10.7296128476905
"90",2020-06-01,"富士川町",0.047,0,22.2466666666667,6.68333333333333,0,0,13288,"2020-06-01",0.018,9.49461665129313
"91",2020-06-01,"富士河口湖町",0.387,0,19.2866666666667,6.06666666666667,0,0,30546,"2020-06-01",0.372,10.3269890231304
"92",2020-06-01,"小菅村",0.001,0,22.8333333333333,5.9,0,0,NA,"2020-06-01",0.001,NA
"93",2020-06-01,"山中湖村",0.007,0,18.2866666666667,8.66666666666667,0,0,8362,"2020-06-01",0.007,9.03145291191651
"94",2020-06-01,"山梨市",0.042,0,22.8333333333333,5.9,0,0,31916,"2020-06-01",0.256,10.3708627304282
"95",2020-06-01,"市川三郷町",0.05,0,22.2466666666667,6.68333333333333,0,0,14703,"2020-06-01",0.354,9.59580683357766
"96",2020-06-01,"忍野村",0.012,0,18.2866666666667,8.66666666666667,0,0,9147,"2020-06-01",0.012,9.12118123565636
"97",2020-06-01,"早川町",0.003,0,22.2466666666667,6.68333333333333,0,0,1752,"2020-06-01",0.001,7.46851327149634
"98",2020-06-01,"昭和町",1.769,0,23.54,5.9,0,0,31673,"2020-06-01",0.025,10.3632198619172
"99",2020-06-01,"甲州市",0.038,0,22.8333333333333,5.9,0,0,31008,"2020-06-01",0.038,10.3420005146905
"100",2020-06-01,"甲府市",2.594,0,23.54,5.9,0,0,196815,"2020-06-01",5.392,12.1900194802079
"101",2020-06-01,"甲斐市",0.24,0,23.54,5.9,0,0,71767,"2020-06-01",1.092,11.1811800393554
"102",2020-06-01,"笛吹市",0.084,0,20.73,6.51666666666667,0,0,66228,"2020-06-01",1.1,11.1008586132275
"103",2020-06-01,"西桂町",0.005,0,19.2866666666667,6.06666666666667,0,0,4318,"2020-06-01",0.005,8.37054761107475
"104",2020-06-01,"身延町",1.036,0,22.2466666666667,6.68333333333333,0,0,12558,"2020-06-01",0.014,9.43811319167405
"105",2020-06-01,"道志村",0.002,0,21.7233333333333,7.28333333333333,0,0,2224,"2020-06-01",0.002,7.70706265537047
"106",2020-06-01,"都留市",0.036,0,21.7233333333333,7.28333333333333,0,0,30346,"2020-06-01",0.036,10.3204199920852
"107",2020-06-01,"韮崎市",0.092,0,22.08,7.21666666666667,0,0,33186,"2020-06-01",0.035,10.4098833792227
"108",2020-06-01,"鳴沢村",0.004,0,19.2866666666667,6.06666666666667,0,0,3783,"2020-06-01",0.044,8.23827262463303
"109",2020-07-01,"上野原市",0.129,2,22.5548387096774,11.5967741935484,2,1.09861228866811,23790,"2020-07-01",0.028,10.077020603297
"110",2020-07-01,"中央市",0.175,0,24.5677419354839,15.1612903225806,0,0,30264,"2020-07-01",0.701,10.3177141663129
"111",2020-07-01,"丹波山村",0.003,0,23.8161290322581,13.9354838709677,0,0,575,"2020-07-01",0.001,6.35437004079735
"112",2020-07-01,"北杜市",0.101,4,21.1161290322581,10.7741935483871,4,1.6094379124341,48355,"2020-07-01",0.841,10.7863249081511
"113",2020-07-01,"南アルプス市",1.641,1,22.9387096774194,11.241935483871,1,0.693147180559945,67711,"2020-07-01",0.227,11.1230039272379
"114",2020-07-01,"南部町",0,0,24.2032258064516,35.7741935483871,0,0,7452,"2020-07-01",0.024,8.91623773172148
"115",2020-07-01,"大月市",0.133,0,22.5548387096774,11.5967741935484,0,0,24548,"2020-07-01",0.029,10.108385663509
"116",2020-07-01,"富士吉田市",1.263,2,20.9774193548387,16.9677419354839,2,1.09861228866811,46181,"2020-07-01",1.704,10.7403237370699
"117",2020-07-01,"富士川町",0,0,23.2935483870968,17.6935483870968,0,0,12846,"2020-07-01",0.047,9.46078775781774
"118",2020-07-01,"富士河口湖町",0.694,2,20.9774193548387,16.9677419354839,2,1.09861228866811,32916,"2020-07-01",0.387,10.4017141407256
"119",2020-07-01,"小菅村",0.004,0,23.8161290322581,13.9354838709677,0,0,NA,"2020-07-01",0.001,NA
"120",2020-07-01,"山中湖村",0.152,1,20.1,22.4516129032258,1,0.693147180559945,8977,"2020-07-01",0.007,9.10242102975669
"121",2020-07-01,"山梨市",0,0,23.8161290322581,13.9354838709677,0,0,32297,"2020-07-01",0.042,10.3827296256402
"122",2020-07-01,"市川三郷町",0,1,23.2935483870968,17.6935483870968,1,0.693147180559945,14664,"2020-07-01",0.05,9.59315078951954
"123",2020-07-01,"忍野村",0.251,0,20.1,22.4516129032258,0,0,9191,"2020-07-01",0.012,9.12598002335811
"124",2020-07-01,"早川町",0,0,23.2935483870968,17.6935483870968,0,0,1332,"2020-07-01",0.003,7.19443685110033
"125",2020-07-01,"昭和町",0.044,1,24.5677419354839,15.1612903225806,1,0.693147180559945,31367,"2020-07-01",1.769,10.3535116638415
"126",2020-07-01,"甲州市",0,0,23.8161290322581,13.9354838709677,0,0,30350,"2020-07-01",0.038,10.3205517964876
"127",2020-07-01,"甲府市",12.058,1,24.5677419354839,15.1612903225806,1,0.693147180559945,197127,"2020-07-01",2.594,12.1916034700604
"128",2020-07-01,"甲斐市",3.566,0,24.5677419354839,15.1612903225806,0,0,71889,"2020-07-01",0.24,11.1828785417407
"129",2020-07-01,"笛吹市",0.24,1,22.2322580645161,15.4677419354839,1,0.693147180559945,66654,"2020-07-01",0.084,11.1072703388098
"130",2020-07-01,"西桂町",0.111,0,20.9774193548387,16.9677419354839,0,0,4127,"2020-07-01",0.005,8.32530602975258
"131",2020-07-01,"身延町",0,0,23.2935483870968,17.6935483870968,0,0,12957,"2020-07-01",1.036,9.46939146162881
"132",2020-07-01,"道志村",0.009,0,22.5548387096774,11.5967741935484,0,0,2446,"2020-07-01",0.002,7.80220931624712
"133",2020-07-01,"都留市",0.169,2,22.5548387096774,11.5967741935484,2,1.09861228866811,30962,"2020-07-01",0.036,10.3405159251004
"134",2020-07-01,"韮崎市",1.176,1,22.9387096774194,11.241935483871,1,0.693147180559945,33243,"2020-07-01",0.092,10.4115994976044
"135",2020-07-01,"鳴沢村",0.082,2,20.9774193548387,16.9677419354839,2,1.09861228866811,3926,"2020-07-01",0.004,8.27537637483641
"136",2020-08-01,"上野原市",1.173,0,26.7483870967742,1.53225806451613,2,1.09861228866811,25031,"2020-08-01",0.129,10.1278703356853
"137",2020-08-01,"中央市",1.579,2,28.9774193548387,1.93548387096774,2,1.09861228866811,30296,"2020-08-01",0.175,10.3187709695816
"138",2020-08-01,"丹波山村",0.018,0,28.041935483871,1.61290322580645,0,0,781,"2020-08-01",0.003,6.66057514983969
"139",2020-08-01,"北杜市",1.336,5,25.2483870967742,0.758064516129032,9,2.30258509299405,57278,"2020-08-01",0.101,10.9556718848238
"140",2020-08-01,"南アルプス市",6.231,0,26.8161290322581,0.532258064516129,1,0.693147180559945,68505,"2020-08-01",1.641,11.1346620142872
"141",2020-08-01,"南部町",0.054,0,28.3870967741935,1.56451612903226,0,0,7632,"2020-08-01",0,8.94010521312812
"142",2020-08-01,"大月市",0.763,1,26.7483870967742,1.53225806451613,1,0.693147180559945,26167,"2020-08-01",0.133,10.1722543538748
"143",2020-08-01,"富士吉田市",3.316,5,24.2967741935484,1.12903225806452,7,2.07944154167984,47639,"2020-08-01",1.263,10.7714070324849
"144",2020-08-01,"富士川町",0.106,1,27.5096774193548,0.483870967741935,1,0.693147180559945,12601,"2020-08-01",0,9.44153145486969
"145",2020-08-01,"富士河口湖町",1.822,15,24.2967741935484,1.12903225806452,17,2.89037175789616,41023,"2020-08-01",0.694,10.6218881640082
"146",2020-08-01,"小菅村",0.023,0,28.041935483871,1.61290322580645,0,0,NA,"2020-08-01",0.004,NA
"147",2020-08-01,"山中湖村",0.396,2,23.1096774193548,2.04838709677419,3,1.38629436111989,12863,"2020-08-01",0.152,9.46211025207872
"148",2020-08-01,"山梨市",0.913,3,28.041935483871,1.61290322580645,3,1.38629436111989,32637,"2020-08-01",0,10.3932018930892
"149",2020-08-01,"市川三郷町",0.112,0,27.5096774193548,0.483870967741935,1,0.693147180559945,15121,"2020-08-01",0,9.62383978511267
"150",2020-08-01,"忍野村",0.658,0,23.1096774193548,2.04838709677419,0,0,9661,"2020-08-01",0.251,9.17585244151751
"151",2020-08-01,"早川町",0.007,0,27.5096774193548,0.483870967741935,0,0,1577,"2020-08-01",0,7.36327958696304
"152",2020-08-01,"昭和町",1.91,4,28.9774193548387,1.93548387096774,5,1.79175946922805,31178,"2020-08-01",0.044,10.3474679968726
"153",2020-08-01,"甲州市",0.685,4,28.041935483871,1.61290322580645,4,1.6094379124341,31263,"2020-08-01",0,10.3501905686605
"154",2020-08-01,"甲府市",43.801,25,28.9774193548387,1.93548387096774,26,3.29583686600433,194108,"2020-08-01",12.058,12.1761699841759
"155",2020-08-01,"甲斐市",3.205,0,28.9774193548387,1.93548387096774,0,0,72591,"2020-08-01",3.566,11.1925962261862
"156",2020-08-01,"笛吹市",2.059,11,25.7838709677419,1.41935483870968,12,2.56494935746154,68269,"2020-08-01",0.24,11.1312110625828
"157",2020-08-01,"西桂町",0.29,0,24.2967741935484,1.12903225806452,0,0,4318,"2020-08-01",0.111,8.37054761107475
"158",2020-08-01,"身延町",0.082,1,27.5096774193548,0.483870967741935,1,0.693147180559945,13549,"2020-08-01",0,9.51406802284643
"159",2020-08-01,"道志村",0.054,0,26.7483870967742,1.53225806451613,0,0,3637,"2020-08-01",0.009,8.19891444498699
"160",2020-08-01,"都留市",1.536,1,26.7483870967742,1.53225806451613,3,1.38629436111989,30513,"2020-08-01",0.169,10.3259081012937
"161",2020-08-01,"韮崎市",0.659,1,26.8161290322581,0.532258064516129,2,1.09861228866811,33019,"2020-08-01",1.176,10.4048384323396
"162",2020-08-01,"鳴沢村",0.215,4,24.2967741935484,1.12903225806452,6,1.94591014905531,5529,"2020-08-01",0.082,8.61776224633793
"163",2020-09-01,"上野原市",0,0,21.81,5.91666666666667,2,1.09861228866811,24145,"2020-09-01",1.173,10.0918325983076
"164",2020-09-01,"中央市",0.142,0,24.37,4.31666666666667,2,1.09861228866811,30500,"2020-09-01",1.579,10.3254819625955
"165",2020-09-01,"丹波山村",0,0,23.42,1.61666666666667,0,0,678,"2020-09-01",0.018,6.5191472879404
"166",2020-09-01,"北杜市",0,3,20.6066666666667,1.8,12,2.56494935746154,50951,"2020-09-01",1.336,10.8386196655436
"167",2020-09-01,"南アルプス市",0.828,2,22.2933333333333,3.63333333333333,3,1.38629436111989,67523,"2020-09-01",6.231,11.1202235595624
"168",2020-09-01,"南部町",0,0,24.2066666666667,9.48333333333333,0,0,7523,"2020-09-01",0.054,8.92572027356022
"169",2020-09-01,"大月市",0,0,21.81,5.91666666666667,1,0.693147180559945,25601,"2020-09-01",0.763,10.1503866922047
"170",2020-09-01,"富士吉田市",0.99,0,19.6966666666667,4.05,7,2.07944154167984,46861,"2020-09-01",3.316,10.7549410519963
"171",2020-09-01,"富士川町",0.172,5,23.0066666666667,9.33333333333333,6,1.94591014905531,12721,"2020-09-01",0.106,9.45100945015621
"172",2020-09-01,"富士河口湖町",0.544,3,19.6966666666667,4.05,20,3.04452243772342,37900,"2020-09-01",1.822,10.5427063910705
"173",2020-09-01,"小菅村",0,0,23.42,1.61666666666667,0,0,NA,"2020-09-01",0.023,NA
"174",2020-09-01,"山中湖村",0.118,3,18.8166666666667,5.3,6,1.94591014905531,11464,"2020-09-01",0.396,9.34696696950801
"175",2020-09-01,"山梨市",1.052,0,23.42,1.61666666666667,3,1.38629436111989,32426,"2020-09-01",0.913,10.38671584911
"176",2020-09-01,"市川三郷町",0,1,23.0066666666667,9.33333333333333,2,1.09861228866811,14915,"2020-09-01",0.112,9.61012269694885
"177",2020-09-01,"忍野村",0.196,1,18.8166666666667,5.3,1,0.693147180559945,9354,"2020-09-01",0.658,9.14355933828583
"178",2020-09-01,"早川町",0,1,23.0066666666667,9.33333333333333,1,0.693147180559945,1544,"2020-09-01",0.007,7.34213173058472
"179",2020-09-01,"昭和町",0,2,24.37,4.31666666666667,7,2.07944154167984,31527,"2020-09-01",1.91,10.3585996005337
"180",2020-09-01,"甲州市",0.948,2,23.42,1.61666666666667,6,1.94591014905531,31236,"2020-09-01",0.685,10.3493265547826
"181",2020-09-01,"甲府市",11.571,27,24.37,4.31666666666667,53,3.98898404656427,196718,"2020-09-01",43.801,12.1895265101039
"182",2020-09-01,"甲斐市",0.287,1,24.37,4.31666666666667,1,0.693147180559945,71166,"2020-09-01",3.205,11.1727704552573
"183",2020-09-01,"笛吹市",0,5,21.3033333333333,8.43333333333333,17,2.89037175789616,68908,"2020-09-01",2.059,11.1405275605663
"184",2020-09-01,"西桂町",0.086,0,19.6966666666667,4.05,0,0,4552,"2020-09-01",0.29,8.42332197580617
"185",2020-09-01,"身延町",0,1,23.0066666666667,9.33333333333333,2,1.09861228866811,12931,"2020-09-01",0.082,9.46738280829585
"186",2020-09-01,"道志村",0,0,21.81,5.91666666666667,0,0,3156,"2020-09-01",0.054,8.05706068196577
"187",2020-09-01,"都留市",0,1,21.81,5.91666666666667,4,1.6094379124341,29807,"2020-09-01",1.536,10.3024985442378
"188",2020-09-01,"韮崎市",0,0,22.2933333333333,3.63333333333333,2,1.09861228866811,32968,"2020-09-01",0.659,10.4032926730187
"189",2020-09-01,"鳴沢村",0.064,0,19.6966666666667,4.05,6,1.94591014905531,4684,"2020-09-01",0.215,8.45190772471761
"190",2020-10-01,"上野原市",0.865,0,14.3290322580645,8.5,2,1.09861228866811,24257,"2020-10-01",0,10.0964605145052
"191",2020-10-01,"中央市",0.241,0,16.4612903225806,7.40322580645161,2,1.09861228866811,30410,"2020-10-01",0.142,10.3225267806714
"192",2020-10-01,"丹波山村",0.021,0,15.4322580645161,6.87096774193548,0,0,669,"2020-10-01",0,6.50578406012823
"193",2020-10-01,"北杜市",3.208,0,12.6451612903226,6.38709677419355,12,2.56494935746154,49446,"2020-10-01",0,10.8086364439914
"194",2020-10-01,"南アルプス市",2.162,0,14.6096774193548,7.2741935483871,3,1.38629436111989,66727,"2020-10-01",0.828,11.1083649475965
"195",2020-10-01,"南部町",0,0,16.7838709677419,7.96774193548387,0,0,7401,"2020-10-01",0,8.90937040519747
"196",2020-10-01,"大月市",0.892,0,14.3290322580645,8.5,1,0.693147180559945,23446,"2020-10-01",0,10.0624551836318
"197",2020-10-01,"富士吉田市",0.495,0,12.0870967741935,9.03225806451613,7,2.07944154167984,45885,"2020-10-01",0.99,10.7338935452531
"198",2020-10-01,"富士川町",0,0,15.1774193548387,8.51612903225806,6,1.94591014905531,12856,"2020-10-01",0.172,9.46156590741735
"199",2020-10-01,"富士河口湖町",0.272,0,12.0870967741935,9.03225806451613,20,3.04452243772342,36126,"2020-10-01",0.544,10.4947681066925
"200",2020-10-01,"小菅村",0.027,0,15.4322580645161,6.87096774193548,0,0,NA,"2020-10-01",0,NA
"201",2020-10-01,"山中湖村",0.059,0,11.1032258064516,10.2258064516129,6,1.94591014905531,10308,"2020-10-01",0.118,9.24067557177226
"202",2020-10-01,"山梨市",0,0,15.4322580645161,6.87096774193548,3,1.38629436111989,32402,"2020-10-01",1.052,10.3859754282704
"203",2020-10-01,"市川三郷町",0,0,15.1774193548387,8.51612903225806,2,1.09861228866811,15137,"2020-10-01",0,9.62489735676257
"204",2020-10-01,"忍野村",0.098,0,11.1032258064516,10.2258064516129,1,0.693147180559945,9454,"2020-10-01",0.196,9.15419321135318
"205",2020-10-01,"早川町",0,0,15.1774193548387,8.51612903225806,1,0.693147180559945,1370,"2020-10-01",0,7.22256601882217
"206",2020-10-01,"昭和町",0.257,0,16.4612903225806,7.40322580645161,7,2.07944154167984,31358,"2020-10-01",0,10.3532246969204
"207",2020-10-01,"甲州市",0,0,15.4322580645161,6.87096774193548,6,1.94591014905531,30881,"2020-10-01",0.948,10.3378963870341
"208",2020-10-01,"甲府市",12.406,0,16.4612903225806,7.40322580645161,53,3.98898404656427,197609,"2020-10-01",11.571,12.1940456098174
"209",2020-10-01,"甲斐市",0.589,0,16.4612903225806,7.40322580645161,1,0.693147180559945,71847,"2020-10-01",0.287,11.182294136982
"210",2020-10-01,"笛吹市",0,0,13.3709677419355,8.54838709677419,17,2.89037175789616,68746,"2020-10-01",0,11.138173832018
"211",2020-10-01,"西桂町",0.043,0,12.0870967741935,9.03225806451613,0,0,4008,"2020-10-01",0.086,8.2960476427647
"212",2020-10-01,"身延町",0,0,15.1774193548387,8.51612903225806,2,1.09861228866811,12908,"2020-10-01",0,9.46560255317185
"213",2020-10-01,"道志村",0.063,0,14.3290322580645,8.5,0,0,3009,"2020-10-01",0,8.00936307663004
"214",2020-10-01,"都留市",1.133,0,14.3290322580645,8.5,4,1.6094379124341,31442,"2020-10-01",0,10.3558998577515
"215",2020-10-01,"韮崎市",1.138,0,14.6096774193548,7.2741935483871,2,1.09861228866811,32932,"2020-10-01",0,10.4022001084183
"216",2020-10-01,"鳴沢村",0.032,0,12.0870967741935,9.03225806451613,6,1.94591014905531,4108,"2020-10-01",0.064,8.32069157104845
"217",2020-11-01,"上野原市",2.174,25,10.3533333333333,0.233333333333333,27,3.3322045101752,24266,"2020-11-01",0.865,10.0968314726118
"218",2020-11-01,"中央市",3.001,14,11.9933333333333,0.15,16,2.83321334405622,30077,"2020-11-01",0.241,10.3115160390475
"219",2020-11-01,"丹波山村",0.053,0,11.01,0.266666666666667,0,0,709,"2020-11-01",0.021,6.56385552653213
"220",2020-11-01,"北杜市",2.112,33,8.87666666666667,0.466666666666667,45,3.8286413964891,50202,"2020-11-01",3.208,10.8238101455237
"221",2020-11-01,"南アルプス市",8.864,19,10.17,0.5,22,3.13549421592915,67512,"2020-11-01",2.162,11.1200606388378
"222",2020-11-01,"南部町",0.911,4,12.6566666666667,0.783333333333333,4,1.6094379124341,7709,"2020-11-01",0,8.95014375645926
"223",2020-11-01,"大月市",2.242,21,10.3533333333333,0.233333333333333,22,3.13549421592915,24928,"2020-11-01",0.892,10.1237469486705
"224",2020-11-01,"富士吉田市",0.793,25,8.85,0.4,32,3.49650756146648,45479,"2020-11-01",0.495,10.7250059599358
"225",2020-11-01,"富士川町",1.925,5,10.64,0.483333333333333,11,2.484906649788,13322,"2020-11-01",0,9.49717208297312
"226",2020-11-01,"富士河口湖町",0.436,38,8.85,0.4,58,4.07753744390572,39529,"2020-11-01",0.272,10.5847898587282
"227",2020-11-01,"小菅村",0.068,1,11.01,0.266666666666667,1,0.693147180559945,NA,"2020-11-01",0.027,NA
"228",2020-11-01,"山中湖村",0.04,14,7.37333333333333,0.633333333333333,20,3.04452243772342,10895,"2020-11-01",0.059,9.29605924737872
"229",2020-11-01,"山梨市",4.091,18,11.01,0.266666666666667,21,3.09104245335832,32307,"2020-11-01",0,10.383039203997
"230",2020-11-01,"市川三郷町",1.879,4,10.64,0.483333333333333,6,1.94591014905531,15849,"2020-11-01",0,9.67086168583243
"231",2020-11-01,"忍野村",0.066,3,7.37333333333333,0.633333333333333,4,1.6094379124341,9547,"2020-11-01",0.098,9.16398224799803
"232",2020-11-01,"早川町",0.122,1,10.64,0.483333333333333,2,1.09861228866811,1267,"2020-11-01",0,7.14440718032114
"233",2020-11-01,"昭和町",1.554,51,11.9933333333333,0.15,58,4.07753744390572,31366,"2020-11-01",0.257,10.3534797826944
"234",2020-11-01,"甲州市",1.585,17,11.01,0.266666666666667,23,3.17805383034795,31145,"2020-11-01",0,10.3464089976882
"235",2020-11-01,"甲府市",50.904,155,11.9933333333333,0.15,208,5.34233425196481,195089,"2020-11-01",12.406,12.1812111436788
"236",2020-11-01,"甲斐市",10.955,40,11.9933333333333,0.15,41,3.73766961828337,70166,"2020-11-01",0.589,11.1586191422037
"237",2020-11-01,"笛吹市",20.892,34,9.28666666666667,0.366666666666667,51,3.95124371858143,70028,"2020-11-01",0,11.1566504410528
"238",2020-11-01,"西桂町",0.029,1,8.85,0.4,1,0.693147180559945,4151,"2020-11-01",0.043,8.33110454805304
"239",2020-11-01,"身延町",1.362,3,10.64,0.483333333333333,5,1.79175946922805,13117,"2020-11-01",0,9.48166437781514
"240",2020-11-01,"道志村",0.158,2,10.3533333333333,0.233333333333333,2,1.09861228866811,2823,"2020-11-01",0.063,7.94555542825349
"241",2020-11-01,"都留市",3.135,13,10.3533333333333,0.233333333333333,17,2.89037175789616,31288,"2020-11-01",1.133,10.3509899164354
"242",2020-11-01,"韮崎市",9.631,10,10.17,0.5,12,2.56494935746154,33172,"2020-11-01",1.138,10.4094614255711
"243",2020-11-01,"鳴沢村",0.022,3,8.85,0.4,9,2.30258509299405,4043,"2020-11-01",0.032,8.30474226964077
"244",2020-12-01,"上野原市",12.556,2,4.12903225806452,0.0161290322580645,29,3.40119738166216,23303,"2020-12-01",2.174,10.0563373866303
"245",2020-12-01,"中央市",1.253,8,5.6741935483871,0.032258064516129,24,3.2188758248682,29796,"2020-12-01",3.001,10.3021294352962
"246",2020-12-01,"丹波山村",0.299,5,4.95806451612903,0.0161290322580645,5,1.79175946922805,515,"2020-12-01",0.053,6.24416690066374
"247",2020-12-01,"北杜市",0.72,16,2.94516129032258,0.112903225806452,61,4.12713438504509,47715,"2020-12-01",2.112,10.7730010928514
"248",2020-12-01,"南アルプス市",5.472,10,4.14838709677419,0.161290322580645,32,3.49650756146648,67371,"2020-12-01",8.864,11.1179699372467
"249",2020-12-01,"南部町",0.167,2,6.25483870967742,0.435483870967742,6,1.94591014905531,7328,"2020-12-01",0.911,8.89945790635397
"250",2020-12-01,"大月市",12.949,2,4.12903225806452,0.0161290322580645,24,3.2188758248682,24357,"2020-12-01",2.242,10.1005745615306
"251",2020-12-01,"富士吉田市",49.17,23,2.09032258064516,0.0645161290322581,55,4.02535169073515,45337,"2020-12-01",0.793,10.7218787551322
"252",2020-12-01,"富士川町",0.325,9,4.21290322580645,0.129032258064516,20,3.04452243772342,13169,"2020-12-01",1.925,9.48562086171022
"253",2020-12-01,"富士河口湖町",26.343,20,2.09032258064516,0.0645161290322581,78,4.36944785246702,34131,"2020-12-01",0.436,10.4379613412078
"254",2020-12-01,"小菅村",0.393,0,4.95806451612903,0.0161290322580645,1,0.693147180559945,NA,"2020-12-01",0.068,NA
"255",2020-12-01,"山中湖村",5.687,6,0.396774193548387,0.17741935483871,26,3.29583686600433,8573,"2020-12-01",0.04,9.05637300867876
"256",2020-12-01,"山梨市",2.598,6,4.95806451612903,0.0161290322580645,27,3.3322045101752,32758,"2020-12-01",4.091,10.3969024860423
"257",2020-12-01,"市川三郷町",0.343,1,4.21290322580645,0.129032258064516,7,2.07944154167984,16395,"2020-12-01",1.879,9.70473168927875
"258",2020-12-01,"忍野村",9.425,7,0.396774193548387,0.17741935483871,11,2.484906649788,8466,"2020-12-01",0.066,9.04381342108087
"259",2020-12-01,"早川町",0.023,1,4.21290322580645,0.129032258064516,3,1.38629436111989,1223,"2020-12-01",0.122,7.10906213568717
"260",2020-12-01,"昭和町",1.663,21,5.6741935483871,0.032258064516129,79,4.38202663467388,32545,"2020-12-01",1.554,10.3903790260065
"261",2020-12-01,"甲州市",3.583,10,4.95806451612903,0.0161290322580645,33,3.52636052461616,29739,"2020-12-01",1.585,10.300214594701
"262",2020-12-01,"甲府市",39.688,73,5.6741935483871,0.032258064516129,281,5.64190707093811,194427,"2020-12-01",50.904,12.1778120502532
"263",2020-12-01,"甲斐市",5.044,16,5.6741935483871,0.032258064516129,57,4.06044301054642,71428,"2020-12-01",10.955,11.176445228317
"264",2020-12-01,"笛吹市",11.645,20,3.10322580645161,0.0161290322580645,71,4.27666611901606,67405,"2020-12-01",20.892,11.1184744781252
"265",2020-12-01,"西桂町",4.162,0,2.09032258064516,0.0645161290322581,1,0.693147180559945,4468,"2020-12-01",0.029,8.40469616018909
"266",2020-12-01,"身延町",0.248,1,4.21290322580645,0.129032258064516,6,1.94591014905531,12629,"2020-12-01",1.362,9.44375103564617
"267",2020-12-01,"道志村",0.91,1,4.12903225806452,0.0161290322580645,3,1.38629436111989,1571,"2020-12-01",0.158,7.35946763825562
"268",2020-12-01,"都留市",16.728,9,4.12903225806452,0.0161290322580645,26,3.29583686600433,30514,"2020-12-01",3.135,10.3259408736731
"269",2020-12-01,"韮崎市",5.532,9,4.14838709677419,0.161290322580645,21,3.09104245335832,33285,"2020-12-01",9.631,10.4128621240348
"270",2020-12-01,"鳴沢村",3.076,2,2.09032258064516,0.0645161290322581,11,2.484906649788,3123,"2020-12-01",0.022,8.04654935728308
"271",2021-01-01,"上野原市",8.24,4,1.40967741935484,1.54838709677419,33,3.52636052461616,NA,"2021-01-01",12.556,NA
"272",2021-01-01,"中央市",8.407,4,3.32258064516129,1.06451612903226,28,3.36729582998647,NA,"2021-01-01",1.253,NA
"273",2021-01-01,"丹波山村",0.185,0,2.53548387096774,1.17741935483871,5,1.79175946922805,NA,"2021-01-01",0.299,NA
"274",2021-01-01,"北杜市",10.454,9,0.561290322580645,1.20967741935484,70,4.26267987704132,NA,"2021-01-01",0.72,NA
"275",2021-01-01,"南アルプス市",18.857,17,1.88064516129032,1.04838709677419,49,3.91202300542815,NA,"2021-01-01",5.472,NA
"276",2021-01-01,"南部町",0.491,1,4.02903225806452,1.91935483870968,7,2.07944154167984,NA,"2021-01-01",0.167,NA
"277",2021-01-01,"大月市",8.905,4,1.40967741935484,1.54838709677419,28,3.36729582998647,NA,"2021-01-01",12.949,NA
"278",2021-01-01,"富士吉田市",55.973,32,-0.396774193548387,1.45161290322581,87,4.47733681447821,NA,"2021-01-01",49.17,NA
"279",2021-01-01,"富士川町",1.079,4,2.31935483870968,1.41935483870968,24,3.2188758248682,NA,"2021-01-01",0.325,NA
"280",2021-01-01,"富士河口湖町",25.809,15,-0.396774193548387,1.45161290322581,93,4.54329478227,NA,"2021-01-01",26.343,NA
"281",2021-01-01,"小菅村",0.242,0,2.53548387096774,1.17741935483871,1,0.693147180559945,NA,"2021-01-01",0.393,NA
"282",2021-01-01,"山中湖村",4.994,3,-1.78709677419355,1.74193548387097,29,3.40119738166216,NA,"2021-01-01",5.687,NA
"283",2021-01-01,"山梨市",2.261,7,2.53548387096774,1.17741935483871,34,3.55534806148941,NA,"2021-01-01",2.598,NA
"284",2021-01-01,"市川三郷町",1.242,0,2.31935483870968,1.41935483870968,7,2.07944154167984,NA,"2021-01-01",0.343,NA
"285",2021-01-01,"忍野村",9.137,2,-1.78709677419355,1.74193548387097,13,2.63905732961526,NA,"2021-01-01",9.425,NA
"286",2021-01-01,"早川町",0.066,0,2.31935483870968,1.41935483870968,3,1.38629436111989,NA,"2021-01-01",0.023,NA
"287",2021-01-01,"昭和町",3.6,9,3.32258064516129,1.06451612903226,88,4.48863636973214,NA,"2021-01-01",1.663,NA
"288",2021-01-01,"甲州市",5.06,7,2.53548387096774,1.17741935483871,40,3.71357206670431,NA,"2021-01-01",3.583,NA
"289",2021-01-01,"甲府市",106.818,47,3.32258064516129,1.06451612903226,328,5.79605775076537,NA,"2021-01-01",39.688,NA
"290",2021-01-01,"甲斐市",21.888,10,3.32258064516129,1.06451612903226,67,4.21950770517611,NA,"2021-01-01",5.044,NA
"291",2021-01-01,"笛吹市",16.222,17,0.809677419354839,1.24193548387097,88,4.48863636973214,NA,"2021-01-01",11.645,NA
"292",2021-01-01,"西桂町",3.578,5,-0.396774193548387,1.45161290322581,6,1.94591014905531,NA,"2021-01-01",4.162,NA
"293",2021-01-01,"身延町",0.835,0,2.31935483870968,1.41935483870968,6,1.94591014905531,NA,"2021-01-01",0.248,NA
"294",2021-01-01,"道志村",0.562,2,1.40967741935484,1.54838709677419,5,1.79175946922805,NA,"2021-01-01",0.91,NA
"295",2021-01-01,"都留市",11.53,25,1.40967741935484,1.54838709677419,51,3.95124371858143,NA,"2021-01-01",16.728,NA
"296",2021-01-01,"韮崎市",1.669,6,1.88064516129032,1.04838709677419,27,3.3322045101752,NA,"2021-01-01",5.532,NA
"297",2021-01-01,"鳴沢村",2.889,1,-0.396774193548387,1.45161290322581,12,2.56494935746154,NA,"2021-01-01",3.076,NA
"298",2021-02-01,"上野原市",0.762,1,5.175,1.66071428571429,34,3.55534806148941,NA,"2021-02-01",8.24,NA
"299",2021-02-01,"中央市",4.165,10,6.96071428571429,1.42857142857143,38,3.66356164612965,NA,"2021-02-01",8.407,NA
"300",2021-02-01,"丹波山村",0.019,0,5.81428571428571,1.39285714285714,5,1.79175946922805,NA,"2021-02-01",0.185,NA
"301",2021-02-01,"北杜市",5.056,17,3.00357142857143,1.375,87,4.47733681447821,NA,"2021-02-01",10.454,NA
"302",2021-02-01,"南アルプス市",1.087,27,5.16071428571429,1.875,76,4.34380542185368,NA,"2021-02-01",18.857,NA
"303",2021-02-01,"南部町",0.339,0,7.05714285714286,3.69642857142857,7,2.07944154167984,NA,"2021-02-01",0.491,NA
"304",2021-02-01,"大月市",0.786,4,5.175,1.66071428571429,32,3.49650756146648,NA,"2021-02-01",8.905,NA
"305",2021-02-01,"富士吉田市",2.039,78,2.91071428571429,2.08928571428571,165,5.11198778835654,NA,"2021-02-01",55.973,NA
"306",2021-02-01,"富士川町",0.666,4,5.70714285714286,2.17857142857143,28,3.36729582998647,NA,"2021-02-01",1.079,NA
"307",2021-02-01,"富士河口湖町",1.12,31,2.91071428571429,2.08928571428571,124,4.8283137373023,NA,"2021-02-01",25.809,NA
"308",2021-02-01,"小菅村",0.024,1,5.81428571428571,1.39285714285714,2,1.09861228866811,NA,"2021-02-01",0.242,NA
"309",2021-02-01,"山中湖村",0.244,4,1.11071428571429,2.53571428571429,33,3.52636052461616,NA,"2021-02-01",4.994,NA
"310",2021-02-01,"山梨市",0.28,12,5.81428571428571,1.39285714285714,46,3.85014760171006,NA,"2021-02-01",2.261,NA
"311",2021-02-01,"市川三郷町",0.699,4,5.70714285714286,2.17857142857143,11,2.484906649788,NA,"2021-02-01",1.242,NA
"312",2021-02-01,"忍野村",0.405,0,1.11071428571429,2.53571428571429,13,2.63905732961526,NA,"2021-02-01",9.137,NA
"313",2021-02-01,"早川町",0.045,0,5.70714285714286,2.17857142857143,3,1.38629436111989,NA,"2021-02-01",0.066,NA
"314",2021-02-01,"昭和町",0.502,41,6.96071428571429,1.42857142857143,129,4.86753445045558,NA,"2021-02-01",3.6,NA
"315",2021-02-01,"甲州市",2.348,16,5.81428571428571,1.39285714285714,56,4.04305126783455,NA,"2021-02-01",5.06,NA
"316",2021-02-01,"甲府市",7.954,172,6.96071428571429,1.42857142857143,500,6.21660610108486,NA,"2021-02-01",106.818,NA
"317",2021-02-01,"甲斐市",1.092,41,6.96071428571429,1.42857142857143,108,4.69134788222914,NA,"2021-02-01",21.888,NA
"318",2021-02-01,"笛吹市",5.464,25,3.95714285714286,1.375,113,4.7361984483945,NA,"2021-02-01",16.222,NA
"319",2021-02-01,"西桂町",0.178,1,2.91071428571429,2.08928571428571,7,2.07944154167984,NA,"2021-02-01",3.578,NA
"320",2021-02-01,"身延町",0.507,0,5.70714285714286,2.17857142857143,6,1.94591014905531,NA,"2021-02-01",0.835,NA
"321",2021-02-01,"道志村",0.055,2,5.175,1.66071428571429,7,2.07944154167984,NA,"2021-02-01",0.562,NA
"322",2021-02-01,"都留市",0.999,18,5.175,1.66071428571429,69,4.24849524204936,NA,"2021-02-01",11.53,NA
"323",2021-02-01,"韮崎市",0.035,11,5.16071428571429,1.875,38,3.66356164612965,NA,"2021-02-01",1.669,NA
"324",2021-02-01,"鳴沢村",0.132,1,2.91071428571429,2.08928571428571,13,2.63905732961526,NA,"2021-02-01",2.889,NA
"325",2021-03-01,"上野原市",4.755,6,9.81290322580645,4.06451612903226,40,3.71357206670431,NA,"2021-03-01",0.762,NA
"326",2021-03-01,"中央市",3.618,19,11.5225806451613,3.29032258064516,57,4.06044301054642,NA,"2021-03-01",4.165,NA
"327",2021-03-01,"丹波山村",0.041,0,10.6354838709677,2.87096774193548,5,1.79175946922805,NA,"2021-03-01",0.019,NA
"328",2021-03-01,"北杜市",1.112,24,7.64193548387097,2.74193548387097,111,4.71849887129509,NA,"2021-03-01",5.056,NA
"329",2021-03-01,"南アルプス市",1.309,18,9.88709677419355,3.69354838709677,94,4.55387689160054,NA,"2021-03-01",1.087,NA
"330",2021-03-01,"南部町",0.018,2,11.7451612903226,10.4032258064516,9,2.30258509299405,NA,"2021-03-01",0.339,NA
"331",2021-03-01,"大月市",1.81,16,9.81290322580645,4.06451612903226,48,3.89182029811063,NA,"2021-03-01",0.786,NA
"332",2021-03-01,"富士吉田市",0.664,58,7.41612903225806,4.83870967741935,223,5.41164605185504,NA,"2021-03-01",2.039,NA
"333",2021-03-01,"富士川町",0.036,4,10.6193548387097,5.66129032258065,32,3.49650756146648,NA,"2021-03-01",0.666,NA
"334",2021-03-01,"富士河口湖町",0.364,25,7.41612903225806,4.83870967741935,149,5.01063529409626,NA,"2021-03-01",1.12,NA
"335",2021-03-01,"小菅村",0.055,0,10.6354838709677,2.87096774193548,2,1.09861228866811,NA,"2021-03-01",0.024,NA
"336",2021-03-01,"山中湖村",0.08,5,6.10322580645161,9.7258064516129,38,3.66356164612965,NA,"2021-03-01",0.244,NA
"337",2021-03-01,"山梨市",0.084,15,10.6354838709677,2.87096774193548,61,4.12713438504509,NA,"2021-03-01",0.28,NA
"338",2021-03-01,"市川三郷町",0.038,6,10.6193548387097,5.66129032258065,17,2.89037175789616,NA,"2021-03-01",0.699,NA
"339",2021-03-01,"忍野村",0.132,8,6.10322580645161,9.7258064516129,21,3.09104245335832,NA,"2021-03-01",0.405,NA
"340",2021-03-01,"早川町",0.002,1,10.6193548387097,5.66129032258065,4,1.6094379124341,NA,"2021-03-01",0.045,NA
"341",2021-03-01,"昭和町",1.05,24,11.5225806451613,3.29032258064516,153,5.03695260241363,NA,"2021-03-01",0.502,NA
"342",2021-03-01,"甲州市",0.076,14,10.6354838709677,2.87096774193548,70,4.26267987704132,NA,"2021-03-01",2.348,NA
"343",2021-03-01,"甲府市",9.905,217,11.5225806451613,3.29032258064516,717,6.57646956904822,NA,"2021-03-01",7.954,NA
"344",2021-03-01,"甲斐市",1.419,31,11.5225806451613,3.29032258064516,139,4.9416424226093,NA,"2021-03-01",1.092,NA
"345",2021-03-01,"笛吹市",0.437,51,8.91290322580645,6.20967741935484,164,5.10594547390058,NA,"2021-03-01",5.464,NA
"346",2021-03-01,"西桂町",0.058,2,7.41612903225806,4.83870967741935,9,2.30258509299405,NA,"2021-03-01",0.178,NA
"347",2021-03-01,"身延町",0.028,4,10.6193548387097,5.66129032258065,10,2.39789527279837,NA,"2021-03-01",0.507,NA
"348",2021-03-01,"道志村",0.127,1,9.81290322580645,4.06451612903226,8,2.19722457733622,NA,"2021-03-01",0.055,NA
"349",2021-03-01,"都留市",2.299,22,9.81290322580645,4.06451612903226,91,4.52178857704904,NA,"2021-03-01",0.999,NA
"350",2021-03-01,"韮崎市",0.439,16,9.88709677419355,3.69354838709677,54,4.00733318523247,NA,"2021-03-01",0.035,NA
"351",2021-03-01,"鳴沢村",0.044,1,7.41612903225806,4.83870967741935,14,2.70805020110221,NA,"2021-03-01",0.132,NA
"352",2021-04-01,"上野原市",9.312,18,12.35,2.5,58,4.07753744390572,NA,"2021-04-01",4.755,NA
"353",2021-04-01,"中央市",2.223,20,14.4966666666667,1.83333333333333,77,4.35670882668959,NA,"2021-04-01",3.618,NA
"354",2021-04-01,"丹波山村",0.198,0,13.6033333333333,1.73333333333333,5,1.79175946922805,NA,"2021-04-01",0.041,NA
"355",2021-04-01,"北杜市",6.31,61,10.1233333333333,1.41666666666667,172,5.15329159449778,NA,"2021-04-01",1.112,NA
"356",2021-04-01,"南アルプス市",52.849,35,12.8666666666667,1.55,129,4.86753445045558,NA,"2021-04-01",1.309,NA
"357",2021-04-01,"南部町",1.451,6,14.05,5.56666666666667,15,2.77258872223978,NA,"2021-04-01",0.018,NA
"358",2021-04-01,"大月市",8.574,11,12.35,2.5,59,4.0943445622221,NA,"2021-04-01",1.81,NA
"359",2021-04-01,"富士吉田市",13.104,43,9.81,3.11666666666667,266,5.58724865840025,NA,"2021-04-01",0.664,NA
"360",2021-04-01,"富士川町",2.849,16,13.26,2.63333333333333,48,3.89182029811063,NA,"2021-04-01",0.036,NA
"361",2021-04-01,"富士河口湖町",3.631,44,9.81,3.11666666666667,193,5.26785815906333,NA,"2021-04-01",0.364,NA
"362",2021-04-01,"小菅村",0.26,1,13.6033333333333,1.73333333333333,3,1.38629436111989,NA,"2021-04-01",0.055,NA
"363",2021-04-01,"山中湖村",0.653,23,8.58333333333333,5.13333333333333,61,4.12713438504509,NA,"2021-04-01",0.08,NA
"364",2021-04-01,"山梨市",6.667,18,13.6033333333333,1.73333333333333,79,4.38202663467388,NA,"2021-04-01",0.084,NA
"365",2021-04-01,"市川三郷町",3.096,9,13.26,2.63333333333333,26,3.29583686600433,NA,"2021-04-01",0.038,NA
"366",2021-04-01,"忍野村",1.083,4,8.58333333333333,5.13333333333333,25,3.25809653802148,NA,"2021-04-01",0.132,NA
"367",2021-04-01,"早川町",0.193,0,13.26,2.63333333333333,4,1.6094379124341,NA,"2021-04-01",0.002,NA
"368",2021-04-01,"昭和町",2.726,35,14.4966666666667,1.83333333333333,188,5.24174701505964,NA,"2021-04-01",1.05,NA
"369",2021-04-01,"甲州市",1.816,24,13.6033333333333,1.73333333333333,94,4.55387689160054,NA,"2021-04-01",0.076,NA
"370",2021-04-01,"甲府市",71.676,213,14.4966666666667,1.83333333333333,930,6.83625927727707,NA,"2021-04-01",9.905,NA
"371",2021-04-01,"甲斐市",21.763,39,14.4966666666667,1.83333333333333,178,5.18738580584075,NA,"2021-04-01",1.419,NA
"372",2021-04-01,"笛吹市",15.095,67,11.53,2.91666666666667,231,5.44673737166631,NA,"2021-04-01",0.437,NA
"373",2021-04-01,"西桂町",0.476,5,9.81,3.11666666666667,14,2.70805020110221,NA,"2021-04-01",0.058,NA
"374",2021-04-01,"身延町",2.308,11,13.26,2.63333333333333,21,3.09104245335832,NA,"2021-04-01",0.028,NA
"375",2021-04-01,"道志村",0.602,2,12.35,2.5,10,2.39789527279837,NA,"2021-04-01",0.127,NA
"376",2021-04-01,"都留市",10.887,19,12.35,2.5,110,4.70953020131233,NA,"2021-04-01",2.299,NA
"377",2021-04-01,"韮崎市",3.811,22,12.8666666666667,1.55,76,4.34380542185368,NA,"2021-04-01",0.439,NA
"378",2021-04-01,"鳴沢村",0.384,1,9.81,3.11666666666667,15,2.77258872223978,NA,"2021-04-01",0.044,NA
