"week","pref","rain","avg_temp","Sales","customers","newcaseday","GZnew","cumGZ","emergency","avg_temp_q"
2018-12-31,"Gunma",0,4.35714285714286,63627921,19624,0,0,0,0,18.984693877551
2018-12-31,"Ibaragi",0,3.15714285714286,67014750,25383,0,0,0,0,9.96755102040816
2018-12-31,"Nagano",1.83333333333333,-0.114285714285714,48611445,27843,0,0,0,0,0.0130612244897959
2018-12-31,"Shizuoka",0.166666666666667,6.75238095238095,81822577,39099,0,0,0,0,45.5946485260771
2018-12-31,"Tochigi",0,2.53571428571429,54526778,29245,0,0,0,0,6.42984693877551
2018-12-31,"Yamanashi",0,1.15714285714286,14935850,5656,0,0,0,0,1.33897959183673
2019-01-07,"Gunma",0,3.87857142857143,73889682,21920,0,0,0,0,15.0433163265306
2019-01-07,"Ibaragi",0,3.41428571428571,78159912,29675,0,0,0,0,11.6573469387755
2019-01-07,"Nagano",2.16666666666667,-0.0904761904761905,41936713,23765,0,0,0,0,0.0081859410430839
2019-01-07,"Shizuoka",0,6.84285714285714,77566888,33709,0,0,0,0,46.824693877551
2019-01-07,"Tochigi",0,2.56428571428571,52177005,26276,0,0,0,0,6.5755612244898
2019-01-07,"Yamanashi",0.25,2.12857142857143,13695545,5056,0,0,0,0,4.53081632653061
2019-01-14,"Gunma",0,4.4,75418284,22919,0,0,0,0,19.36
2019-01-14,"Ibaragi",0,4.72857142857143,72523540,27607,0,0,0,0,22.359387755102
2019-01-14,"Nagano",5,1.09047619047619,41077617,23740,0,0,0,0,1.18913832199546
2019-01-14,"Shizuoka",1.33333333333333,7.2047619047619,79079399,35427,0,0,0,0,51.9085941043084
2019-01-14,"Tochigi",0,3.83571428571429,52271734,26957,0,0,0,0,14.7127040816327
2019-01-14,"Yamanashi",0,2.66428571428571,14072844,5168,0,0,0,0,7.09841836734694
2019-01-21,"Gunma",0.25,3.52142857142857,75019627,22609,0,0,0,0,12.4004591836735
2019-01-21,"Ibaragi",0.333333333333333,3.30476190476191,75993414,27439,0,0,0,0,10.9214512471655
2019-01-21,"Nagano",7.16666666666667,-0.238095238095238,41458650,22529,0,0,0,0,0.0566893424036281
2019-01-21,"Shizuoka",0,6.56666666666667,82825003,36439,0,0,0,0,43.1211111111111
2019-01-21,"Tochigi",0,2.82857142857143,51016290,25631,0,0,0,0,8.00081632653061
2019-01-21,"Yamanashi",0,1.76428571428571,14021301,5174,0,0,0,0,3.11270408163265
2019-01-28,"Gunma",0,4.69285714285714,73360700,21742,0,0,0,0,22.0229081632653
2019-01-28,"Ibaragi",10.5,4.34761904761905,68349812,25602,0,0,0,0,18.90179138322
2019-01-28,"Nagano",11.3333333333333,-0.0238095238095238,39751319,21466,0,0,0,0,0.000566893424036283
2019-01-28,"Shizuoka",24,6.56666666666667,78282784,35046,0,0,0,0,43.1211111111111
2019-01-28,"Tochigi",6,3.90714285714286,45881737,23200,0,0,0,0,15.2657653061224
2019-01-28,"Yamanashi",9.25,1.92857142857143,13123411,4617,0,0,0,0,3.71938775510204
2019-02-04,"Gunma",0,5.22857142857143,79255773,23287,0,0,0,0,27.3379591836735
2019-02-04,"Ibaragi",6.33333333333333,5.17619047619048,71752611,27534,0,0,0,0,26.792947845805
2019-02-04,"Nagano",7.83333333333333,1.69047619047619,46787942,25901,0,0,0,0,2.85770975056689
2019-02-04,"Shizuoka",14.6666666666667,9.03809523809524,85894952,37695,0,0,0,0,81.6871655328798
2019-02-04,"Tochigi",1,4.37142857142857,51200575,26052,0,0,0,0,19.109387755102
2019-02-04,"Yamanashi",4.5,3.85714285714286,13498539,4870,0,0,0,0,14.8775510204082
2019-02-11,"Gunma",0,3.42142857142857,81128739,23837,0,0,0,0,11.7061734693878
2019-02-11,"Ibaragi",0.166666666666667,3.44761904761905,74738679,27748,0,0,0,0,11.8860770975057
2019-02-11,"Nagano",0,0.428571428571429,44858830,25109,0,0,0,0,0.183673469387755
2019-02-11,"Shizuoka",0,7.32380952380952,81120928,37076,0,0,0,0,53.6381859410431
2019-02-11,"Tochigi",0,2.91428571428571,53873693,28203,0,0,0,0,8.49306122448979
2019-02-11,"Yamanashi",0,2.74285714285714,13533855,5060,0,0,0,0,7.52326530612245
2019-02-18,"Gunma",1.25,8.02857142857143,81350749,24243,0,0,0,0,64.4579591836735
2019-02-18,"Ibaragi",7.5,7.34761904761905,76791633,29018,0,0,0,0,53.9875056689342
2019-02-18,"Nagano",12.1666666666667,4.37142857142857,45412910,25036,0,0,0,0,19.109387755102
2019-02-18,"Shizuoka",16.3333333333333,10.4333333333333,84334882,37973,0,0,0,0,108.854444444444
2019-02-18,"Tochigi",12,6.89285714285714,51347995,26397,0,0,0,0,47.5114795918367
2019-02-18,"Yamanashi",6.75,6.29285714285714,13850608,4835,0,0,0,0,39.6000510204082
2019-02-25,"Gunma",12.25,7.86428571428571,80342550,23860,0,0,0,0,61.8469897959184
2019-02-25,"Ibaragi",39,7.83333333333333,78455189,29450,0,0,0,0,61.3611111111111
2019-02-25,"Nagano",12.8333333333333,5.03809523809524,46911253,25195,0,0,0,0,25.3824036281179
2019-02-25,"Shizuoka",34.1666666666667,10.9095238095238,84007068,38330,0,0,0,0,119.017709750567
2019-02-25,"Tochigi",27,7.15714285714286,52160140,26654,0,0,0,0,51.224693877551
2019-02-25,"Yamanashi",27,6.50714285714286,13752001,5023,0,0,0,0,42.3429081632653
2019-03-04,"Gunma",32.5,8.67142857142857,78489787,23385,0,0,0,0,75.1936734693877
2019-03-04,"Ibaragi",29.8333333333333,8.44761904761905,77079724,29395,0,0,0,0,71.3622675736961
2019-03-04,"Nagano",36.5,5.57142857142857,44653847,25022,0,0,0,0,31.0408163265306
2019-03-04,"Shizuoka",50.6666666666667,10.8333333333333,87765814,39825,0,0,0,0,117.361111111111
2019-03-04,"Tochigi",33.75,7.97142857142857,54673736,27776,0,0,0,0,63.5436734693877
2019-03-04,"Yamanashi",40.25,6.92142857142857,14897412,5429,0,0,0,0,47.9061734693878
2019-03-11,"Gunma",26.5,8.62857142857143,84235750,25471,0,0,0,0,74.4522448979592
2019-03-11,"Ibaragi",44,8.43333333333333,86122518,32091,0,0,0,0,71.1211111111111
2019-03-11,"Nagano",24.1666666666667,3.5952380952381,49027427,26462,0,0,0,0,12.9257369614512
2019-03-11,"Shizuoka",6.33333333333333,10.1904761904762,92908390,41328,0,0,0,0,103.845804988662
2019-03-11,"Tochigi",35.75,8.25714285714286,58763940,30433,0,0,0,0,68.1804081632653
2019-03-11,"Yamanashi",30.25,5.63571428571429,15991889,6077,0,0,0,0,31.7612755102041
2019-03-18,"Gunma",0,10.45,87103841,26823,0,0,0,0,109.2025
2019-03-18,"Ibaragi",1.5,10.3190476190476,96092628,35432,0,0,0,0,106.482743764172
2019-03-18,"Nagano",7.66666666666667,7.33809523809524,56900886,29975,0,0,0,0,53.847641723356
2019-03-18,"Shizuoka",6,12.1714285714286,103222934,46148,0,0,0,0,148.143673469388
2019-03-18,"Tochigi",0.75,10.3785714285714,66629050,32777,0,0,0,0,107.714744897959
2019-03-18,"Yamanashi",1,8.65,18172929,6548,0,0,0,0,74.8225
2019-03-25,"Gunma",3,9.44285714285714,97498042,28809,0,0,0,0,89.1675510204082
2019-03-25,"Ibaragi",9.83333333333333,8.96190476190476,95342771,34870,0,0,0,0,80.3157369614513
2019-03-25,"Nagano",13.8333333333333,6.73809523809524,53502060,28516,0,0,0,0,45.4019274376417
2019-03-25,"Shizuoka",4.16666666666667,12.6809523809524,102470254,46253,0,0,0,0,160.806553287982
2019-03-25,"Tochigi",7.25,9.45714285714286,64320549,32230,0,0,0,0,89.4375510204082
2019-03-25,"Yamanashi",1.75,9.16428571428571,18690986,6862,0,0,0,0,83.9841326530612
2019-04-01,"Gunma",0,10.4428571428571,78891714,24526,0,0,0,0,109.053265306122
2019-04-01,"Ibaragi",2.33333333333333,10.1047619047619,72529847,28711,0,0,0,0,102.106213151927
2019-04-01,"Nagano",0.333333333333333,6.8047619047619,42900889,24676,0,0,0,0,46.3047845804989
2019-04-01,"Shizuoka",0,12.452380952381,79714594,37399,0,0,0,0,155.06179138322
2019-04-01,"Tochigi",5.25,9.91428571428571,53739609,29323,0,0,0,0,98.2930612244898
2019-04-01,"Yamanashi",1.25,8.55,15460284,5991,0,0,0,0,73.1025
2019-04-08,"Gunma",21.75,9.10714285714286,80683696,23807,0,0,0,0,82.9400510204082
2019-04-08,"Ibaragi",30.1666666666667,8.87142857142857,77360949,29367,0,0,0,0,78.7022448979592
2019-04-08,"Nagano",35,6.8,44949735,24362,0,0,0,0,46.24
2019-04-08,"Shizuoka",55.1666666666667,11.9333333333333,81441021,36733,0,0,0,0,142.404444444444
2019-04-08,"Tochigi",32.5,8.9,54184393,27268,0,0,0,0,79.21
2019-04-08,"Yamanashi",35.75,7.58571428571429,14396371,5925,0,0,0,0,57.5430612244898
2019-04-15,"Gunma",0,15.6428571428571,81513098,23581,0,0,0,0,244.698979591837
2019-04-15,"Ibaragi",14.3333333333333,13.9571428571429,78980328,29826,0,0,0,0,194.801836734694
2019-04-15,"Nagano",3.83333333333333,12.3142857142857,47988694,25984,0,0,0,0,151.641632653061
2019-04-15,"Shizuoka",12.6666666666667,15.9857142857143,86964323,38601,0,0,0,0,255.54306122449
2019-04-15,"Tochigi",4.75,14.8714285714286,56177581,27919,0,0,0,0,221.159387755102
2019-04-15,"Yamanashi",3.25,13.1857142857143,16155219,6430,0,0,0,0,173.86306122449
2019-04-22,"Gunma",24,16.3285714285714,89833832,25595,0,0,0,0,266.622244897959
2019-04-22,"Ibaragi",18.6666666666667,14.0904761904762,88138366,32253,0,0,0,0,198.541519274376
2019-04-22,"Nagano",13.3333333333333,14.2380952380952,52862585,26276,0,0,0,0,202.72335600907
2019-04-22,"Shizuoka",87.8333333333333,17.452380952381,96520358,41736,0,0,0,0,304.585600907029
2019-04-22,"Tochigi",30.5,15.3571428571429,57389155,29058,0,0,0,0,235.841836734694
2019-04-22,"Yamanashi",2.5,15.0285714285714,17190564,6210,0,0,0,0,225.857959183673
2019-04-29,"Gunma",25.5,17.0571428571429,107025586,33117,0,0,0,0,290.94612244898
2019-04-29,"Ibaragi",35.8333333333333,16.0857142857143,113830421,44128,0,0,0,0,258.750204081633
2019-04-29,"Nagano",20.8333333333333,14.3095238095238,86707289,46137,0,0,0,0,204.762471655329
2019-04-29,"Shizuoka",68.6666666666667,17.3857142857143,134609528,66121,0,0,0,0,302.26306122449
2019-04-29,"Tochigi",57.5,16.9285714285714,87837313,47061,0,0,0,0,286.576530612245
2019-04-29,"Yamanashi",23.75,14.0785714285714,24216131,9406,0,0,0,0,198.206173469388
2019-05-06,"Gunma",7.25,17.9928571428571,70430191,21378,0,0,0,0,323.742908163265
2019-05-06,"Ibaragi",0.333333333333333,16.3190476190476,67117229,26591,0,0,0,0,266.311315192744
2019-05-06,"Nagano",8.66666666666667,14.8047619047619,42170523,23836,0,0,0,0,219.180975056689
2019-05-06,"Shizuoka",11.5,18.0952380952381,70497741,34191,0,0,0,0,327.437641723356
2019-05-06,"Tochigi",6.75,17.1785714285714,50900623,27501,0,0,0,0,295.103316326531
2019-05-06,"Yamanashi",11.5,14.8571428571429,14490668,5803,0,0,0,0,220.734693877551
2019-05-13,"Gunma",4,20.05,74808922,22722,0,0,0,0,402.0025
2019-05-13,"Ibaragi",4.83333333333333,17.6190476190476,70968631,27964,0,0,0,0,310.430839002268
2019-05-13,"Nagano",12,17.9333333333333,43435708,23964,0,0,0,0,321.604444444444
2019-05-13,"Shizuoka",25.3333333333333,19.5952380952381,80469719,36270,0,0,0,0,383.97335600907
2019-05-13,"Tochigi",0.5,18.9285714285714,50214803,26407,0,0,0,0,358.290816326531
2019-05-13,"Yamanashi",9.5,16.1214285714286,14906646,5723,0,0,0,0,259.900459183674
2019-05-20,"Gunma",40.25,22.4071428571429,77051554,22792,0,0,0,0,502.080051020408
2019-05-20,"Ibaragi",65.3333333333333,19.8,68736349,26430,0,0,0,0,392.04
2019-05-20,"Nagano",52.5,19.0285714285714,47700428,25492,0,0,0,0,362.086530612245
2019-05-20,"Shizuoka",174.166666666667,21.0142857142857,82829259,37067,0,0,0,0,441.600204081633
2019-05-20,"Tochigi",92,21.1714285714286,49128045,25100,0,0,0,0,448.229387755102
2019-05-20,"Yamanashi",75.25,18.8785714285714,13913155,5640,0,0,0,0,356.400459183674
2019-05-27,"Gunma",1.75,22.7857142857143,78411116,23951,0,0,0,0,519.188775510204
2019-05-27,"Ibaragi",8,20.8,71188867,27362,0,0,0,0,432.64
2019-05-27,"Nagano",11.5,19.0190476190476,46333189,24926,0,0,0,0,361.724172335601
2019-05-27,"Shizuoka",45.5,21.6809523809524,84013674,37599,0,0,0,0,470.063696145125
2019-05-27,"Tochigi",3,22.2714285714286,51273108,27190,0,0,0,0,496.016530612245
2019-05-27,"Yamanashi",2.5,19.2214285714286,14256009,5404,0,0,0,0,369.463316326531
2019-06-03,"Gunma",22.75,22.3642857142857,72701549,22201,0,0,0,0,500.161275510204
2019-06-03,"Ibaragi",16.1666666666667,20.147619047619,69035714,27120,0,0,0,0,405.926553287982
2019-06-03,"Nagano",34.8333333333333,20.2,44173588,24271,0,0,0,0,408.04
2019-06-03,"Shizuoka",71.5,22.1190476190476,78622583,35970,0,0,0,0,489.252267573696
2019-06-03,"Tochigi",31,21.3214285714286,48726195,25832,0,0,0,0,454.603316326531
2019-06-03,"Yamanashi",27.5,19.75,14000515,5516,0,0,0,0,390.0625
2019-06-10,"Gunma",70.75,19.4714285714286,78287786,23717,0,0,0,0,379.136530612245
2019-06-10,"Ibaragi",96.8333333333333,18.8857142857143,72623741,27929,0,0,0,0,356.670204081633
2019-06-10,"Nagano",47.6666666666667,17.7952380952381,46743192,25415,0,0,0,0,316.670498866213
2019-06-10,"Shizuoka",111.666666666667,20.4238095238095,83556195,37822,0,0,0,0,417.131995464853
2019-06-10,"Tochigi",81,19.2285714285714,51994285,27284,0,0,0,0,369.737959183673
2019-06-10,"Yamanashi",109,17.2142857142857,14868690,5730,0,0,0,0,296.331632653061
2019-06-17,"Gunma",30.5,22.6642857142857,76457835,23224,0,0,0,0,513.669846938776
2019-06-17,"Ibaragi",4,21.6333333333333,76236986,29161,0,0,0,0,468.001111111111
2019-06-17,"Nagano",13.6666666666667,20.3333333333333,48048041,25613,0,0,0,0,413.444444444444
2019-06-17,"Shizuoka",23.1666666666667,23.3285714285714,84441225,38001,0,0,0,0,544.222244897959
2019-06-17,"Tochigi",51,21.9785714285714,53945450,27860,0,0,0,0,483.057602040816
2019-06-17,"Yamanashi",3.75,20.6357142857143,15079082,5615,0,0,0,0,425.832704081633
2019-06-24,"Gunma",57.5,23,85396443,24804,0,0,0,0,529
2019-06-24,"Ibaragi",48.3333333333333,21.5761904761905,78554432,29002,0,0,0,0,465.531995464853
2019-06-24,"Nagano",65.3333333333333,22.0714285714286,49477617,25990,0,0,0,0,487.147959183673
2019-06-24,"Shizuoka",71,24.347619047619,89004666,38620,0,0,0,0,592.806553287982
2019-06-24,"Tochigi",71.25,22.2714285714286,54948428,28971,0,0,0,0,496.016530612245
2019-06-24,"Yamanashi",34.5,22.0071428571429,15142131,5759,0,0,0,0,484.314336734694
2019-07-01,"Gunma",34.25,23.1357142857143,78589053,23278,0,0,0,0,535.261275510204
2019-07-01,"Ibaragi",52.6666666666667,21.552380952381,69441576,26719,0,0,0,0,464.505124716553
2019-07-01,"Nagano",44.3333333333333,22.5952380952381,47162961,25424,0,0,0,0,510.544784580499
2019-07-01,"Shizuoka",108.333333333333,23.7,78567684,34847,0,0,0,0,561.69
2019-07-01,"Tochigi",64.75,22.4214285714286,50117037,27048,0,0,0,0,502.720459183673
2019-07-01,"Yamanashi",56.75,21.4642857142857,14064112,5436,0,0,0,0,460.71556122449
2019-07-08,"Gunma",35.25,20.6714285714286,86084220,24644,0,0,0,0,427.307959183673
2019-07-08,"Ibaragi",20.1666666666667,20.3428571428571,81626553,31433,0,0,0,0,413.831836734694
2019-07-08,"Nagano",30.3333333333333,21.7333333333333,52043953,26779,0,0,0,0,472.337777777778
2019-07-08,"Shizuoka",49.3333333333333,22.8142857142857,91915045,41557,0,0,0,0,520.491632653061
2019-07-08,"Tochigi",30.75,20.6142857142857,55392411,28937,0,0,0,0,424.948775510204
2019-07-08,"Yamanashi",32,19.8357142857143,15083655,5567,0,0,0,0,393.45556122449
2019-07-15,"Gunma",27,24.7357142857143,77515922,23663,0,0,0,0,611.85556122449
2019-07-15,"Ibaragi",27.6666666666667,22.9666666666667,75159230,29395,0,0,0,0,527.467777777778
2019-07-15,"Nagano",54.5,23.3428571428571,52285831,27376,0,0,0,0,544.888979591837
2019-07-15,"Shizuoka",96.8333333333333,24.7571428571429,87146770,40767,0,0,0,0,612.91612244898
2019-07-15,"Tochigi",29.5,23.9357142857143,54969946,29749,0,0,0,0,572.918418367347
2019-07-15,"Yamanashi",69.25,22.5142857142857,14936168,5780,0,0,0,0,506.89306122449
2019-07-22,"Gunma",122.5,27.1142857142857,84944393,24823,0,0,0,0,735.184489795918
2019-07-22,"Ibaragi",32.1666666666667,25.9380952380952,77858616,29239,0,0,0,0,672.784784580499
2019-07-22,"Nagano",43.6666666666667,25.7761904761905,54535445,27559,0,0,0,0,664.411995464853
2019-07-22,"Shizuoka",113.166666666667,27.0380952380952,86702352,38646,0,0,0,0,731.058594104308
2019-07-22,"Tochigi",44,26.5928571428571,56060815,28695,0,0,0,0,707.180051020408
2019-07-22,"Yamanashi",39.25,24.7785714285714,15905399,5634,0,0,0,0,613.977602040816
2019-07-29,"Gunma",68.75,30.5214285714286,77942855,23490,0,0,0,0,931.557602040816
2019-07-29,"Ibaragi",0,28.8380952380952,73559006,28580,0,0,0,0,831.635736961451
2019-07-29,"Nagano",18.5,27.6666666666667,54891738,28657,0,0,0,0,765.444444444444
2019-07-29,"Shizuoka",1.66666666666667,28.8142857142857,86429525,41358,0,0,0,0,830.26306122449
2019-07-29,"Tochigi",35.25,29.75,54165529,29251,0,0,0,0,885.0625
2019-07-29,"Yamanashi",31.25,26.9857142857143,15769672,5922,0,0,0,0,728.228775510204
2019-08-05,"Gunma",0.5,30.7357142857143,86186057,25376,0,0,0,0,944.684132653061
2019-08-05,"Ibaragi",0,28.352380952381,83530771,31793,0,0,0,0,803.857505668934
2019-08-05,"Nagano",12.8333333333333,28.1,65163469,32601,0,0,0,0,789.61
2019-08-05,"Shizuoka",0,29.2333333333333,99925712,46881,0,0,0,0,854.587777777778
2019-08-05,"Tochigi",5.25,29.8071428571429,60664513,31229,0,0,0,0,888.465765306122
2019-08-05,"Yamanashi",14.25,27.3928571428571,18256610,7005,0,0,0,0,750.36862244898
2019-08-12,"Gunma",92.75,29.3785714285714,88203072,27976,0,0,0,0,863.100459183674
2019-08-12,"Ibaragi",7.16666666666667,28.1285714285714,90195376,36370,0,0,0,0,791.216530612245
2019-08-12,"Nagano",16.1666666666667,27.8904761904762,78527679,42568,0,0,0,0,777.878662131519
2019-08-12,"Shizuoka",46.8333333333333,28.9714285714286,117867918,58301,0,0,0,0,839.343673469388
2019-08-12,"Tochigi",16,28.85,80374199,43371,0,0,0,0,832.3225
2019-08-12,"Yamanashi",52.5,26.1214285714286,22738113,8670,0,0,0,0,682.329030612245
2019-08-19,"Gunma",62.25,26.2285714285714,75720901,22858,0,0,0,0,687.937959183673
2019-08-19,"Ibaragi",61.8333333333333,25.2809523809524,69764511,28978,0,0,0,0,639.126553287982
2019-08-19,"Nagano",44.3333333333333,24.3380952380952,53246760,28799,0,0,0,0,592.342879818594
2019-08-19,"Shizuoka",23.8333333333333,27.8,85205709,40703,0,0,0,0,772.84
2019-08-19,"Tochigi",93,25.1714285714286,53408112,30497,0,0,0,0,633.600816326531
2019-08-19,"Yamanashi",26,25.0071428571429,16003525,6213,0,0,0,0,625.357193877551
2019-08-26,"Gunma",18.25,25.9571428571429,78057466,23759,0,0,0,0,673.773265306122
2019-08-26,"Ibaragi",13,25.2714285714286,70142271,28064,0,0,0,0,638.645102040816
2019-08-26,"Nagano",42.5,23.2238095238095,54475404,27378,0,0,0,0,539.345328798186
2019-08-26,"Shizuoka",72.1666666666667,26.5428571428571,86999996,40663,0,0,0,0,704.523265306122
2019-08-26,"Tochigi",9.75,25.4428571428571,51823162,28873,0,0,0,0,647.338979591837
2019-08-26,"Yamanashi",18.75,23.8214285714286,15983086,5979,0,0,0,0,567.460459183673
2019-09-02,"Gunma",0.5,26.4571428571429,68579653,20724,0,0,0,0,699.980408163265
2019-09-02,"Ibaragi",22.6666666666667,25.1952380952381,59833902,24031,0,0,0,0,634.800022675737
2019-09-02,"Nagano",10.5,24.7952380952381,47429589,25159,0,0,0,0,614.803832199546
2019-09-02,"Shizuoka",30,27.7619047619048,76569454,35923,0,0,0,0,770.72335600907
2019-09-02,"Tochigi",4,25.9071428571429,45466648,25317,0,0,0,0,671.180051020408
2019-09-02,"Yamanashi",52.25,24.6214285714286,15158964,5525,0,0,0,0,606.214744897959
2019-09-09,"Gunma",54,25.7571428571429,74548813,23525,0,0,0,0,663.430408163265
2019-09-09,"Ibaragi",98.5,24.5285714285714,70327690,27481,0,0,0,0,601.650816326531
2019-09-09,"Nagano",6.66666666666667,23.8761904761905,51273104,26840,0,0,0,0,570.072471655329
2019-09-09,"Shizuoka",20.6666666666667,26.8619047619048,86372978,39993,0,0,0,0,721.561927437642
2019-09-09,"Tochigi",115.75,24.85,53710376,28392,0,0,0,0,617.5225
2019-09-09,"Yamanashi",47,23.6142857142857,15681480,6071,0,0,0,0,557.634489795918
2019-09-16,"Gunma",12,23.1785714285714,76096945,22829,0,0,0,0,537.246173469388
2019-09-16,"Ibaragi",30.3333333333333,21.5380952380952,69576842,27819,0,0,0,0,463.889546485261
2019-09-16,"Nagano",1.16666666666667,20.1095238095238,51424620,28494,0,0,0,0,404.392947845805
2019-09-16,"Shizuoka",12.3333333333333,24.847619047619,87207217,40606,0,0,0,0,617.404172335601
2019-09-16,"Tochigi",21.75,22.3071428571429,54518543,29758,0,0,0,0,497.60862244898
2019-09-16,"Yamanashi",24.5,21.0428571428571,16627360,6361,0,0,0,0,442.801836734694
2019-09-23,"Gunma",3.25,23.2714285714286,74987627,22989,0,0,0,0,541.559387755102
2019-09-23,"Ibaragi",6,22.6714285714286,70104793,27411,0,0,0,0,513.993673469388
2019-09-23,"Nagano",8.83333333333333,21.2761904761905,50823390,28194,0,0,0,0,452.676281179138
2019-09-23,"Shizuoka",13.1666666666667,24.5952380952381,86578461,39868,0,0,0,0,604.925736961451
2019-09-23,"Tochigi",5,22.9357142857143,54717803,28934,0,0,0,0,526.046989795918
2019-09-23,"Yamanashi",5.5,21.3785714285714,16136125,6107,0,0,0,0,457.043316326531
2019-09-30,"Gunma",6,23.8,69186366,21390,0,0,0,0,566.44
2019-09-30,"Ibaragi",10.5,22.2095238095238,72723845,28697,0,0,0,0,493.262947845805
2019-09-30,"Nagano",12.8333333333333,21.1904761904762,44898473,23960,0,0,0,0,449.036281179138
2019-09-30,"Shizuoka",44.6666666666667,24.8571428571429,77934516,34923,0,0,0,0,617.877551020408
2019-09-30,"Tochigi",17.5,23.0714285714286,48473149,25817,0,0,0,0,532.290816326531
2019-09-30,"Yamanashi",7.25,21.3857142857143,14006083,5380,0,0,0,0,457.348775510204
2019-10-07,"Gunma",247.75,20.5285714285714,56450245,17918,0,0,0,0,421.422244897959
2019-10-07,"Ibaragi",154.166666666667,19.9809523809524,54951466,20884,0,0,0,0,399.238458049887
2019-10-07,"Nagano",112.166666666667,17.8095238095238,35312638,19583,0,0,0,0,317.179138321995
2019-10-07,"Shizuoka",257,23.1190476190476,56022206,25364,0,0,0,0,534.490362811791
2019-10-07,"Tochigi",281.25,20.1285714285714,39418287,20648,0,0,0,0,405.159387755102
2019-10-07,"Yamanashi",273.75,19,10648072,3937,0,0,0,0,361
2019-10-14,"Gunma",43.75,17.4214285714286,68006533,21135,0,0,0,0,303.506173469388
2019-10-14,"Ibaragi",33,16.9904761904762,72079361,28144,0,0,0,0,288.676281179138
2019-10-14,"Nagano",57.3333333333333,14.9714285714286,42106299,23889,0,0,0,0,224.143673469388
2019-10-14,"Shizuoka",74,19.5238095238095,78103341,35459,0,0,0,0,381.179138321995
2019-10-14,"Tochigi",41.25,16.8,51765628,27373,0,0,0,0,282.24
2019-10-14,"Yamanashi",60,15.6714285714286,13804958,5317,0,0,0,0,245.593673469388
2019-10-21,"Gunma",109.25,17.4,74188642,22603,0,0,0,0,302.76
2019-10-21,"Ibaragi",149.666666666667,17.0238095238095,76569613,29232,0,0,0,0,289.810090702948
2019-10-21,"Nagano",105.5,14.5333333333333,47984652,25854,0,0,0,0,211.217777777778
2019-10-21,"Shizuoka",92.5,18.8904761904762,81928304,37267,0,0,0,0,356.850090702948
2019-10-21,"Tochigi",91.25,16.8214285714286,53109682,27316,0,0,0,0,282.960459183673
2019-10-21,"Yamanashi",143.5,14.7357142857143,15823866,6048,0,0,0,0,217.141275510204
2019-10-28,"Gunma",4,15.5571428571429,76730214,22895,0,0,0,0,242.024693877551
2019-10-28,"Ibaragi",25.3333333333333,14.6428571428571,76777736,28697,0,0,0,0,214.413265306122
2019-10-28,"Nagano",7.66666666666667,11.7809523809524,48648235,25356,0,0,0,0,138.790839002268
2019-10-28,"Shizuoka",15.5,17.1571428571429,81920971,35854,0,0,0,0,294.367551020408
2019-10-28,"Tochigi",7.75,14.5428571428571,54542872,27685,0,0,0,0,211.494693877551
2019-10-28,"Yamanashi",11,12.9714285714286,15555392,5959,0,0,0,0,168.257959183673
2019-11-04,"Gunma",0,13.3071428571429,70432424,21325,0,0,0,0,177.080051020408
2019-11-04,"Ibaragi",0.833333333333333,12.2333333333333,71646637,27000,0,0,0,0,149.654444444444
2019-11-04,"Nagano",0,8.6047619047619,45416462,25406,0,0,0,0,74.0419274376417
2019-11-04,"Shizuoka",0,15.452380952381,79310775,36228,0,0,0,0,238.776077097506
2019-11-04,"Tochigi",0,11.9857142857143,52162788,28789,0,0,0,0,143.657346938776
2019-11-04,"Yamanashi",0,10.6785714285714,15720323,6099,0,0,0,0,114.031887755102
2019-11-11,"Gunma",3,12.2571428571429,69925801,21249,0,0,0,0,150.237551020408
2019-11-11,"Ibaragi",2.66666666666667,12.4142857142857,74702058,27973,0,0,0,0,154.114489795918
2019-11-11,"Nagano",7.33333333333333,9.32380952380952,45984592,24724,0,0,0,0,86.9334240362812
2019-11-11,"Shizuoka",13.5,15.0619047619048,81276490,35497,0,0,0,0,226.860975056689
2019-11-11,"Tochigi",3,11.5142857142857,52220789,27615,0,0,0,0,132.578775510204
2019-11-11,"Yamanashi",3.5,10.3928571428571,15710391,5898,0,0,0,0,108.011479591837
2019-11-18,"Gunma",46,11.3714285714286,76627514,21799,0,0,0,0,129.309387755102
2019-11-18,"Ibaragi",101.833333333333,11.8761904761905,77976935,28310,0,0,0,0,141.043900226757
2019-11-18,"Nagano",11.6666666666667,9,46375551,25163,0,0,0,0,81
2019-11-18,"Shizuoka",79,15.3333333333333,83706687,36011,0,0,0,0,235.111111111111
2019-11-18,"Tochigi",80.75,11.0428571428571,54437036,26999,0,0,0,0,121.944693877551
2019-11-18,"Yamanashi",38.75,10.6785714285714,16893934,6307,0,0,0,0,114.031887755102
2019-11-25,"Gunma",0,8.77142857142857,78929004,22388,0,0,0,0,76.9379591836735
2019-11-25,"Ibaragi",1.33333333333333,8.05714285714286,78525942,28896,0,0,0,0,64.9175510204082
2019-11-25,"Nagano",2.66666666666667,6.10952380952381,45369415,24484,0,0,0,0,37.3262811791383
2019-11-25,"Shizuoka",19.5,11.6714285714286,90655198,37096,0,0,0,0,136.222244897959
2019-11-25,"Tochigi",2.25,7.37857142857143,54375368,27249,0,0,0,0,54.4433163265306
2019-11-25,"Yamanashi",7,7.18571428571429,16403690,5984,0,0,0,0,51.6344897959184
2019-12-02,"Gunma",0.75,7.74285714285714,86488895,23079,0,0,0,0,59.9518367346939
2019-12-02,"Ibaragi",23.3333333333333,7.55714285714286,83793532,29312,0,0,0,0,57.1104081632653
2019-12-02,"Nagano",16.3333333333333,4.09523809523809,44042445,23778,0,0,0,0,16.7709750566893
2019-12-02,"Shizuoka",43.5,10.1428571428571,95982663,37543,0,0,0,0,102.877551020408
2019-12-02,"Tochigi",1,6.7,60288194,27265,0,0,0,0,44.89
2019-12-02,"Yamanashi",18,5.69285714285714,16008452,5538,0,0,0,0,32.4086224489796
2019-12-09,"Gunma",0,7.93571428571429,96400030,25758,0,0,0,0,62.9755612244898
2019-12-09,"Ibaragi",1.83333333333333,8.45238095238095,100671354,34070,0,0,0,0,71.4427437641723
2019-12-09,"Nagano",0,4.42380952380952,51851770,25813,0,0,0,0,19.5700907029478
2019-12-09,"Shizuoka",3.83333333333333,11.2619047619048,106934466,40301,0,0,0,0,126.830498866213
2019-12-09,"Tochigi",0,7.10714285714286,65964638,29136,0,0,0,0,50.5114795918367
2019-12-09,"Yamanashi",0.75,6.46428571428571,17789335,5700,0,0,0,0,41.7869897959184
2019-12-16,"Gunma",10,7.17857142857143,102169950,26665,0,0,0,0,51.531887755102
2019-12-16,"Ibaragi",13.6666666666667,7.91904761904762,107035164,34355,0,0,0,0,62.7113151927438
2019-12-16,"Nagano",16,5.05714285714286,53454112,25340,0,0,0,0,25.574693877551
2019-12-16,"Shizuoka",24.6666666666667,11.7904761904762,107005632,39571,0,0,0,0,139.015328798186
2019-12-16,"Tochigi",9.25,6.7,67743181,29275,0,0,0,0,44.89
2019-12-16,"Yamanashi",25,6.37142857142857,19312338,6070,0,0,0,0,40.5951020408163
2019-12-23,"Gunma",8.75,5.67857142857143,120872975,30183,0,0,0,0,32.2461734693878
2019-12-23,"Ibaragi",12.5,5.85714285714286,114997994,37367,0,0,0,0,34.3061224489796
2019-12-23,"Nagano",17.3333333333333,2.56666666666667,60297762,27238,0,0,0,0,6.58777777777778
2019-12-23,"Shizuoka",16,9.28571428571429,120362035,44680,0,0,0,0,86.2244897959184
2019-12-23,"Tochigi",7.25,4.85,75976825,33540,0,0,0,0,23.5225
2019-12-23,"Yamanashi",8,3.55,21125830,6548,0,0,0,0,12.6025
2019-12-30,"Gunma",0.25,5.61428571428571,78873001,22002,0,0,0,0,31.5202040816327
2019-12-30,"Ibaragi",5.16666666666667,4.8952380952381,84647809,29745,0,0,0,0,23.9633560090703
2019-12-30,"Nagano",6.375,2.25357142857143,57859847,31464,0,0,0,0,5.07858418367347
2019-12-30,"Shizuoka",6.5,8.36190476190476,107238903,46038,0,0,0,0,69.9214512471655
2019-12-30,"Tochigi",6.25,3.77142857142857,70790743,35758,0,0,0,0,14.2236734693878
2019-12-30,"Yamanashi",2,3.5,18812072,6998,0,0,0,0,12.25
2020-01-06,"Gunma",3.5,5.81428571428571,72618258,21281,0,0,0,0,33.8059183673469
2020-01-06,"Ibaragi",12.8333333333333,5.65714285714286,77639775,27956,0,0,0,0,32.0032653061225
2020-01-06,"Nagano",16.75,3.4,43580475,24131,0,0,0,0,11.56
2020-01-06,"Shizuoka",30,9.74285714285714,76481819,32968,0,0,0,0,94.9232653061225
2020-01-06,"Tochigi",9.5,5.01428571428571,52746071,26702,0,0,0,0,25.1430612244898
2020-01-06,"Yamanashi",12,5.07857142857143,12397850,4633,0,0,0,0,25.791887755102
2020-01-13,"Gunma",0.5,6.18571428571429,76499445,22017,0,0,0,0,38.2630612244898
2020-01-13,"Ibaragi",7,5.88571428571429,76485480,27540,0,0,0,0,34.6416326530612
2020-01-13,"Nagano",1.5,2.30714285714286,43359127,24739,0,0,0,0,5.32290816326531
2020-01-13,"Shizuoka",15,7.52380952380952,80943191,34430,0,0,0,0,56.6077097505669
2020-01-13,"Tochigi",3.5,5.30714285714286,53536268,27188,0,0,0,0,28.1657653061224
2020-01-13,"Yamanashi",8,2.87142857142857,13724227,4901,0,0,0,0,8.24510204081633
2020-01-20,"Gunma",0.5,6.08571428571429,76950287,22076,0,0,0,0,37.0359183673469
2020-01-20,"Ibaragi",2.83333333333333,5.7,79529985,28507,0,0,0,0,32.49
2020-01-20,"Nagano",8.5,3.59285714285714,45575340,24357,0,0,0,0,12.9086224489796
2020-01-20,"Shizuoka",33.3333333333333,9.38095238095238,85174959,34785,0,0,0,0,88.0022675736962
2020-01-20,"Tochigi",0.5,5.05,54577949,27071,0,0,0,0,25.5025
2020-01-20,"Yamanashi",7.25,4.01428571428571,14148086,4717,0,0,0,0,16.1144897959184
2020-01-27,"Gunma",52.25,6.67857142857143,76588105,21410,0,0,0,0,44.6033163265306
2020-01-27,"Ibaragi",109.833333333333,7.5,77286740,27353,0,0,0,0,56.25
2020-01-27,"Nagano",11.125,3.35357142857143,43569976,23333,0,0,0,0,11.2464413265306
2020-01-27,"Shizuoka",25,9.37619047619048,80675305,34234,0,0,0,0,87.912947845805
2020-01-27,"Tochigi",57.25,6.07857142857143,51477222,25264,0,0,0,0,36.9490306122449
2020-01-27,"Yamanashi",59.25,3.77142857142857,12392414,4137,0,0,0,0,14.2236734693878
2020-02-03,"Gunma",0,3.84285714285714,67348104,19850,0,0,0,0,14.7675510204082
2020-02-03,"Ibaragi",0.333333333333333,4.0047619047619,73037687,27061,0,0,0,0,16.0381179138322
2020-02-03,"Nagano",0.875,0.335714285714286,43434029,24128,0,0,0,0,0.112704081632653
2020-02-03,"Shizuoka",0,6.83333333333333,79989600,33938,0,0,0,0,46.6944444444444
2020-02-03,"Tochigi",0,3.11428571428571,50454092,25484,0,0,0,0,9.69877551020408
2020-02-03,"Yamanashi",0,2.12857142857143,13270988,4554,0,0,0,0,4.53081632653061
2020-02-10,"Gunma",1.5,8.27857142857143,79254605,23127,0,0,0,0,68.5347448979592
2020-02-10,"Ibaragi",9,7.53333333333333,76542403,28504,0,0,0,0,56.7511111111111
2020-02-10,"Nagano",27.5,4.66428571428571,45614936,24940,0,0,0,0,21.7555612244898
2020-02-10,"Shizuoka",53.6666666666667,10.5333333333333,80467992,36090,0,0,0,0,110.951111111111
2020-02-10,"Tochigi",2.5,7.24285714285714,55194680,27947,0,0,0,0,52.4589795918367
2020-02-10,"Yamanashi",10,6.00714285714286,13827132,4909,0,0,0,0,36.0857653061224
2020-02-17,"Gunma",0.25,8.21428571428571,79053259,22879,0,0,0,0,67.4744897959184
2020-02-17,"Ibaragi",17.6666666666667,7.73809523809524,79781265,28900,0,0,0,0,59.8781179138322
2020-02-17,"Nagano",6.5,3.85714285714286,47614631,25301,0,0,0,0,14.8775510204082
2020-02-17,"Shizuoka",19,9.48571428571429,89212029,38154,0,0,0,0,89.9787755102041
2020-02-17,"Tochigi",12.75,7.23571428571429,54404100,26595,1,0,0,0,52.3555612244898
2020-02-17,"Yamanashi",4.75,5.63571428571429,13659323,4771,0,0,0,0,31.7612755102041
2020-02-24,"Gunma",4.75,7.95714285714286,71454203,20411,0,0,0,0,63.3161224489796
2020-02-24,"Ibaragi",7.5,7.02857142857143,68906894,25938,0,0,0,0,49.4008163265306
2020-02-24,"Nagano",9.25,3.78571428571429,38552048,21949,2,0,0,0,14.3316326530612
2020-02-24,"Shizuoka",13.8333333333333,9.57619047619048,73326547,33612,1,0,0,0,91.7034240362812
2020-02-24,"Tochigi",4.25,7.02142857142857,49311621,25673,0,0,0,0,49.3004591836735
2020-02-24,"Yamanashi",1,5.55714285714286,13138888,4738,0,0,0,0,30.8818367346939
2020-03-02,"Gunma",1.25,7.86428571428571,55986480,17429,1,0,0,0,61.8469897959184
2020-03-02,"Ibaragi",20.3333333333333,7.46666666666667,59152366,22272,0,0,0,0,55.7511111111111
2020-03-02,"Nagano",6.75,4.96785714285714,34261796,19765,1,0,0,0,24.6796045918367
2020-03-02,"Shizuoka",64.1666666666667,10.452380952381,59743292,28067,0,0,0,0,109.252267573696
2020-03-02,"Tochigi",5.25,7.30714285714286,43401790,23117,1,0,0,0,53.3943367346939
2020-03-02,"Yamanashi",12,6.54285714285714,10488241,3707,2,0,0,0,42.8089795918367
2020-03-09,"Gunma",24.25,10.7,60936225,18367,4,0,0,0,114.49
2020-03-09,"Ibaragi",34.3333333333333,10.4095238095238,66323430,25144,0,0,0,0,108.358185941043
2020-03-09,"Nagano",27.375,7.03214285714286,37737270,21455,1,0,0,0,49.4510331632653
2020-03-09,"Shizuoka",78.3333333333333,12.1333333333333,67283252,30683,2,0,0,0,147.217777777778
2020-03-09,"Tochigi",44.5,10.4,48001880,25742,0,0,0,0,108.16
2020-03-09,"Yamanashi",37.5,8.05714285714286,11392917,3984,0,0,0,0,64.9175510204082
2020-03-16,"Gunma",0,10.7928571428571,65499441,20263,6,0,0,0,116.485765306122
2020-03-16,"Ibaragi",3.5,10.4333333333333,76101386,29328,4,0,0,0,108.854444444444
2020-03-16,"Nagano",9.75,7,46918259,24982,0,0,0,0,49
2020-03-16,"Shizuoka",5.16666666666667,12.2190476190476,83059665,39157,0,0,0,0,149.305124716553
2020-03-16,"Tochigi",0,10.3642857142857,57069417,29958,2,0,0,0,107.418418367347
2020-03-16,"Yamanashi",0.75,8.65714285714286,14924116,5351,0,0,0,0,74.9461224489796
2020-03-23,"Gunma",55.75,10.1357142857143,61296918,17927,7,0,0,0,102.732704081633
2020-03-23,"Ibaragi",49.8333333333333,9.06190476190476,66203842,24760,12,0,0,0,82.1181179138322
2020-03-23,"Nagano",57.75,6.78928571428571,39252914,21625,4,0,0,0,46.0944005102041
2020-03-23,"Shizuoka",102,12.4571428571429,75231714,33979,1,0,0,0,155.180408163265
2020-03-23,"Tochigi",51.5,9.27857142857143,46940455,23700,8,0,0,0,86.091887755102
2020-03-23,"Yamanashi",55,8.74285714285714,12596263,4714,2,0,0,0,76.4375510204082
2020-03-30,"Gunma",18,10.55,39976766,12213,8,0,0,0,111.3025
2020-03-30,"Ibaragi",36,10.5714285714286,37772610,14965,48,0,0,0,111.755102040816
2020-03-30,"Nagano",14.375,7.96071428571429,26299873,15812,4,0,0,0,63.3729719387755
2020-03-30,"Shizuoka",37.6666666666667,13.1380952380952,44438018,22007,12,0,0,0,172.609546485261
2020-03-30,"Tochigi",22,10.3857142857143,31685724,16598,5,0,0,0,107.86306122449
2020-03-30,"Yamanashi",18.5,9.08571428571429,6617052,3117,10,0,0,0,82.5502040816326
2020-04-06,"Gunma",1.5,11.3071428571429,29809560,8494,64,0,0,0,127.851479591837
2020-04-06,"Ibaragi",10.1666666666667,9.87619047619048,24038983,10520,45,0,0,0,97.5391383219955
2020-04-06,"Nagano",2.25,7.61071428571429,18150323,11421,17,0,0,0,57.9229719387755
2020-04-06,"Shizuoka",4.33333333333333,13.0238095238095,31500154,16511,24,0,0,0,169.619614512472
2020-04-06,"Tochigi",10.5,10.2,21718020,11792,18,0,0,0,104.04
2020-04-06,"Yamanashi",7.25,9.36428571428571,4742082,2541,21,0,0,0,87.6898469387755
2020-04-13,"Gunma",105.25,11.9642857142857,22927254,6358,32,0,0,1,143.144132653061
2020-04-13,"Ibaragi",102.666666666667,10.7047619047619,17932460,7162,30,0,0,1,114.591927437642
2020-04-13,"Nagano",69.375,9.05357142857143,13284854,8572,23,0,0,1,81.9671556122449
2020-04-13,"Shizuoka",140.666666666667,13.847619047619,26757677,12514,11,0,0,1,191.756553287982
2020-04-13,"Tochigi",111.25,10.95,16514983,8639,11,0,0,1,119.9025
2020-04-13,"Yamanashi",110.75,9.42142857142857,3815450,1906,14,0,0,1,88.7633163265306
2020-04-20,"Gunma",4.25,12.4571428571429,18444654,5498,19,0,0,1,155.180408163265
2020-04-20,"Ibaragi",22.8333333333333,11.9666666666667,19536836,7535,22,0,0,1,143.201111111111
2020-04-20,"Nagano",12.5,9.39642857142857,12412135,7747,14,0,0,1,88.2928698979592
2020-04-20,"Shizuoka",24.1666666666667,14.3666666666667,24171156,10299,11,0,0,1,206.401111111111
2020-04-20,"Tochigi",15.5,11.8714285714286,14932429,7893,8,0,0,1,140.930816326531
2020-04-20,"Yamanashi",15.5,10.8214285714286,4613425,2049,3,0,0,1,117.103316326531
2020-04-27,"Gunma",0,17.9642857142857,19834344,6150,5,0,0,1,322.71556122449
2020-04-27,"Ibaragi",5.5,16.0380952380952,18985589,7151,4,0,0,1,257.220498866213
2020-04-27,"Nagano",0,15.4714285714286,15706768,9694,4,0,0,1,239.365102040816
2020-04-27,"Shizuoka",0,17.7190476190476,22941792,8568,10,0,0,1,313.964648526077
2020-04-27,"Tochigi",5.25,16.5714285714286,18067992,8569,0,0,0,1,274.612244897959
2020-04-27,"Yamanashi",0,15.0071428571429,4881217,2146,4,0,0,1,225.214336734694
2020-05-04,"Gunma",15.5,17.8928571428571,29264347,8269,1,0,0,1,320.154336734694
2020-05-04,"Ibaragi",28.5,16.7238095238095,24026807,9028,3,0,0,1,279.685804988662
2020-05-04,"Nagano",16.625,16.0428571428571,18317184,11358,5,0,0,1,257.373265306123
2020-05-04,"Shizuoka",32.6666666666667,18.7428571428571,32799970,12860,0,0,0,1,351.294693877551
2020-05-04,"Tochigi",26,17.1428571428571,24867691,10839,2,0,0,1,293.877551020408
2020-05-04,"Yamanashi",9.25,15.9642857142857,6196322,2442,0,0,0,1,254.858418367347
2020-05-11,"Gunma",3.75,21.4571428571429,28143058,7903,0,0,0,1,460.408979591837
2020-05-11,"Ibaragi",10,19.5714285714286,26289160,10488,0,0,0,1,383.040816326531
2020-05-11,"Nagano",13.5,17.7785714285714,18022926,11636,1,0,0,1,316.077602040816
2020-05-11,"Shizuoka",31.6666666666667,20.6142857142857,34185033,15374,0,0,0,1,424.948775510204
2020-05-11,"Tochigi",6.5,20.8428571428571,21173073,10628,4,0,0,1,434.424693877551
2020-05-11,"Yamanashi",8,18.8214285714286,5266245,2519,1,0,0,1,354.246173469388
2020-05-18,"Gunma",59.75,17.0142857142857,32813357,9044,2,0,0,0,289.485918367347
2020-05-18,"Ibaragi",98.5,16.0095238095238,32135399,13051,0,0,0,0,256.30485260771
2020-05-18,"Nagano",31.875,17.6357142857143,22571733,14545,0,0,0,0,311.018418367347
2020-05-18,"Shizuoka",55.3333333333333,19.752380952381,37658691,17734,2,0,0,0,390.156553287982
2020-05-18,"Tochigi",54.25,16.2142857142857,23299323,11605,4,0,0,0,262.90306122449
2020-05-18,"Yamanashi",40.75,16.5642857142857,5418642,2728,3,0,0,0,274.37556122449
2020-05-25,"Gunma",13.25,21.6785714285714,41488996,11440,0,0,0,0,469.960459183674
2020-05-25,"Ibaragi",21.5,19.8238095238095,40282099,16271,0,0,0,0,392.983424036281
2020-05-25,"Nagano",12.375,18.1321428571429,26782605,16287,0,0,0,0,328.774604591837
2020-05-25,"Shizuoka",1,21.8380952380952,43948758,19916,1,0,0,0,476.902403628118
2020-05-25,"Tochigi",41.75,20.4928571428571,29894536,15940,1,0,0,0,419.957193877551
2020-05-25,"Yamanashi",8.25,18.1857142857143,6706112,3197,4,0,0,0,330.720204081633
2020-06-01,"Gunma",32.25,23.6714285714286,50025691,13714,2,0,0,0,560.336530612245
2020-06-01,"Ibaragi",1.16666666666667,21.4714285714286,43145178,17074,0,0,0,0,461.022244897959
2020-06-01,"Nagano",0.125,21.5678571428571,28458703,16961,0,0,0,0,465.172461734694
2020-06-01,"Shizuoka",1.5,23.2714285714286,48208434,21757,0,0,0,0,541.559387755102
2020-06-01,"Tochigi",6.75,22.5285714285714,32841305,18210,1,0,0,0,507.536530612245
2020-06-01,"Yamanashi",2.75,20.95,7855893,3578,3,0,0,0,438.9025
2020-06-08,"Gunma",89.5,24.6785714285714,56253846,14974,0,0,0,0,609.031887755102
2020-06-08,"Ibaragi",72.8333333333333,23.0047619047619,49359250,19083,0,0,0,0,529.219070294785
2020-06-08,"Nagano",96.5,22.4678571428571,30602856,17614,0,0,0,0,504.804604591837
2020-06-08,"Shizuoka",98.3333333333333,23.9714285714286,52025284,23617,2,0,0,0,574.629387755102
2020-06-08,"Tochigi",85.25,23.6857142857143,36236728,19304,0,0,0,0,561.01306122449
2020-06-08,"Yamanashi",34.5,22.35,8759839,3825,4,0,0,0,499.5225
2020-06-15,"Gunma",41.75,23.4642857142857,63409203,17073,0,0,0,0,550.572704081633
2020-06-15,"Ibaragi",34,21.7047619047619,58525449,22148,2,0,0,0,471.096689342404
2020-06-15,"Nagano",37,20.5607142857143,36936139,20409,1,0,0,0,422.742971938776
2020-06-15,"Shizuoka",66.6666666666667,23.2380952380952,59551206,26836,3,0,0,0,540.009070294785
2020-06-15,"Tochigi",68.5,22.2857142857143,42814488,22160,0,0,0,0,496.65306122449
2020-06-15,"Yamanashi",39.75,20.75,11164493,4859,1,0,0,0,430.5625
2020-06-22,"Gunma",52.75,22.75,65864808,17855,1,0,0,0,517.5625
2020-06-22,"Ibaragi",80,20.5142857142857,60799141,22879,3,0,0,0,420.835918367347
2020-06-22,"Nagano",38.875,22.5214285714286,38541721,20596,0,0,0,0,507.214744897959
2020-06-22,"Shizuoka",81.8333333333333,24.4857142857143,64372670,28215,0,0,0,0,599.550204081633
2020-06-22,"Tochigi",79.5,21.8142857142857,44130736,22237,8,0,0,0,475.86306122449
2020-06-22,"Yamanashi",61.5,21.7285714285714,11783589,5008,2,0,0,0,472.130816326531
2020-06-29,"Gunma",50.5,24.6,61328828,17026,3,0,0,0,605.16
2020-06-29,"Ibaragi",79.6666666666667,22.8190476190476,59391444,22102,10,0,0,0,520.708934240363
2020-06-29,"Nagano",90.625,21.9214285714286,37564220,19947,0,0,0,0,480.549030612245
2020-06-29,"Shizuoka",262.166666666667,24.152380952381,59453845,25677,6,0,0,0,583.337505668934
2020-06-29,"Tochigi",75,23.5357142857143,41390128,21383,13,0,0,0,553.929846938775
2020-06-29,"Yamanashi",118.25,21.9,11373398,5010,1,0,0,0,479.61
2020-07-06,"Gunma",70.25,25.0642857142857,62047000,17362,0,0,0,0,628.218418367347
2020-07-06,"Ibaragi",45.1666666666667,24.7666666666667,59545335,22441,16,0,0,0,613.387777777778
2020-07-06,"Nagano",157,22.7785714285714,37091536,19825,1,0,0,0,518.863316326531
2020-07-06,"Shizuoka",194.833333333333,25.1285714285714,60919980,26792,8,0,0,0,631.445102040816
2020-07-06,"Tochigi",74.5,24.5857142857143,42550677,21775,8,0,0,0,604.457346938775
2020-07-06,"Yamanashi",155,23.4071428571429,11459338,5032,1,0,0,0,547.894336734694
2020-07-13,"Gunma",38.75,21.7071428571429,60898766,17399,12,0,0,0,471.200051020408
2020-07-13,"Ibaragi",34.5,20.2428571428571,57652169,22118,26,0,0,0,409.773265306122
2020-07-13,"Nagano",44,21.8892857142857,38237879,20506,6,0,0,0,479.140829081633
2020-07-13,"Shizuoka",115.333333333333,23.6238095238095,63867919,28773,14,0,0,0,558.084376417234
2020-07-13,"Tochigi",38.75,20.8857142857143,40577745,20913,38,0,0,0,436.21306122449
2020-07-13,"Yamanashi",44,21.3857142857143,11152629,4962,2,5,5,0,457.348775510204
2020-07-20,"Gunma",58.5,25.0428571428571,68351518,19694,12,0,0,0,627.144693877551
2020-07-20,"Ibaragi",55.5,23.447619047619,68237805,25579,17,0,0,0,549.790839002267
2020-07-20,"Nagano",88.375,23.2678571428571,49307069,24963,8,0,0,0,541.393176020408
2020-07-20,"Shizuoka",275.833333333333,26.1952380952381,70776696,32217,78,0,0,0,686.190498866213
2020-07-20,"Tochigi",43,24.5428571428571,51144671,25279,30,0,0,0,602.351836734694
2020-07-20,"Yamanashi",200,23.4642857142857,15581064,6763,8,0,5,0,550.572704081633
2020-07-27,"Gunma",26.75,24.8714285714286,56481134,16106,13,0,0,0,618.587959183673
2020-07-27,"Ibaragi",26.5,23.1428571428571,50229529,19633,80,0,0,0,535.591836734694
2020-07-27,"Nagano",41.5,24.2464285714286,35658578,19060,25,0,0,0,587.889298469388
2020-07-27,"Shizuoka",20.8333333333333,25.9809523809524,47847152,22492,121,0,0,0,675.009886621315
2020-07-27,"Tochigi",34,23.9285714285714,38624483,19487,36,0,0,0,572.576530612245
2020-07-27,"Yamanashi",34,23.55,10957810,5076,17,21,26,0,554.6025
2020-08-03,"Gunma",0,29.1142857142857,59053650,16493,34,0,0,0,847.641632653061
2020-08-03,"Ibaragi",0,26.6571428571429,53172075,20759,75,0,0,0,710.603265306122
2020-08-03,"Nagano",5.75,26.5642857142857,41274822,21611,14,0,0,0,705.661275510204
2020-08-03,"Shizuoka",2.16666666666667,28.3142857142857,52826665,25859,57,0,0,0,801.698775510204
2020-08-03,"Tochigi",0,27.7285714285714,40021856,21204,47,0,0,0,768.873673469388
2020-08-03,"Yamanashi",1.75,26.2714285714286,12884416,5929,27,35,61,0,690.187959183673
2020-08-10,"Gunma",27.5,31.2,64335285,18166,72,0,0,0,973.44
2020-08-10,"Ibaragi",14.3333333333333,28.6761904761905,67279590,26349,55,0,0,0,822.323900226757
2020-08-10,"Nagano",0.125,28.1464285714286,55397920,27738,17,0,0,0,792.221441326531
2020-08-10,"Shizuoka",0,30.8095238095238,78845462,37065,53,0,0,0,949.226757369615
2020-08-10,"Tochigi",21.25,29.6214285714286,57638384,29262,30,0,0,0,877.429030612245
2020-08-10,"Yamanashi",0.25,28.2142857142857,17757912,7733,10,22,83,0,796.045918367347
2020-08-17,"Gunma",8.25,30.15,43854282,13664,82,0,0,0,909.0225
2020-08-17,"Ibaragi",28,27.4857142857143,52081723,21232,51,0,0,0,755.464489795918
2020-08-17,"Nagano",18.625,26.7214285714286,39932189,20759,24,0,0,0,714.034744897959
2020-08-17,"Shizuoka",34.1666666666667,29.4761904761905,51217955,26334,24,0,0,0,868.845804988662
2020-08-17,"Tochigi",5.75,28.7785714285714,38537694,21431,13,0,0,0,828.206173469388
2020-08-17,"Yamanashi",24.5,26.9,11883466,5414,27,28,111,0,723.61
2020-08-24,"Gunma",3,29.5857142857143,45859532,14714,57,0,0,0,875.314489795918
2020-08-24,"Ibaragi",0,27.7428571428571,53961665,21260,41,0,0,0,769.66612244898
2020-08-24,"Nagano",28.375,27.1714285714286,38154154,19983,77,0,0,0,738.286530612245
2020-08-24,"Shizuoka",8.16666666666667,28.7047619047619,53443580,26980,39,0,0,0,823.96335600907
2020-08-24,"Tochigi",0.25,28.7714285714286,40973041,22028,14,0,0,0,827.795102040816
2020-08-24,"Yamanashi",7.5,25.9571428571429,12450274,5546,6,15,126,0,673.773265306123
2020-08-31,"Gunma",71.25,27.2,44196408,13901,45,0,0,0,739.84
2020-08-31,"Ibaragi",23.1666666666667,26.447619047619,50784207,20615,39,0,0,0,699.476553287982
2020-08-31,"Nagano",17.875,26.1178571428571,36444063,19473,38,0,0,0,682.142461734694
2020-08-31,"Shizuoka",103,27.8952380952381,52048274,25520,14,0,0,0,778.144308390023
2020-08-31,"Tochigi",43,26.65,37761452,19678,7,0,0,0,710.2225
2020-08-31,"Yamanashi",54.75,25.2357142857143,12025471,5337,3,46,172,0,636.841275510204
2020-09-07,"Gunma",9.5,26.8714285714286,51393376,15227,65,0,0,0,722.073673469388
2020-09-07,"Ibaragi",26.5,26.2714285714286,55124006,21755,29,0,0,0,690.187959183673
2020-09-07,"Nagano",33.875,24.4678571428571,38413937,20058,9,0,0,0,598.676033163265
2020-09-07,"Shizuoka",77,26.7761904761905,54022604,26740,10,0,0,0,716.964376417234
2020-09-07,"Tochigi",28.25,26.1,39003926,20463,28,0,0,0,681.21
2020-09-07,"Yamanashi",31,23.85,12747046,5640,3,54,226,0,568.8225
2020-09-14,"Gunma",46.75,24.0714285714286,57468865,16769,116,0,0,0,579.433673469388
2020-09-14,"Ibaragi",10,23.3761904761905,64177056,24769,12,0,0,0,546.446281179138
2020-09-14,"Nagano",10.375,21.8321428571429,44937998,23504,5,0,0,0,476.642461734694
2020-09-14,"Shizuoka",8.66666666666667,25.747619047619,69915641,32423,18,0,0,0,662.939886621315
2020-09-14,"Tochigi",13.5,23.4357142857143,44321157,22115,49,0,0,0,549.232704081633
2020-09-14,"Yamanashi",1.75,22.9071428571429,14648756,6527,1,53,279,0,524.737193877551
2020-09-21,"Gunma",33,20.7785714285714,56553192,16587,36,0,0,0,431.749030612245
2020-09-21,"Ibaragi",48.1666666666667,20.0619047619048,68016320,26273,14,0,0,0,402.480022675737
2020-09-21,"Nagano",46.75,19.4642857142857,47651544,25428,4,0,0,0,378.858418367347
2020-09-21,"Shizuoka",33.1666666666667,23.3952380952381,70761442,33775,10,0,0,0,547.33716553288
2020-09-21,"Tochigi",16.25,20.3428571428571,47854617,24591,39,0,0,0,413.831836734694
2020-09-21,"Yamanashi",39.25,18.8571428571429,17160830,7539,2,58,337,0,355.591836734694
2020-09-28,"Gunma",0,20.3357142857143,57049403,16002,29,0,0,0,413.541275510204
2020-09-28,"Ibaragi",0,19.2428571428571,61560200,23454,38,0,0,0,370.287551020408
2020-09-28,"Nagano",0.625,17.1,40229050,21782,8,0,0,0,292.41
2020-09-28,"Shizuoka",0.166666666666667,21.952380952381,63376219,28910,26,0,0,0,481.907029478458
2020-09-28,"Tochigi",0,19.6214285714286,41591163,20739,10,0,0,0,385.000459183674
2020-09-28,"Yamanashi",0,17.7428571428571,12887695,5818,12,100,437,0,314.808979591837
2020-10-05,"Gunma",122.5,17.6857142857143,55884700,15810,31,0,0,0,312.784489795918
2020-10-05,"Ibaragi",113.666666666667,17.7142857142857,57859962,21674,33,0,0,0,313.795918367347
2020-10-05,"Nagano",104.125,15.3285714285714,38002665,20253,7,0,0,0,234.965102040816
2020-10-05,"Shizuoka",172.166666666667,19.8857142857143,59000562,26869,8,0,0,0,395.441632653061
2020-10-05,"Tochigi",100,17.2928571428571,39072631,18902,8,0,0,0,299.042908163265
2020-10-05,"Yamanashi",207.5,15.8142857142857,12533386,5527,3,112,549,0,250.091632653061
2020-10-12,"Gunma",19.5,17.4642857142857,59090491,16718,15,0,0,0,305.001275510204
2020-10-12,"Ibaragi",26.1666666666667,16.6952380952381,63109426,23730,19,0,0,0,278.730975056689
2020-10-12,"Nagano",19.5,14.5321428571429,42221081,22436,6,0,0,0,211.183176020408
2020-10-12,"Shizuoka",15.8333333333333,19.6809523809524,68236893,30766,12,0,0,0,387.339886621315
2020-10-12,"Tochigi",21,16.7071428571429,42267005,21007,21,0,0,0,279.12862244898
2020-10-12,"Yamanashi",25.25,15.35,14782392,6204,2,116,665,0,235.6225
2020-10-19,"Gunma",10.25,14.9428571428571,59838578,17120,93,0,0,0,223.288979591837
2020-10-19,"Ibaragi",14.8333333333333,15.1,68338763,25427,13,0,0,0,228.01
2020-10-19,"Nagano",34.25,11.1857142857143,42953085,23250,8,0,0,0,125.120204081633
2020-10-19,"Shizuoka",24.3333333333333,16.752380952381,71105746,31212,14,0,0,0,280.642267573696
2020-10-19,"Tochigi",14.75,14.5357142857143,43017469,20857,12,0,0,0,211.286989795918
2020-10-19,"Yamanashi",22,11.9142857142857,14675210,6446,4,143,808,0,141.950204081633
2020-10-26,"Gunma",0,14.3928571428571,65306128,18460,34,0,0,0,207.154336734694
2020-10-26,"Ibaragi",0,13.7095238095238,67969183,25084,29,0,0,0,187.9510430839
2020-10-26,"Nagano",0,9.74642857142857,44040306,23070,9,0,0,0,94.9928698979592
2020-10-26,"Shizuoka",0,16.1809523809524,71556891,31143,68,0,0,0,261.823219954648
2020-10-26,"Tochigi",0,13.7142857142857,42183170,21033,12,0,0,0,188.081632653061
2020-10-26,"Yamanashi",0,11.0571428571429,15828625,6664,13,104,912,0,122.260408163265
2020-11-02,"Gunma",2,13.8928571428571,66645039,18771,24,0,0,0,193.011479591837
2020-11-02,"Ibaragi",14.8333333333333,13.5571428571429,68551158,25428,48,0,0,0,183.79612244898
2020-11-02,"Nagano",12.125,10.15,45554794,24403,27,0,0,0,103.0225
2020-11-02,"Shizuoka",15.3333333333333,15.5095238095238,69670581,30840,90,0,0,0,240.545328798186
2020-11-02,"Tochigi",8.75,12.9928571428571,43809957,21751,9,0,0,0,168.814336734694
2020-11-02,"Yamanashi",7,11.3357142857143,15804863,6787,25,150,1062,0,128.498418367347
2020-11-09,"Gunma",0,10.7142857142857,63217708,18733,31,0,0,0,114.795918367347
2020-11-09,"Ibaragi",0,10.3571428571429,68170322,25246,149,0,0,0,107.270408163265
2020-11-09,"Nagano",0,6.875,41524638,22582,91,0,0,0,47.265625
2020-11-09,"Shizuoka",0,13.9761904761905,68126600,30022,132,0,0,0,195.333900226757
2020-11-09,"Tochigi",0,10.0857142857143,42554124,20946,18,0,0,0,101.721632653061
2020-11-09,"Yamanashi",0,8.55714285714286,14598234,6406,42,124,1186,0,73.224693877551
2020-11-16,"Gunma",0.5,14.4071428571429,69264819,19491,89,0,0,0,207.565765306122
2020-11-16,"Ibaragi",0,15.0571428571429,67196632,24628,285,0,0,0,226.717551020408
2020-11-16,"Nagano",4.875,13.1214285714286,41197467,21439,145,0,0,0,172.171887755102
2020-11-16,"Shizuoka",15.1666666666667,17.6380952380952,67378676,28862,338,0,0,0,311.102403628118
2020-11-16,"Tochigi",0,13.2642857142857,46760771,22435,56,0,0,0,175.941275510204
2020-11-16,"Yamanashi",1.25,12.8285714285714,15932974,6891,35,148,1334,0,164.572244897959
2020-11-23,"Gunma",0,10.8857142857143,59144914,17277,150,0,0,0,118.498775510204
2020-11-23,"Ibaragi",4.33333333333333,10.5571428571429,62235349,23186,286,0,0,0,111.453265306122
2020-11-23,"Nagano",2.25,7.37142857142857,38563137,21016,97,0,0,0,54.3379591836735
2020-11-23,"Shizuoka",0.166666666666667,14.4571428571429,58878605,27556,406,0,0,0,209.008979591837
2020-11-23,"Tochigi",2.25,10.1142857142857,42634775,21001,62,0,0,0,102.298775510204
2020-11-23,"Yamanashi",0,9.83571428571429,13855572,6123,20,132,1466,0,96.7412755102041
2020-11-30,"Gunma",0,7.96428571428571,57442384,16553,193,0,0,0,63.4298469387755
2020-11-30,"Ibaragi",6.16666666666667,7.21428571428571,52583207,19619,294,0,0,0,52.0459183673469
2020-11-30,"Nagano",0.25,4.65357142857143,33600079,18935,100,0,0,0,21.6557270408163
2020-11-30,"Shizuoka",1.33333333333333,11.247619047619,53527566,22883,321,0,0,0,126.508934240363
2020-11-30,"Tochigi",0.5,6.84285714285714,37768108,18598,115,0,0,0,46.824693877551
2020-11-30,"Yamanashi",0,6.11428571428571,11419494,5019,84,116,1582,0,37.3844897959184
2020-12-07,"Gunma",0,8.45,61457473,16947,264,0,0,0,71.4025
2020-12-07,"Ibaragi",1.16666666666667,8.30952380952381,58194611,21988,155,0,0,0,69.0481859410431
2020-12-07,"Nagano",0,4.46071428571429,35865726,19623,154,0,0,0,19.8979719387755
2020-12-07,"Shizuoka",0,11.5428571428571,55730731,24265,235,0,0,0,133.237551020408
2020-12-07,"Tochigi",0,7.94285714285714,41358370,19673,121,0,0,0,63.0889795918367
2020-12-07,"Yamanashi",0,6.18571428571429,12084342,5113,29,54,1636,0,38.2630612244898
2020-12-14,"Gunma",0,3.48571428571429,55994440,15551,281,0,0,0,12.1502040816327
2020-12-14,"Ibaragi",0,3.09047619047619,61892881,22312,146,0,0,0,9.55104308390023
2020-12-14,"Nagano",5.75,-0.157142857142857,35565756,18881,89,0,0,0,0.0246938775510204
2020-12-14,"Shizuoka",0,6.16190476190476,56411208,24188,188,0,0,0,37.9690702947846
2020-12-14,"Tochigi",0,2.02142857142857,41498401,19644,152,0,0,0,4.08617346938775
2020-12-14,"Yamanashi",0,1.65,11953138,5062,37,50,1686,0,2.7225
2020-12-21,"Gunma",0,5.81428571428571,66746684,16168,239,0,0,0,33.8059183673469
2020-12-21,"Ibaragi",0,4.9,68357061,23064,174,0,0,0,24.01
2020-12-21,"Nagano",0.75,1.23214285714286,38854622,19040,80,0,0,0,1.51817602040816
2020-12-21,"Shizuoka",0.166666666666667,7.07619047619048,62395642,25108,199,0,0,0,50.0724716553288
2020-12-21,"Tochigi",0,3.81428571428571,43749342,19728,213,0,0,0,14.5487755102041
2020-12-21,"Yamanashi",0,1.88571428571429,13933395,5651,37,60,1746,0,3.55591836734694
2020-12-28,"Gunma",0,4.51428571428571,58434983,13369,240,0,0,0,20.3787755102041
2020-12-28,"Ibaragi",0.833333333333333,3.61904761904762,70408357,22039,253,0,0,0,13.0975056689342
2020-12-28,"Nagano",11.125,0.675,38418276,18821,116,0,0,0,0.455625
2020-12-28,"Shizuoka",9,6.85238095238095,69587596,27752,219,0,0,0,46.9551247165533
2020-12-28,"Tochigi",0,3.52857142857143,54876207,22882,427,0,0,0,12.4508163265306
2020-12-28,"Yamanashi",1.5,2.18571428571429,14430445,5645,63,0,1746,0,4.77734693877551
2021-01-04,"Gunma",0,2.73571428571429,44835541,12252,460,0,0,0,7.48413265306122
2021-01-04,"Ibaragi",0,2.54761904761905,45193921,17741,580,0,0,0,6.49036281179138
2021-01-04,"Nagano",0.625,-1.03214285714286,27913218,17149,367,0,0,0,1.06531887755102
2021-01-04,"Shizuoka",0,4.38571428571429,45647237,22224,572,0,0,0,19.2344897959184
2021-01-04,"Tochigi",0,1.80714285714286,27115362,15058,848,0,0,0,3.26576530612245
2021-01-04,"Yamanashi",0,-0.157142857142857,9531164,4581,159,40,1786,0,0.0246938775510204
2021-01-11,"Gunma",1,4.48571428571429,29048685,9719,418,0,0,0,20.1216326530612
2021-01-11,"Ibaragi",1.5,4.24285714285714,36385448,14533,672,0,0,0,18.0018367346939
2021-01-11,"Nagano",7.375,0.878571428571429,21983179,13925,380,0,0,0,0.771887755102041
2021-01-11,"Shizuoka",4,6.83333333333333,37575003,18638,537,0,0,0,46.6944444444444
2021-01-11,"Tochigi",0.25,3.07857142857143,18505418,10153,652,0,0,1,9.47760204081633
2021-01-11,"Yamanashi",3.75,1.12142857142857,7581084,3521,99,59,1845,0,1.25760204081633
2021-01-18,"Gunma",25,3.51428571428571,29801375,8948,314,0,0,0,12.3502040816327
2021-01-18,"Ibaragi",15.8333333333333,3.75714285714286,30201665,12349,550,0,0,0,14.1161224489796
2021-01-18,"Nagano",27.375,0.703571428571429,21191348,13502,195,0,0,0,0.495012755102041
2021-01-18,"Shizuoka",28.3333333333333,7.85714285714286,36265929,17542,365,0,0,0,61.734693877551
2021-01-18,"Tochigi",19.25,2.78571428571429,17422340,10205,394,0,0,1,7.76020408163265
2021-01-18,"Yamanashi",26.5,2.44285714285714,7467261,3558,38,78,1923,0,5.96755102040816
2021-01-25,"Gunma",0.25,5.36428571428571,38302180,10414,263,0,0,0,28.7755612244898
2021-01-25,"Ibaragi",7,5.11904761904762,34641818,14189,456,0,0,0,26.2046485260771
2021-01-25,"Nagano",5.875,2.42142857142857,23395497,14496,104,0,0,0,5.86331632653061
2021-01-25,"Shizuoka",32.1666666666667,8.12857142857143,41562719,19594,328,0,0,0,66.0736734693877
2021-01-25,"Tochigi",1,4.82142857142857,19784945,11669,215,0,0,1,23.2461734693878
2021-01-25,"Yamanashi",8.75,3.02142857142857,7917462,3918,17,54,1977,0,9.1290306122449
2021-02-01,"Gunma",1.75,5.85714285714286,34389992,10276,247,0,0,0,34.3061224489796
2021-02-01,"Ibaragi",5.83333333333333,5.91428571428571,34476876,14219,324,0,0,0,34.9787755102041
2021-02-01,"Nagano",13.125,2.81428571428571,25881552,15889,47,0,0,0,7.92020408163265
2021-02-01,"Shizuoka",30.1666666666667,8.92380952380952,43456740,20272,158,0,0,0,79.6343764172336
2021-02-01,"Tochigi",0,4.83571428571429,21575059,12404,110,0,0,1,23.3841326530612
2021-02-01,"Yamanashi",6.75,4.71428571428571,6543864,3597,12,38,2015,0,22.2244897959184
2021-02-08,"Gunma",0,6.06428571428571,43960928,12306,151,0,0,0,36.7755612244898
2021-02-08,"Ibaragi",0,5.80952380952381,41737211,16666,228,0,0,0,33.750566893424
2021-02-08,"Nagano",1.25,2.68214285714286,32531155,19491,10,0,0,0,7.19389030612245
2021-02-08,"Shizuoka",0,9.35238095238095,51059059,23705,99,0,0,0,87.4670294784581
2021-02-08,"Tochigi",0,5.28571428571429,29584252,16131,81,0,0,0,27.9387755102041
2021-02-08,"Yamanashi",0,4.4,9801492,4673,15,152,2167,0,19.36
2021-02-15,"Gunma",28.75,7.29285714285714,41123941,11457,110,0,0,0,53.1857653061225
2021-02-15,"Ibaragi",73.1666666666667,7.44285714285714,41072450,16897,211,0,0,0,55.3961224489796
2021-02-15,"Nagano",25.625,3.29642857142857,32163989,19218,13,0,0,0,10.8664413265306
2021-02-15,"Shizuoka",44.8333333333333,8.76190476190476,51633343,23977,156,0,0,0,76.7709750566894
2021-02-15,"Tochigi",41,6.85,29624970,15788,75,0,0,0,46.9225
2021-02-15,"Yamanashi",42.5,5.08571428571429,9438300,4571,7,163,2330,0,25.8644897959184
2021-02-22,"Gunma",0,6.5,49716481,14585,127,0,0,0,42.25
2021-02-22,"Ibaragi",0,6.46666666666667,54527825,20867,174,0,0,0,41.8177777777778
2021-02-22,"Nagano",1.125,3.17857142857143,36407244,21625,6,0,0,0,10.1033163265306
2021-02-22,"Shizuoka",2.33333333333333,9.86666666666667,57242269,26365,138,0,0,0,97.3511111111111
2021-02-22,"Tochigi",0,5.88571428571429,38302550,19936,56,0,0,0,34.6416326530612
2021-02-22,"Yamanashi",0,5.54285714285714,11433410,5325,4,168,2498,0,30.7232653061224
2021-03-01,"Gunma",7,8.72142857142857,53347715,15379,99,0,0,0,76.0633163265306
2021-03-01,"Ibaragi",20,9.04761904761905,56427169,21368,235,0,0,0,81.859410430839
2021-03-01,"Nagano",21.375,6.175,32337223,19452,10,0,0,0,38.130625
2021-03-01,"Shizuoka",31.3333333333333,12.047619047619,51862858,24548,114,0,0,0,145.145124716553
2021-03-01,"Tochigi",19.5,8.84285714285714,34429615,18129,73,0,0,0,78.1961224489796
2021-03-01,"Yamanashi",9.25,7.64285714285714,10407642,4841,2,187,2685,0,58.4132653061224
2021-03-08,"Gunma",43,9.5,58331271,17212,92,0,0,0,90.25
2021-03-08,"Ibaragi",57.8333333333333,9.30952380952381,61844944,22755,194,0,0,0,86.6672335600907
2021-03-08,"Nagano",21,6.11428571428571,37041343,21514,43,0,0,0,37.3844897959184
2021-03-08,"Shizuoka",39.8333333333333,11.652380952381,57593336,26143,140,0,0,0,135.77798185941
2021-03-08,"Tochigi",47.75,8.82857142857143,39332724,19751,118,0,0,0,77.9436734693878
2021-03-08,"Yamanashi",51.5,7.8,11805419,5329,10,192,2877,0,60.84
2021-03-15,"Gunma",9,11.5,61567548,17874,126,0,0,0,132.25
2021-03-15,"Ibaragi",24.8333333333333,11.3285714285714,68850640,24900,215,0,0,0,128.336530612245
2021-03-15,"Nagano",30.125,8.07142857142857,42074903,22886,115,0,0,0,65.1479591836735
2021-03-15,"Shizuoka",110.833333333333,14.3761904761905,62774240,28048,99,0,0,0,206.67485260771
2021-03-15,"Tochigi",36.75,11.0357142857143,42267153,20653,138,0,0,0,121.786989795918
2021-03-15,"Yamanashi",40.75,10.5785714285714,13322169,5751,5,194,3071,0,111.906173469388
2021-03-22,"Gunma",5,11.6357142857143,65269334,18869,124,0,0,0,135.389846938776
2021-03-22,"Ibaragi",13.1666666666667,11.7809523809524,72686508,26478,252,0,0,0,138.790839002268
2021-03-22,"Nagano",13.25,8.63928571428571,41528429,23217,179,0,0,0,74.6372576530612
2021-03-22,"Shizuoka",97,13.5095238095238,68950863,30221,152,0,0,0,182.507233560091
2021-03-22,"Tochigi",15,11.5142857142857,44102819,21298,123,0,0,0,132.578775510204
2021-03-22,"Yamanashi",12,9.52857142857143,15129319,6581,6,204,3275,0,90.7936734693878
2021-03-29,"Gunma",13.25,16.3,61082996,18124,168,0,0,0,265.69
2021-03-29,"Ibaragi",43.3333333333333,15.7190476190476,62427700,24174,225,0,0,0,247.088458049887
2021-03-29,"Nagano",11.375,13.3607142857143,37294679,21841,223,0,0,0,178.50868622449
2021-03-29,"Shizuoka",58.6666666666667,17.3047619047619,62363995,28134,185,0,0,0,299.454784580499
2021-03-29,"Tochigi",31.5,16.1642857142857,39568990,20523,211,0,0,0,261.284132653061
2021-03-29,"Yamanashi",17.75,14.15,13330480,5927,27,107,3382,0,200.2225
2021-04-05,"Gunma",0.25,11.7857142857143,54029476,15269,150,0,0,0,138.90306122449
2021-04-05,"Ibaragi",19.3333333333333,10.3904761904762,54528344,21244,237,0,0,0,107.961995464853
2021-04-05,"Nagano",0.375,7.99642857142857,29959389,17891,266,0,0,0,63.9428698979592
2021-04-05,"Shizuoka",19.6666666666667,13.8,56915474,25669,136,0,0,0,190.44
2021-04-05,"Tochigi",3.75,10.9642857142857,34700321,18016,171,0,0,0,120.21556122449
2021-04-05,"Yamanashi",4.5,9.67142857142857,11488794,5446,39,200,3582,0,93.5365306122449
2021-04-12,"Gunma",31,13.7285714285714,53879445,15390,220,0,0,0,188.473673469388
2021-04-12,"Ibaragi",93.3333333333333,13.4571428571429,52522810,20308,319,0,0,0,181.094693877551
2021-04-12,"Nagano",50.25,10.775,29167100,17419,305,0,0,0,116.100625
2021-04-12,"Shizuoka",95.1666666666667,14.6666666666667,54887745,24582,190,0,0,0,215.111111111111
2021-04-12,"Tochigi",38.25,13.25,33054202,17037,141,0,0,0,175.5625
2021-04-12,"Yamanashi",32.5,11.3857142857143,10379276,4687,43,201,3783,0,129.634489795918
2021-04-19,"Gunma",0,15.8571428571429,54002101,15523,243,0,0,0,251.448979591837
2021-04-19,"Ibaragi",0.833333333333333,13.9761904761905,53778957,21085,455,0,0,0,195.333900226757
2021-04-19,"Nagano",0,12.6821428571429,30797482,17639,230,0,0,0,160.83674744898
2021-04-19,"Shizuoka",0,16.1857142857143,57269199,25787,161,0,0,0,261.977346938776
2021-04-19,"Tochigi",0.5,14.7357142857143,34927333,18091,159,0,0,0,217.141275510204
2021-04-19,"Yamanashi",0.5,13.7714285714286,11640491,4996,67,153,3936,0,189.652244897959
2021-04-26,"Gunma",10.75,14.51,37763234,10458,290,0,0,0,210.5401
2021-04-26,"Ibaragi",60,14.4266666666667,33927575,13107,256,0,0,0,208.128711111111
2021-04-26,"Nagano",33.125,11.605,23299911,12427,119,0,0,0,134.676025
2021-04-26,"Shizuoka",75.1666666666667,16.56,39314640,16541,143,0,0,0,274.2336
2021-04-26,"Tochigi",38.5,14.61,24127282,11957,122,0,0,0,213.4521
2021-04-26,"Yamanashi",31.5,13.29,7263292,3246,74,86,4022,0,176.6241
