,,前橋,前橋,伊勢崎,伊勢崎,長野,長野,松本,松本,上田,上田,飯田,飯田,甲府,甲府,河口湖,河口湖,浜松,浜松,静岡,静岡,富士,富士,つくば（館野）,つくば（館野）,水戸,水戸,日立,日立,宇都宮,宇都宮,小山,小山
年月日,曜日,平均気温(℃),降水量の合計(mm),平均気温(℃),降水量の合計(mm),平均気温(℃),降水量の合計(mm),平均気温(℃),降水量の合計(mm),平均気温(℃),降水量の合計(mm),平均気温(℃),降水量の合計(mm),平均気温(℃),降水量の合計(mm),平均気温(℃),降水量の合計(mm),平均気温(℃),降水量の合計(mm),平均気温(℃),降水量の合計(mm),平均気温(℃),降水量の合計(mm),平均気温(℃),降水量の合計(mm),平均気温(℃),降水量の合計(mm),平均気温(℃),降水量の合計(mm),平均気温(℃),降水量の合計(mm),平均気温(℃),降水量の合計(mm)
2018/12/30,日,1.8,0,2.4,0.0,-1.8,0.0,-3.1,0,-2.3,0.0,-1.3,0,1.9,0,-1.9,0,4.2,0,4.1,0,4.8,0.0,1.8,0,0.9,0,1.6,0.0,0.5,0,1.2,0.0
2018/12/31,月,2.8,0,3.8,0.0,-0.7,0.5,-2.9,0,-1.5,0.0,-1.8,0,1.2,0,-1.0,0,5.4,0,6.1,0.0,5.1,0.5,0.6,0,2.0,0,3.3,0.0,0.8,0,0.8,0.0
2019/1/1,火,4.4,0,4.8,0.0,-0.6,0.5,-0.7,0.0,-1.3,0.0,0.0,0.0,1.4,0,-1.3,0,6.3,0.0,7.1,0,5.5,0.0,2.2,0,1.9,0,4.1,0.0,2.4,0,2.2,0.0
2019/1/2,水,4.7,0,5.1,0.0,0.1,3.0,0.1,1.5,0.3,0.0,2.5,0.0,2.9,0,-1.1,0,7.0,0.0,8.3,0,5.6,0.0,3.2,0,4.2,0.0,5.8,0.0,3.9,0,4.4,0.0
2019/1/3,木,3.0,0.0,3.3,0.0,-1.2,0.0,-2.1,0,-1.7,0.0,0.1,0,2.3,0,-0.9,0,6.0,0,6.3,0,5.4,0.0,1.4,0,1.9,0,3.1,0.0,1.8,0,2.1,0.0
2019/1/4,金,4.2,0,4.9,0.0,-1.1,0,-2.0,0,-0.9,0.0,0.3,0,1.1,0,-0.2,0,6.7,0,6.3,0,5.7,0.0,1.4,0,1.8,0,3.8,0.0,1.8,0,1.9,0.0
2019/1/5,土,6.1,0,6.3,0.0,0.3,0.0,4.7,0,0.5,0.0,4.5,0.0,5.4,0,3.6,0,9.4,0.0,12.0,0,8.1,0.0,4.4,0,4.9,0,7.6,0.0,4.2,0,4.4,0.0
2019/1/6,日,3.4,0,4.2,0.0,-0.9,0.0,-1.1,0,-0.9,0.0,0.1,0,3.1,0,-0.3,0,6.5,0,7.2,0.0,5.8,0.0,1.3,0,3.4,0,4.0,0.0,2.3,0,2.5,0.0
2019/1/7,月,3.6,0,4.2,0.0,-0.7,0.0,-1.7,0,-1.7,0.0,0.3,0,1.8,0,-0.1,0,6.3,0,6.4,0,6.2,0.0,2.4,0,2.4,0,4.7,0.0,1.9,0,1.8,0.0
2019/1/8,火,4.3,0.0,2.5,0.0,0.7,4.0,2.0,0,-0.3,0.0,4.4,0.0,3.0,0,0.1,0,7.2,0,7.7,0,5.9,0.0,1.9,0,3.3,0,5.6,0.0,2.8,0.0,2.6,0.0
2019/1/9,水,2.8,0.0,3.4,0.0,-2.4,2.5,-1.3,0.0,-1.2,0.0,1.4,0.0,3.7,0,-1.3,0,5.6,0.0,7.5,0.0,6.1,0.0,1.7,0.0,2.9,0.0,3.4,0.0,2.9,0.0,2.9,0.0
2019/1/10,木,1.6,0,1.5,0.0,-5.0,0.0,-4.2,0,-4.8,0.0,-1.6,0,-0.1,0,-0.3,0,4.0,0,5.9,0,4.3,0.0,-1.0,0,0.6,0,3.0,0.0,-0.3,0,-1.2,0.0
2019/1/11,金,5.3,0,6.1,0.0,-0.3,0.0,-0.5,0.0,-0.2,0.0,2.8,0,5.1,0,3.7,0,8.2,0,7.8,0,6.7,0.0,3.5,0,4.4,0,6.1,0.0,3.2,0,3.0,0.0
2019/1/12,土,4.3,0,4.1,0.0,-0.9,0,-0.2,0,-0.9,0.0,1.7,0,5.6,0.5,1.5,0.0,7.7,0,9.1,0.0,7.2,0.0,3.0,0.0,3.3,0,4.8,0.0,3.5,0,2.8,0.0
2019/1/13,日,5.1,0,5.5,0.0,0.4,0,0.5,0,0.2,0.0,2.7,0,6.2,0.0,0.9,0.0,6.9,0,9.2,0.0,7.8,0.0,4.9,0.0,4.9,0,5.9,0.0,5.0,0,5.0,0.0
2019/1/14,月,4.0,0,2.9,0.0,0.7,0.0,0.1,0,-0.3,0.0,1.4,0,3.8,0,-0.6,0,6.8,0,8.3,0,6.9,0.0,3.2,0,2.8,0,5.1,0.0,2.9,0,3.0,0.0
2019/1/15,火,3.2,0,2.0,0.0,3.0,0.0,2.7,0,1.9,0.0,1.5,1.5,3.1,0.0,0.1,0.0,7.5,2.5,7.4,1.0,6.4,0.0,1.7,0.0,2.3,0,5.4,0.0,2.3,0,1.9,0.0
2019/1/16,水,5.2,0,5.1,0.0,0.6,0.0,1.4,0.0,1.1,0.0,4.0,0.0,5.5,0.0,2.3,0.0,7.5,0,9.5,0,8.4,0.0,4.9,0,4.6,0,6.4,0.0,4.1,0,4.3,0.0
2019/1/17,木,4.8,0,5.7,0.0,0.5,1.0,0.6,0.0,0.3,0.0,1.2,0.0,6.1,0,1.6,0,6.7,0,8.3,0,7.0,0.0,5.0,0,5.4,0,6.5,0.0,4.4,0,4.9,0.0
2019/1/18,金,3.8,0,4.3,0.0,-1.3,0.0,-0.5,0.0,-0.5,0.0,1.8,0.0,6.1,0,1.2,0,6.2,0,7.5,0,5.9,0.0,5.0,0,4.3,0,4.3,0.0,3.1,0,5.1,0.0
2019/1/19,土,4.7,0,5.6,0.0,0.1,0,-1.1,0,-1.1,0.0,1.1,0,3.5,0,0.5,0,6.9,0,6.0,0,5.6,0.0,5.4,0,4.5,0,5.2,0.0,3.3,0,5.0,0.0
2019/1/20,日,5.4,0.0,4.9,0.0,-0.7,5.0,2.9,0.0,-0.1,0.0,2.9,7.5,1.6,0.0,2.5,0.0,8.4,0.0,8.8,0.0,5.3,0.5,4.6,0,5.3,0,7.4,0.0,4.7,0,4.7,0.0
2019/1/21,月,3.4,0,4.0,0.0,-0.9,1.0,-0.1,0,-0.6,0.0,2.7,0.0,5.8,0,0.4,0,6.2,0,9.4,0,6.3,0.0,4.1,0,3.5,0,3.7,0.0,3.2,0,3.9,0.0
2019/1/22,火,3.1,0,3.1,0.0,-0.8,4.0,-0.6,0.0,-1.0,0.0,2.6,1.0,3.7,0,-0.7,0,6.8,0,8.8,0,6.1,0.0,2.0,0,2.8,0,4.0,0.0,2.4,0,2.1,0.0
2019/1/23,水,4.0,0,4.0,0.0,0.0,0.5,0.3,0.0,-0.3,0.0,0.9,0.0,3.8,0,1.1,0,7.1,0,8.6,0,7.0,0.0,3.1,0,4.1,0,5.4,0.0,2.7,0,2.8,0.0
2019/1/24,木,3.9,0,4.5,0.0,-0.5,0.0,-0.4,0.5,-0.1,0.0,2.8,0.0,5.8,0,1.0,0,6.6,0.0,8.8,0,6.9,0.0,3.8,0,4.2,0,4.0,0.0,3.0,0,4.4,0.0
2019/1/25,金,4.1,0,4.8,0.0,-0.6,0.0,-1.6,0.0,-1.2,0.0,0.1,0.0,2.2,0,-1.0,0,5.9,0.0,7.0,0,5.7,0.0,2.4,0,2.2,0,3.5,0.0,2.3,0,2.8,0.0
2019/1/26,土,2.6,0.0,3.2,0.0,-2.0,13.0,-1.6,0.0,-1.3,3.5,0.5,0.0,2.8,0.0,-2.0,0.0,4.9,0.0,6.3,0,5.5,0.0,2.8,0.0,2.5,0.0,3.3,1.0,2.8,0.0,3.1,0.0
2019/1/27,日,1.9,0.5,2.7,0.0,-1.8,1.5,-2.8,0.0,-2.1,0.5,-1.2,0,3.0,0,-1.2,0,4.8,0,4.4,0,4.8,0.0,2.2,0,2.6,0,3.2,0.0,2.2,0,1.9,0.0
2019/1/28,月,4.1,0.0,4.5,0.0,-1.2,4.0,0.6,0.0,-0.3,1.0,-0.3,3.0,3.4,0.0,0.5,0,6.2,0.0,6.7,0,6.2,0.0,2.7,0,3.8,0,5.8,0.0,3.4,0,3.8,0.0
2019/1/29,火,3.8,0,4.4,0.0,-1.1,0.5,-1.0,0.0,-0.4,1.0,1.0,0.0,5.1,0,0.3,0,5.7,0,6.9,0,6.6,0.0,3.7,0,4.7,0,4.3,0.0,3.7,0,4.5,0.0
2019/1/30,水,3.5,0,3.6,0.0,-0.6,0,-0.8,0,-0.7,0.0,1.1,0,2.1,0,0.0,0,6.1,0,7.0,0,6.4,0.0,2.2,0,3.1,0,4.4,0.0,2.6,0,2.7,0.0
2019/1/31,木,5.7,0.0,4.6,0.0,-1.1,0.0,-0.3,2.0,-1.2,0.0,3.5,8.0,2.2,5.5,1.2,13.0,6.7,13.5,6.5,9.0,5.8,17.5,2.8,16.5,3.8,9.0,6.5,5.5,3.3,4.0,3.6,8.0
2019/2/1,金,2.7,0,3.2,0.0,-2.8,0.0,-3.0,0,-2.0,0.0,-1.0,0,3.2,0,-2.3,0.0,5.1,0,6.4,0,5.6,0.0,2.6,0.5,2.6,0.0,2.5,0.0,2.0,0,2.9,0.0
2019/2/2,土,5.6,0,6.2,0.0,-0.6,0,-0.7,0,-0.3,0.0,0.8,0,3.4,0,0.8,0,7.1,0,6.1,0,5.3,0.0,5.2,0,4.1,0,5.4,0.0,3.8,0,5.7,0.0
2019/2/3,日,7.0,0.0,6.8,0.0,2.5,2.0,2.8,3.0,3.2,0.0,1.7,11.5,4.7,0.0,2.4,0.0,8.9,9.0,8.6,18.0,8.0,5.0,5.5,0,7.0,0.0,8.6,0.0,6.6,0.0,6.1,0.0
2019/2/4,月,8.9,0.0,9.2,0.0,4.0,3.5,7.2,2.5,6.7,1.0,8.8,14.0,9.7,5.5,8.6,3.5,11.7,10.0,15.2,14.0,14.2,8.0,9.8,0,10.2,0,11.9,0.0,8.6,0.0,9.1,0.0
2019/2/5,火,5.6,0,5.9,0.0,2.3,0.0,2.1,0,2.3,0.0,3.4,0,5.6,0,0.9,0,8.9,0,9.0,0,8.1,0.0,5.5,0,5.4,0,6.1,0.0,4.8,0,5.3,0.0
2019/2/6,水,6.5,0.0,6.0,0.0,1.7,0,2.5,0.0,1.4,0.0,1.5,1.0,3.4,0.0,1.0,0.0,8.4,7.0,9.0,3.0,7.3,1.5,5.1,7.0,6.7,4.5,8.5,2.5,5.9,0.0,5.6,0.0
2019/2/7,木,9.5,0,8.4,0.0,2.3,0.0,4.1,0.0,4.2,0.0,5.7,0.0,6.0,0.0,6.1,0,11.5,0,11.6,0,10.6,0.0,6.1,0,6.7,0,10.1,0.0,6.7,0,7.0,0.0
2019/2/8,金,3.0,0,3.8,0.0,-1.5,0.0,-1.4,0,-0.8,0.0,3.0,0,5.4,0,1.8,0,8.4,0,10.0,0,8.3,0.0,3.8,0,3.3,0,3.9,0.0,3.3,0,3.9,0.0
2019/2/9,土,1.1,0.0,1.2,0.0,-2.2,1.5,-3.1,0.0,-2.5,0.0,0.1,0.5,3.8,0,-1.2,0.0,5.8,0.0,7.6,0.0,6.7,0.0,0.0,2.5,0.0,1.0,0.6,1.0,-0.5,1.0,0.1,1.0
2019/2/10,日,1.7,0,2.4,0.0,-2.6,0.5,-3.0,0.0,-1.9,0.0,0.6,0,3.9,0.0,-1.0,0.0,5.5,0,6.5,0.0,5.5,0.5,1.8,0.5,1.5,0.0,1.7,0.0,0.4,0.0,1.0,0.0
2019/2/11,月,2.2,0,2.2,0.0,-0.4,0,0.4,0.0,-0.3,0.0,1.3,0.0,4.4,0,-1.0,0.0,6.8,0,7.5,0,5.9,0.0,1.6,0.5,1.6,0.0,2.3,0.0,0.9,0.0,1.6,0.0
2019/2/12,火,4.2,0,4.7,0.0,-0.7,0.0,0.3,0,0.5,0.0,2.4,0,6.0,0,2.0,0,6.9,0,7.5,0,6.5,0.0,4.2,0,3.9,0,4.8,0.0,2.8,0,3.5,0.0
2019/2/13,水,3.6,0,4.2,0.0,-2.2,0.0,-1.7,0.0,-1.5,0.0,2.5,0,4.8,0,-0.1,0,7.3,0,8.2,0,6.8,0.0,3.1,0,2.5,0.0,3.7,0.0,3.2,0,3.2,0.0
2019/2/14,木,2.3,0,2.9,0.0,-2.8,0.0,-2.8,0.0,-1.9,0.0,0.6,0,2.8,0,-1.2,0,5.6,0,6.3,0.0,5.3,0.0,2.5,0,3.0,0,3.3,0.0,2.4,0,2.7,0.0
2019/2/15,金,1.5,0,1.6,0.0,-0.9,0.0,0.9,0,-0.9,0.0,1.7,0.0,4.1,0.0,0.4,0,5.6,0.0,7.9,0.0,6.1,0.0,0.5,0,1.4,0.0,2.2,0.0,0.9,0,1.0,0.0
2019/2/16,土,4.7,0,4.3,0.0,0.2,0.0,3.3,0,1.0,0.0,6.1,0,7.3,0,2.8,0,9.1,0,11.4,0,9.6,0.0,4.9,0.0,5.3,0.0,6.2,0.0,4.7,0,5.2,0.0
2019/2/17,日,4.3,0,5.2,0.0,-0.1,0,-0.7,0,0.0,0.0,1.6,0,5.3,0,0.8,0,7.2,0,8.4,0,7.9,0.0,5.3,0,5.1,0,5.0,0.0,3.7,0,5.0,0.0
2019/2/18,月,6.3,0,7.0,0.0,1.4,0,0.9,0,1.4,0.0,2.4,0,5.0,0,1.4,0,7.8,0,8.8,0,8.0,0.0,4.8,0,5.1,0,6.3,0.0,5.2,0,4.9,0.0
2019/2/19,火,7.0,1.5,7.4,1.0,4.6,8.0,5.6,5.5,3.5,3.5,3.9,23.0,6.2,7.5,4.8,6.0,9.6,12.0,9.2,21.0,9.1,14.5,7.1,1.5,7.2,4.0,9.2,4.0,6.6,2.5,6.8,2.0
2019/2/20,水,12.9,0,10.8,0.0,5.7,0.0,10.1,0,6.7,0.0,10.9,0.0,10.5,0.0,10.0,0,14.1,0,14.2,0,13.9,0.0,9.5,3.5,9.3,4.5,10.3,3.5,9.4,11.5,9.9,8.0
2019/2/21,木,8.2,0,8.7,0.0,3.3,0,3.6,0,3.5,0.0,5.5,0,9.7,0.0,5.2,0.0,9.7,0,11.3,0.0,11.1,0.0,8.5,0.0,8.3,1.0,7.9,0.5,7.8,0,8.2,0.0
2019/2/22,金,7.7,0,8.1,0.0,2.7,0,3.3,0,2.7,0.0,5.1,0,8.5,0,4.5,0.0,10.0,0,11.3,0,10.6,0.0,7.2,0.0,6.6,0,7.4,0.0,6.8,0,6.9,0.0
2019/2/23,土,7.1,0,7.5,0.0,2.3,0.0,2.5,0,2.3,0.0,5.2,0,8.3,0,4.0,0,10.7,0,10.8,0.5,10.4,0.0,7.1,0.0,7.2,0.0,7.0,0.0,6.4,0,6.6,0.0
2019/2/24,日,6.8,0,6.9,0.0,3.6,0,4.2,0,3.5,0.0,5.0,0,6.2,0,3.8,0,9.5,0.5,9.7,0.0,9.3,0.5,5.3,0,6.1,0,6.9,0.0,5.6,0,5.4,0.0
2019/2/25,月,9.7,0,9.9,0.0,5.0,0,8.2,0,5.4,0.0,9.1,0.0,10.9,0,7.6,0.0,12.8,2.5,12.9,4.0,11.9,3.5,9.4,0.0,9.8,0.0,12.4,0.0,8.7,0,8.6,0.0
2019/2/26,火,8.9,0,9.7,0.0,4.1,0,4.1,0,4.4,0.0,6.6,0,9.0,0.0,5.0,0.0,11.6,0,12.1,0,11.3,0.0,8.8,0.0,8.5,0.0,8.0,0.0,8.6,0.0,8.5,0.0
2019/2/27,水,5.7,0,6.1,0.0,2.2,0,2.6,0,2.0,0.0,5.1,0,7.5,0,3.6,0.0,10.6,0,10.9,0.0,9.9,0.0,6.0,2.0,6.3,2.0,7.2,1.5,5.9,0.0,5.7,0.0
2019/2/28,木,6.6,3.5,6.7,7.0,3.0,3.5,4.0,4.0,3.2,2.0,5.4,26.5,6.4,20.0,4.6,22.5,10.7,20.0,10.2,23.5,8.7,26.0,6.4,26.5,7.0,34.5,8.5,26.5,6.5,13.5,6.4,22.0
2019/3/1,金,9.3,1.0,9.6,1.0,5.5,0.0,5.6,0.0,6.1,0.0,7.6,0,9.0,1.0,4.5,6.0,11.7,0,11.2,0.0,9.8,2.0,7.7,2.5,8.4,1.0,8.2,0.5,8.1,2.0,8.1,1.0
2019/3/2,土,8.2,0,8.4,0.0,3.8,0,3.3,0,4.1,0.0,5.9,0,8.6,0.0,3.9,0.0,10.7,0,11.5,0.0,10.8,0.0,7.3,0,7.7,0,8.3,0.0,6.9,0,6.8,0.0
2019/3/3,日,5.6,5.5,5.7,6.5,5.1,0.0,4.6,0.5,3.9,0.5,5.0,4.0,7.9,2.5,2.6,2.0,10.4,4.0,10.2,10.0,9.2,7.0,5.6,10.0,5.1,7.0,7.9,3.0,5.6,7.5,5.8,8.0
2019/3/4,月,7.5,19.5,7.9,19.5,4.6,13.5,3.0,27.5,4.0,19.5,6.1,8.0,8.3,12.0,4.2,13.0,10.9,5.5,11.4,6.5,10.7,10.0,8.1,16.0,7.3,17.0,8.2,15.5,6.8,21.5,7.3,20.5
2019/3/5,火,10.3,0.0,10.6,0.0,5.6,0.0,5.0,0.0,6.0,0.0,8.2,0,10.3,0.5,5.3,1.5,11.6,0.0,11.3,8.0,10.9,1.0,8.0,0.0,7.9,0.0,8.1,0.0,8.3,0.0,8.5,0.0
2019/3/6,水,10.0,0.5,10.5,0.5,7.7,1.0,8.2,6.5,8.2,3.5,7.6,7.5,11.2,6.0,6.7,3.5,12.3,12.5,12.1,8.0,11.8,5.5,10.1,1.0,10.1,0.0,11.4,0.0,10.1,0.0,10.2,0.0
2019/3/7,木,8.6,6.0,8.8,5.0,4.0,8.0,3.7,9.0,4.5,7.5,6.5,5.0,9.4,4.5,4.3,9.0,11.8,6.0,11.5,6.5,9.7,17.0,8.3,13.0,8.0,11.5,7.7,14.0,7.6,8.5,7.7,13.0
2019/3/8,金,5.2,0,5.8,0.0,1.3,4.5,1.6,0,2.2,0.0,4.2,0,7.5,0,2.2,0,8.9,0,8.9,0,8.8,0.0,5.3,0,5.8,0,5.6,0.0,5.6,0,5.3,0.0
2019/3/9,土,7.7,0,7.7,0.0,4.9,0,5.7,0,5.3,0.0,5.5,0,7.9,0,4.2,0,9.6,0,11.0,0,10.3,0.0,7.8,0,7.9,0,8.4,0.0,6.9,0,7.0,0.0
2019/3/10,日,10.5,7.0,10.3,7.0,7.9,0.0,8.6,8.5,7.6,2.5,7.1,10.5,8.3,12.0,7.1,18.5,11.4,21.5,11.8,26.5,10.8,17.5,10.8,1.5,10.5,0.0,12.1,0.0,10.1,3.5,10.2,0.5
2019/3/11,月,10.4,27.5,11.1,25.5,6.1,5.5,3.3,29.5,5.9,24.5,7.0,22.0,10.0,23.0,5.4,37.5,12.3,4.0,14.2,7.5,13.3,7.5,11.7,43.5,11.6,41.0,11.2,44.5,10.2,32.5,11.5,38.5
2019/3/12,火,11.8,0,12.3,0.0,5.7,0.0,5.6,0,6.3,0.0,5.3,0.0,9.8,0,5.9,0,11.5,0,12.2,0,11.7,0.0,10.6,0,9.7,0,9.8,0.0,9.8,0.5,10.8,0.0
2019/3/13,水,8.9,0,8.8,0.0,3.9,3.5,4.2,0.5,4.2,0.0,3.5,2.0,7.7,0,3.8,0,8.8,0,11.1,0.0,10.1,0.0,9.8,0.0,9.7,0,9.2,0.0,9.0,0.0,9.8,0.0
2019/3/14,木,6.1,0,7.1,0.0,1.6,6.0,2.1,0.0,2.1,0.0,3.0,0.0,6.7,0,1.4,0,7.1,0,9.5,0,8.1,0.0,6.9,0,7.4,0,6.7,0.0,6.4,0,7.0,0.0
2019/3/15,金,7.5,0,8.1,0.0,4.0,0,3.9,0,3.8,0.0,4.0,0,7.4,0,2.6,0,8.7,0.0,9.5,0,9.1,0.0,7.4,0.0,7.0,0,8.0,0.0,7.0,0.0,7.6,0.0
2019/3/16,土,7.9,0,8.1,0.0,1.7,1.5,2.7,0.0,2.6,0.0,4.2,0.5,7.3,0,2.3,0.0,10.0,0.0,10.6,0,9.5,0.0,6.5,3.0,7.6,0.0,7.8,0.0,7.3,0.0,7.8,0.0
2019/3/17,日,6.2,0.0,6.5,0.0,1.0,1.0,1.3,0.0,1.5,0.0,1.4,0.5,6.3,0.0,2.3,0.0,7.7,0.0,9.2,0.0,9.8,0.0,6.1,0,5.8,0.0,6.6,0.0,5.6,0.0,5.8,0.0
2019/3/18,月,8.4,0,8.7,0.0,4.6,0,5.9,0,5.3,0.0,5.0,0,7.9,0,3.7,0,9.0,0,9.6,0,9.8,0.0,7.2,0.0,7.0,0,7.4,0.0,7.0,0,7.4,0.0
2019/3/19,火,11.3,0,11.3,0.0,8.2,0,9.1,0,8.7,0.0,8.3,0,10.3,0,7.1,0,11.3,0.0,12.1,0,12.0,0.0,11.2,0,11.1,0,12.5,0.0,11.2,0,11.2,0.0
2019/3/20,水,13.7,0,13.3,0.0,10.7,0,10.7,0,10.3,0.0,10.9,0,13.0,0,8.5,0,14.3,0,14.3,0,14.6,0.0,12.4,0,11.5,0,12.9,0.0,13.1,0,13.2,0.0
2019/3/21,木,15.3,0.0,15.4,0.0,14.7,6.5,13.8,2.0,14.6,1.5,10.7,14.0,14.6,0.5,11.6,0.0,15.2,7.0,14.9,6.5,14.7,4.5,16.1,0.5,14.5,2.0,15.9,2.0,14.9,0.5,15.1,1.0
2019/3/22,金,12.3,0,12.7,0.0,6.1,0.0,8.4,0,8.5,0.0,12.4,0,14.7,0,11.5,0.0,14.9,0,17.2,0,16.9,0.0,15.1,0.0,14.1,0,13.9,0.0,14.2,0,14.9,0.0
2019/3/23,土,6.1,0,6.6,0.0,1.5,0,1.4,0,1.6,0.0,3.5,0,6.9,0,2.3,1.5,8.8,0,10.6,0.0,9.3,0.0,5.6,0.0,5.6,0.0,5.5,0.0,5.4,0.0,6.4,0.0
2019/3/24,日,5.5,0,5.7,0.0,1.3,0.5,2.6,0,2.0,0.0,4.3,0,7.2,0,1.8,0,8.2,0,9.6,0,8.3,0.0,6.3,0,5.3,0,5.6,0.0,5.2,0,6.1,0.0
2019/3/25,月,8.2,0,7.8,0.0,5.5,0,6.1,0,5.5,0.0,6.8,0,8.9,0,4.4,0,10.7,0,11.6,0,10.4,0.0,8.1,0,7.6,0,8.1,0.0,8.4,0,8.5,0.0
2019/3/26,火,10.9,0.0,11.1,0.0,7.2,4.5,7.4,0.0,7.2,1.0,9.2,0.0,11.9,0,7.0,0,13.3,0.0,12.0,0.5,11.4,0.0,10.5,0,10.2,0,11.0,0.0,11.1,0,11.4,0.0
2019/3/27,水,14.0,0,14.2,0.0,8.7,0.0,8.9,0.0,8.4,0.0,9.2,0,13.4,0,9.7,0,13.1,0,13.7,0,13.3,0.0,12.7,0,13.4,0,11.9,0.0,13.4,0,14.1,0.0
2019/3/28,木,10.5,0.0,11.2,0.0,4.2,12.5,5.0,2.5,5.3,5.0,8.5,1.5,13.9,0.0,9.9,0,14.2,0,16.4,0,16.6,0.0,11.4,0.0,10.7,0.0,10.2,0.0,11.4,0,11.7,0.0
2019/3/29,金,6.8,0,6.8,0.0,3.2,0,4.1,0,3.2,0.0,7.7,0,9.9,0,4.6,0,12.2,0,12.1,0,11.3,0.0,6.2,0.0,5.9,0.0,5.6,0.0,6.0,0,6.6,0.0
2019/3/30,土,5.6,3.5,5.9,2.5,6.9,6.5,6.9,3.0,5.6,5.0,7.6,6.5,11.3,1.5,6.9,1.0,12.8,2.0,12.5,4.0,12.3,6.0,7.6,7.0,6.9,7.5,6.6,6.5,6.5,2.0,7.4,3.5
2019/3/31,日,9.3,0.0,9.9,0.0,6.0,2.5,6.4,0.0,6.2,1.0,6.0,2.0,10.4,0.0,6.1,1.0,10.6,0.0,12.7,0.0,13.1,0.0,8.8,4.0,7.8,3.0,7.0,1.5,7.4,4.5,8.5,4.5
2019/4/1,月,7.7,0.0,8.4,0.0,3.3,0.0,3.4,0.0,3.5,0.0,5.0,0.0,7.8,0.0,2.0,2.5,9.2,0,10.4,0.0,9.5,0.0,7.5,6.5,7.7,0.5,7.8,0.0,6.3,4.0,7.8,6.5
2019/4/2,火,5.9,0.0,6.5,0.0,1.0,0.5,1.2,0.0,1.6,0.0,2.9,0.0,7.2,0,1.8,0.0,7.7,0.0,9.4,0,9.2,0.0,6.3,0.0,6.0,0.0,5.7,0.0,5.1,0,6.0,0.0
2019/4/3,水,5.7,0.0,6.3,0.0,2.1,0.0,2.1,0.0,2.3,0.0,3.3,0,7.1,0,2.1,0,8.4,0,8.8,0,8.6,0.0,5.5,0,5.5,0,6.3,0.0,5.2,0,5.6,0.0
2019/4/4,木,9.7,0,10.1,0.0,5.8,0,6.1,0,5.9,0.0,5.7,0,9.2,0,4.7,0,10.8,0,11.1,0,10.0,0.0,8.5,0.0,9.1,0,10.1,0.0,8.8,0,8.9,0.0
2019/4/5,金,14.3,0,14.9,0.0,11.3,0.5,13.2,0.0,11.5,0.0,9.8,0,14.1,0,9.2,0,14.5,0,15.6,0,14.1,0.0,13.4,0.0,13.1,0,15.0,0.0,13.2,0,13.5,0.0
2019/4/6,土,13.8,0,14.7,0.0,9.2,0.0,10.5,0.0,9.9,0.0,13.8,0,17.7,0,10.2,0,16.9,0,18.9,0,16.0,0.0,15.6,0,14.0,0.0,14.1,0.0,14.6,0,15.3,0.0
2019/4/7,日,13.9,0,14.3,0.0,9.4,0,10.4,0.0,9.6,0.0,13.4,0,16.1,0.0,10.5,0,18.0,0,18.6,0,15.8,0.0,14.7,0.0,13.5,0,12.8,0.0,14.1,0,14.4,0.0
2019/4/8,月,9.1,2.0,9.5,0.5,6.7,1.0,9.0,0.0,7.7,3.0,11.4,0.0,13.7,0.0,6.5,5.0,15.3,3.0,14.8,9.0,12.1,10.5,8.4,1.0,8.7,0.5,8.0,0.5,8.9,2.5,9.3,4.0
2019/4/9,火,8.8,0,9.3,0.0,5.5,2.5,6.0,0.0,6.0,0.0,9.1,0,11.9,0,6.1,0,13.3,0,12.4,0,11.7,0.0,8.2,0.0,8.7,0,8.9,0.0,8.4,0.0,8.6,0.0
2019/4/10,水,3.1,19.5,3.4,19.5,3.3,12.0,1.8,26.5,2.0,16.5,2.4,43.5,4.2,33.5,1.0,32.0,11.0,25.5,8.7,39.0,7.6,48.5,5.2,17.5,5.4,21.0,5.5,19.5,3.5,28.0,4.2,23.0
2019/4/11,木,8.5,1.0,9.1,1.0,4.3,2.0,4.6,0.0,4.6,0.0,7.0,0.0,9.3,0.0,5.4,0.0,13.2,0.0,12.8,0.0,12.1,0.5,8.9,4.5,8.2,7.5,8.2,5.5,8.7,3.0,9.4,3.5
2019/4/12,金,8.3,0,8.8,0.0,4.8,0,4.7,0,4.8,0.0,6.2,0.0,8.8,0.0,2.4,0.0,11.2,0.0,9.5,4.5,8.7,5.0,7.5,0.0,7.9,0,7.9,0.0,8.1,0.0,8.6,0.0
2019/4/13,土,11.1,0,11.4,0.0,7.7,0,8.0,0,7.4,0.0,8.4,0,10.3,0,5.2,0,12.3,0,11.5,0,11.6,0.0,10.3,0,10.2,0,10.6,0.0,10.5,0,10.9,0.0
2019/4/14,日,13.4,0.0,13.7,0.0,11.2,1.0,10.8,1.5,11.4,0.0,9.9,15.0,12.7,0.0,8.7,1.0,13.8,7.5,13.5,7.5,13.5,5.0,13.3,0.5,12.9,5.5,13.4,7.0,12.6,1.0,12.9,0.0
2019/4/15,月,14.3,0.0,14.9,0.0,10.6,1.0,9.4,1.5,10.4,0.0,10.5,9.0,13.9,2.5,9.8,4.0,14.7,10.5,16.5,10.0,15.4,7.5,15.3,8.5,14.9,16.0,14.6,17.0,14.1,5.5,15.2,2.5
2019/4/16,火,15.2,0,15.4,0.0,10.8,0,10.1,0,11.3,0.0,10.1,0,13.0,0,9.4,0,14.4,0,14.3,0,14.7,0.0,13.5,0,13.0,0,12.1,0.0,13.4,0,14.2,0.0
2019/4/17,水,14.5,0,14.5,0.0,13.4,0,12.3,0,11.8,0.0,10.0,0,13.8,0,9.3,0,13.6,10.0,15.1,0,14.9,0.0,13.6,0.0,13.4,0,14.1,0.0,13.9,0,14.2,0.0
2019/4/18,木,17.4,0,17.3,0.0,15.4,0,15.0,0,14.8,0.0,14.1,0,16.4,0,10.9,0,15.7,0,16.2,0,15.9,0.0,16.4,0,14.8,0,14.6,0.0,16.4,0,16.7,0.0
2019/4/19,金,16.4,0,17.0,0.0,11.0,0.0,13.8,0,12.7,0.0,15.3,0,18.1,0,13.7,0,18.3,0,19.1,0,17.5,0.0,16.7,1.0,14.9,0.0,15.2,0.0,16.6,0.0,16.5,1.5
2019/4/20,土,14.7,0,14.9,0.0,11.1,0,12.2,0,11.7,0.0,13.4,0,15.1,0,11.2,0,15.8,0,16.3,0.0,16.0,0.0,12.7,0,11.7,0,10.6,0.0,13.0,0,13.4,0.0
2019/4/21,日,16.2,0,16.3,0.0,11.6,0.0,13.3,0,12.9,0.0,15.2,0,17.1,0,12.9,0,17.8,0,17.0,0,16.5,0.0,14.7,0.5,13.3,0.0,13.0,0.0,14.9,0,15.7,0.0
2019/4/22,月,19.9,0.0,20.0,6.0,13.6,0.0,15.3,0.0,15.4,0.0,19.0,0,20.2,0.0,15.4,0.0,20.7,0,19.1,0,19.2,0.0,17.3,0.0,16.6,0.0,15.8,0.0,18.0,1.5,18.5,0.0
2019/4/23,火,19.2,0,19.5,0.0,18.0,0,16.8,0,17.2,0.0,17.0,0,19.9,0.0,13.6,0.0,20.2,0,19.8,0.0,19.8,0.0,17.7,0,16.7,0,16.0,0.0,18.1,0.0,18.7,0.0
2019/4/24,水,17.1,2.0,17.4,3.0,18.0,0.5,16.8,2.0,16.1,0.0,15.8,6.0,17.2,0.0,14.1,0.0,18.7,52.0,18.3,50.0,18.2,31.0,18.5,2.0,18.5,1.0,17.9,2.0,17.5,3.0,18.1,6.5
2019/4/25,木,21.0,1.0,21.4,1.5,17.1,2.0,19.1,2.0,18.2,0.5,19.6,0.0,20.5,0.5,18.3,0.0,21.1,10.5,20.0,13.5,19.6,8.5,20.0,2.5,19.0,2.0,17.2,4.0,20.2,8.5,20.6,3.5
2019/4/26,金,13.1,14.0,13.1,6.5,12.1,7.0,14.6,9.5,13.3,14.5,17.0,3.5,19.7,0.0,13.1,0.5,20.2,7.5,18.0,12.5,16.6,9.0,10.5,1.5,9.7,1.0,9.0,1.0,11.1,9.0,11.8,6.0
2019/4/27,土,11.0,7.5,11.0,6.5,6.8,4.0,6.8,3.5,7.4,2.5,10.4,0.0,12.7,0.5,6.2,3.5,13.9,11.5,12.5,26.5,10.6,30.5,8.2,17.5,8.6,10.0,7.4,11.5,9.9,13.5,9.9,9.5
2019/4/28,日,12.3,0,12.6,0.0,8.1,0,7.7,0,8.8,0.0,9.4,0.0,11.8,0,7.7,0.0,13.7,0.0,13.8,0.0,12.5,0.5,10.4,0,10.7,0,10.2,0.0,11.3,0,11.3,0.0
2019/4/29,月,14.6,0.0,14.7,0.0,12.9,0.0,11.9,0.0,12.4,0.0,12.3,2.5,13.9,0.0,8.5,0.0,14.6,6.5,13.2,14.5,13.5,6.5,14.3,0.5,13.4,0.0,13.5,0.0,14.1,0.0,14.8,0.5
2019/4/30,火,14.1,20.5,14.3,20.5,14.8,14.0,12.4,13.5,13.6,10.5,12.8,22.0,13.8,19.5,10.5,9.0,16.1,62.5,15.1,65.0,15.2,33.0,14.7,18.0,14.6,16.0,14.0,12.0,13.6,38.0,14.3,29.0
2019/5/1,水,17.4,3.0,17.6,5.0,14.8,2.5,13.6,3.5,13.9,2.0,15.1,4.0,17.1,5.0,13.5,11.0,17.7,2.5,18.5,2.5,17.8,12.5,17.5,21.0,16.9,23.0,16.1,14.5,17.8,25.0,17.9,22.5
2019/5/2,木,17.3,0,17.8,0.5,13.2,0.0,13.4,0,13.5,0.0,15.8,0,18.4,0.0,14.0,0.0,19.2,0.0,20.0,0.0,19.2,0.5,17.7,0.0,17.2,0.5,15.5,2.0,17.6,0.0,18.4,0.0
2019/5/3,金,18.7,0,18.9,0.0,12.6,0,14.5,0,13.4,0.0,16.1,0,17.8,0,13.7,0.0,19.9,0,18.3,0,18.1,0.0,17.7,0,16.0,0,15.9,0.0,17.3,0,17.7,0.0
2019/5/4,土,17.9,1.5,17.8,0.0,14.1,0,14.8,0,14.8,0.0,15.5,0.0,16.5,0.0,10.3,3.0,18.4,0.0,18.2,0.0,17.6,0.0,17.6,0,16.7,0,15.4,0.0,18.0,0.0,18.3,0.0
2019/5/5,日,19.0,0,18.7,0.0,17.3,0,17.0,0,16.6,0.0,15.6,0.5,17.1,0,12.0,0,18.6,0.0,18.1,0,17.8,0.0,18.2,0,17.9,0.0,17.0,0.0,18.6,0,18.6,0.0
2019/5/6,月,17.5,7.0,18.1,7.5,16.5,14.5,16.0,6.0,15.4,13.0,14.5,5.5,17.4,0.0,12.1,0.0,18.0,29.5,17.6,4.5,17.5,0.5,18.6,0.0,18.8,0.0,17.6,0.0,17.3,11.5,18.1,2.0
2019/5/7,火,13.4,0,14.0,0.0,9.4,0.0,9.1,0,9.3,0.0,11.3,0,15.7,0.0,8.6,5.5,16.8,0.0,16.5,0.0,16.2,0.0,12.3,0.5,13.6,0.0,13.1,0.5,13.1,0.0,13.6,0.0
2019/5/8,水,15.7,0,16.3,0.0,12.6,0,12.8,0,12.3,0.0,12.2,0,14.5,0,9.7,0,16.0,0,16.1,0,15.4,0.0,14.5,0,15.2,0,15.9,0.0,14.7,0,14.9,0.0
2019/5/9,木,18.0,0,17.9,0.0,15.4,0,16.4,0,15.3,0.0,14.3,0,16.4,0,12.3,0,17.3,0,18.1,0,16.9,0.0,17.4,0,17.8,0,18.4,0.0,17.5,0,17.5,0.0
2019/5/10,金,21.0,0,21.4,0.0,16.5,0,16.6,0,16.7,0.0,16.2,0,18.6,0,14.2,0.0,19.7,0,19.0,0,18.7,0.0,18.6,0,19.1,0,18.2,0.0,20.0,0,19.8,0.0
2019/5/11,土,21.5,0,21.5,0.0,16.9,0,17.2,0,17.6,0.0,17.1,0.0,20.0,0.0,15.2,0,20.5,0,20.0,0.0,20.0,0.0,19.2,0,17.5,0,16.2,0.0,20.8,0,20.8,0.0
2019/5/12,日,17.8,0.0,17.8,0.0,16.0,0,17.4,0,16.8,0.0,16.5,0,19.1,1.0,14.2,16.5,20.1,0,20.0,0.0,19.6,0.0,14.6,0,13.5,0,12.6,0.0,16.1,0.0,16.3,0.0
2019/5/13,月,18.3,0.0,18.6,0.0,17.2,0,17.9,0,17.2,0.0,15.8,13.5,19.1,0.0,14.1,0.0,20.2,0.0,19.9,0.0,20.1,0.0,15.4,0.0,14.8,0.0,13.7,0.0,16.6,0.0,17.3,0.0
2019/5/14,火,18.4,0.0,18.4,7.5,16.1,11.5,15.5,0.5,14.8,5.5,13.3,7.5,16.5,3.5,11.9,15.5,16.9,27.0,16.9,42.5,17.3,6.5,17.8,0.0,17.7,11.0,16.4,0.5,17.4,1.0,18.1,0.0
2019/5/15,水,19.7,0.5,19.8,0.0,17.3,0.0,17.2,0,16.9,0.0,16.6,0,18.7,0.0,12.9,0.0,18.8,0.0,18.8,0.0,18.6,0.0,18.0,0.5,17.5,1.5,16.8,1.0,18.2,0.0,19.1,0.0
2019/5/16,木,20.4,0,20.6,0.0,19.4,0,19.4,0.0,18.4,0.0,17.6,1.5,20.0,0,13.5,0,20.1,0,20.2,0,19.8,0.0,18.5,0,17.9,0.0,17.1,0.0,19.0,0.0,19.6,0.0
2019/5/17,金,21.2,0,21.6,0.0,20.7,0,19.5,0.0,18.9,0.0,18.4,1.5,20.1,0,14.1,0,20.9,0,20.7,0,20.0,0.0,18.8,0,18.1,0.0,17.8,0.0,19.6,0,20.1,0.0
2019/5/18,土,20.6,0,20.7,0.0,20.1,0,18.9,0,18.2,0.0,18.3,0,19.1,0,12.5,0.0,20.4,0,20.6,0.0,19.9,0.0,18.8,0,18.8,0.0,18.4,0.0,19.7,0,20.0,0.0
2019/5/19,日,21.0,0,21.4,0.0,20.2,0,19.3,0,18.6,0.0,17.9,0,20.0,0,13.2,0.0,20.4,0.0,20.9,0.0,20.1,0.0,19.2,0,19.7,0.0,18.8,0.0,19.9,0.0,20.4,0.0
2019/5/20,月,20.3,0.5,20.7,0.5,20.3,0.5,18.7,1.5,18.4,0.5,17.3,0.5,19.0,0.0,13.0,0.0,19.3,7.0,19.5,5.5,19.7,1.0,19.6,0.0,20.1,0.0,18.8,0.0,19.2,0.0,20.0,0.0
2019/5/21,火,19.5,43.5,19.8,36.0,16.2,33.5,16.1,51.5,16.6,26.0,17.1,70.0,18.5,68.0,16.3,82.5,21.0,124.5,19.7,199.0,19.2,185.5,18.8,65.5,18.3,57.5,17.1,73.0,17.6,116.0,18.3,68.0
2019/5/22,水,19.9,0,19.9,0.0,16.4,0,16.6,0,17.1,0.0,18.0,0,20.2,0.0,15.2,0.0,19.3,0,20.5,0,20.0,0.0,17.5,0,17.0,0,16.0,0.0,18.4,0,18.6,0.0
2019/5/23,木,21.5,0,22.0,0.0,18.4,0,17.6,0,19.1,0.0,17.9,0,20.9,0.0,15.1,0,20.3,0,20.8,0,20.7,0.0,18.5,0,18.0,0.0,17.5,0.0,20.1,0,20.4,0.0
2019/5/24,金,23.0,0,23.2,0.0,18.9,0,19.1,0,19.3,0.0,19.3,0,21.9,0,16.6,0,23.3,0,20.8,0,21.1,0.0,20.9,0,20.1,0,20.7,0.0,21.6,0,21.9,0.0
2019/5/25,土,24.9,0,25.1,0.0,21.4,0,21.4,0,21.2,0.0,21.0,0,23.3,0,18.9,0,23.3,0,22.2,0,22.7,0.0,22.7,0,21.7,0,21.3,0.0,24.1,0,24.3,0.0
2019/5/26,日,27.0,0,26.9,0.0,22.8,0,23.0,0,22.8,0.0,22.1,0,24.7,0,20.7,0,22.9,0,22.4,0,22.6,0.0,24.3,0,24.5,0,22.4,0.0,26.1,0,25.8,0.0
2019/5/27,月,27.9,0,27.5,0.0,25.2,0,24.6,0,24.6,0.0,23.3,0,25.5,0,21.6,0,23.0,0,23.6,0,23.4,0.0,25.3,0,23.9,0,22.3,0.0,27.1,0,26.5,0.0
2019/5/28,火,24.6,0.0,24.9,0.0,22.3,1.5,19.9,0.5,21.6,0.5,17.4,18.0,21.6,1.5,17.7,0.5,20.6,33.0,22.4,7.0,21.8,4.0,23.0,0.0,23.2,0.0,23.3,0.0,23.8,0.0,24.0,0.0
2019/5/29,水,20.6,3.0,21.3,0.5,16.4,5.5,16.8,1.0,16.9,2.5,17.9,6.0,21.6,1.5,17.4,1.5,21.1,37.0,21.4,29.0,20.8,23.5,18.8,8.0,18.3,6.5,17.4,6.5,20.1,3.5,20.8,1.5
2019/5/30,木,20.4,0,21.3,0.0,17.5,0,17.6,0,17.6,0.0,17.2,0,20.1,0,15.3,0,20.5,0,21.4,0.0,21.4,0.5,19.9,0.0,19.6,0,18.2,0.0,20.4,0,21.1,0.0
2019/5/31,金,20.4,0.0,21.1,0.0,17.7,0.0,17.0,1.0,17.0,0.0,16.7,1.0,19.6,0.0,15.3,0.0,21.6,0,21.3,0,21.6,0.0,21.0,0.0,20.4,0.0,19.3,0.0,20.8,1.0,21.2,0.0
2019/6/1,土,22.0,0,22.5,0.0,18.6,0.0,18.5,0,19.0,0.0,19.0,0,21.0,0,15.8,0,22.6,0,22.0,0,21.3,0.0,20.7,0,20.4,0,19.3,3.0,20.8,0.0,21.9,0.0
2019/6/2,日,22.1,0,22.4,0.0,20.0,0,18.1,0,19.1,0.0,17.7,0,21.0,0.0,15.6,0,21.0,1.5,21.2,1.0,21.3,0.0,21.4,0,20.7,0.0,20.4,0.0,21.1,0,22.2,0.0
2019/6/3,月,23.6,0,23.9,0.0,21.8,0,21.3,0.0,20.8,0.0,21.0,0.0,22.9,0.0,17.6,0.0,22.0,1.0,22.1,2.0,22.2,1.5,21.3,0.0,21.2,0.0,20.3,0.0,22.2,0,22.8,0.0
2019/6/4,火,24.0,0,24.1,0.0,23.3,0,22.5,0,22.3,0.0,21.1,0,23.0,0,17.6,0,22.5,0,22.2,0,22.1,0.0,21.4,0,21.4,0,20.6,0.0,22.5,0,22.9,0.0
2019/6/5,水,23.1,0,23.3,0.0,22.4,0.0,22.1,0,21.3,0.0,21.1,0,22.1,0,17.5,0,22.3,0,22.4,0.0,22.1,0.0,21.6,0,22.2,0,20.8,0.0,21.9,1.0,22.8,0.0
2019/6/6,木,26.5,0,26.5,0.0,22.1,0.0,22.2,0,22.5,0.0,22.8,0,25.2,0,20.1,0,25.3,0,24.3,0,24.0,0.0,23.6,0,22.5,0.0,21.9,0.0,23.8,0,24.5,0.0
2019/6/7,金,19.7,12.5,20.4,8.5,17.8,22.0,17.0,19.5,17.1,15.5,17.4,40.0,19.8,22.5,15.8,23.5,20.7,56.5,20.6,54.0,20.6,63.5,19.8,9.0,19.2,9.0,18.5,12.5,19.1,23.0,19.9,14.5
2019/6/8,土,22.0,0.0,22.2,0.0,17.7,1.5,18.3,0.0,18.3,0.0,21.7,4.0,23.3,1.0,19.2,0.0,23.9,0.5,23.9,0.5,22.7,22.5,19.1,0.5,19.0,0.0,18.5,0.5,20.5,0.0,20.5,1.0
2019/6/9,日,16.6,13.0,17.2,11.5,16.6,3.0,15.5,12.0,14.9,7.5,18.5,2.5,18.8,4.0,13.6,4.0,20.4,2.0,19.1,2.0,19.1,8.5,16.9,5.0,16.8,3.0,16.5,9.0,17.3,15.5,17.8,7.0
2019/6/10,月,16.3,31.5,16.6,32.5,16.9,17.5,14.6,21.5,15.3,24.5,16.9,17.5,17.8,18.5,12.7,34.0,19.5,24.5,19.5,38.5,18.7,27.5,16.1,54.5,16.2,48.0,15.9,52.5,15.4,42.0,16.0,44.5
2019/6/11,火,17.9,3.5,18.2,5.0,17.0,4.0,16.5,7.0,16.4,5.5,17.8,5.5,19.1,8.0,13.6,12.5,19.5,16.5,19.2,23.0,19.1,21.0,18.0,5.5,17.6,14.5,17.5,21.0,17.6,0.5,18.7,0.5
2019/6/12,水,18.8,0.0,19.0,0.0,17.1,0.5,16.8,0,16.9,0.0,16.7,4.0,18.5,2.5,13.8,18.5,19.7,23.0,18.9,7.5,18.7,14.0,17.1,0.0,17.0,0.0,16.6,0.0,17.6,0.0,18.4,0.0
2019/6/13,木,21.9,0,22.0,0.0,18.6,0,20.0,0,19.2,0.0,19.4,0,21.2,0,15.9,0,21.6,0,21.4,0,21.2,0.0,20.5,0,20.0,0,18.8,0.0,20.9,0,21.5,0.0
2019/6/14,金,22.3,0.0,22.5,0.0,22.1,0,20.5,0.0,19.9,0.0,19.5,1.0,21.8,0.5,16.0,2.0,21.7,3.0,22.1,2.0,22.1,0.5,21.0,0.0,21.3,0,20.2,0.0,21.6,0.0,22.3,0.0
2019/6/15,土,16.5,27.5,16.8,25.5,17.6,5.0,14.7,25.5,16.0,8.0,16.3,25.0,16.1,41.0,12.8,59.5,20.1,20.5,18.4,53.0,17.4,55.5,17.4,28.0,17.9,27.0,17.9,25.0,16.8,29.5,17.2,27.0
2019/6/16,日,21.6,8.0,22.2,8.0,18.6,0.0,18.3,4.5,18.4,3.0,17.8,4.5,22.2,6.0,19.5,15.0,21.8,2.0,23.9,1.0,24.4,2.0,23.2,3.5,24.0,4.0,22.4,7.0,22.3,14.5,22.9,3.5
2019/6/17,月,21.5,0,22.1,0.0,16.5,0.0,17.0,0,17.5,0.0,19.1,0,23.3,0,18.0,0,22.9,0,22.4,0,22.4,0.0,22.5,0,21.6,0,20.7,0.0,21.6,0.0,22.9,0.0
2019/6/18,火,21.8,0.0,22.9,0.0,18.9,0.0,19.4,0,19.0,0.0,19.6,0,22.2,0,16.6,0,22.2,0,22.7,0,22.4,0.0,22.2,0,21.8,0.0,21.1,0.0,21.9,5.0,23.0,0.0
2019/6/19,水,23.1,5.0,23.6,2.0,19.7,0,20.2,0.0,20.4,0.0,21.2,0,23.2,0,17.8,0,23.1,0,23.0,0,22.9,0.0,23.2,0,23.0,0.0,21.7,8.0,22.0,13.5,23.4,7.5
2019/6/20,木,24.2,2.0,24.7,0.0,21.4,0.0,21.6,0,21.9,0.0,22.7,0,25.0,0.0,19.4,0.0,24.1,0,24.3,0,24.5,0.0,22.0,0.0,21.8,0.0,20.7,0.5,22.2,7.5,23.0,0.0
2019/6/21,金,23.4,9.5,23.8,5.5,21.6,29.5,21.6,0.0,21.2,0.5,21.9,0,24.1,0.0,18.7,0.5,24.4,0.5,24.4,5.0,24.6,0.0,23.0,0.0,22.1,0.0,20.8,0.0,20.9,21.5,22.3,11.0
2019/6/22,土,21.7,8.0,21.8,2.5,20.6,0.5,21.0,0.0,20.5,0.0,22.5,0.0,23.3,0.0,17.1,0.5,24.1,5.5,23.6,0.0,23.5,0.0,21.9,3.5,22.0,0.0,21.5,0.0,20.9,17.5,21.6,18.5
2019/6/23,日,21.3,9.0,21.4,17.5,18.8,7.5,19.9,0.5,19.5,0.5,21.8,3.0,22.8,0.5,17.4,6.0,23.0,47.5,22.7,11.0,22.7,0.0,20.2,0.0,20.4,0.0,20.1,0.0,20.9,0.0,21.1,0.0
2019/6/24,月,19.1,21.0,19.2,22.0,18.2,6.0,17.6,2.0,18.1,4.0,19.6,10.0,20.3,21.0,16.1,30.0,23.0,47.5,21.8,54.5,20.8,27.5,18.5,11.5,18.4,4.5,18.0,4.0,18.9,29.0,19.4,14.5
2019/6/25,火,22.8,0,22.9,0.0,20.9,0,20.9,0,20.9,0.0,20.4,0,22.8,0,17.8,0,23.2,6.5,23.1,0.0,23.2,0.0,20.9,0,21.5,0.0,20.6,0.0,22.0,0.0,22.5,0.0
2019/6/26,水,25.0,0,25.4,0.0,23.4,0,23.3,0.0,22.8,0.0,22.3,0,24.4,0,19.0,0,24.1,0.0,24.3,0,23.9,0.0,23.6,0.0,24.0,0,23.0,0.0,24.1,0.0,24.4,0.0
2019/6/27,木,25.1,0.0,25.1,0.0,23.1,3.5,23.2,2.0,23.6,0.5,21.9,25.0,24.4,0.0,21.0,0.5,24.4,7.5,25.7,6.0,24.4,3.0,25.1,0.5,25.2,0.0,24.9,0.5,24.4,2.0,25.1,2.0
2019/6/28,金,24.9,22.0,25.3,1.5,22.7,6.5,23.4,4.5,22.8,16.0,23.0,8.0,26.4,1.0,22.8,1.0,26.2,9.0,27.0,7.0,25.8,5.5,23.5,3.0,23.1,3.5,22.7,3.5,24.0,2.5,24.0,6.5
2019/6/29,土,20.4,2.5,20.8,1.0,22.5,12.5,23.0,0.5,21.5,0.5,22.8,2.0,25.6,0.0,19.9,0.0,25.3,2.0,25.0,1.0,23.9,4.5,19.4,3.5,19.3,13.5,19.2,29.5,19.4,36.5,19.9,5.5
2019/6/30,日,23.0,27.0,23.0,18.0,23.4,30.5,25.1,26.5,23.9,26.0,22.8,56.5,25.6,8.0,22.0,7.5,25.0,12.5,26.2,9.0,25.0,10.0,20.9,13.5,20.7,19.0,20.6,35.0,21.7,27.5,22.0,16.5
2019/7/1,月,24.0,4.0,24.1,0.5,23.0,0.0,24.0,0.0,23.2,0.0,22.9,0.0,25.2,0.5,21.1,0.5,23.6,7.5,24.8,1.5,23.6,2.5,21.7,3.0,21.7,3.0,21.2,6.5,22.4,0.0,22.6,0.5
2019/7/2,火,25.2,3.0,25.3,1.5,22.6,0.0,23.1,0.0,22.7,0.0,22.2,0.0,24.7,0.0,21.4,0.0,23.2,4.0,24.7,0.5,23.5,0.5,23.2,0.5,24.3,0.0,23.5,0.0,24.3,0.5,24.6,0.5
2019/7/3,水,24.3,9.5,25.1,2.0,23.0,6.0,22.8,1.5,21.8,5.0,22.9,11.0,24.7,0.5,20.5,2.5,24.1,7.5,24.5,3.5,24.6,9.5,23.5,2.0,23.3,1.5,23.1,0.5,24.0,11.5,24.3,4.0
2019/7/4,木,22.3,21.5,22.3,21.5,22.2,43.0,22.4,28.0,21.7,31.5,22.6,38.0,23.1,34.5,19.8,32.0,23.9,73.5,24.1,40.5,23.2,39.5,21.6,29.0,21.1,48.0,20.2,50.5,21.2,44.0,21.1,68.5
2019/7/5,金,22.0,0.0,22.2,0.0,23.3,0.0,22.8,0,21.4,0.0,22.5,0.0,23.2,0.0,17.8,10.0,22.1,52.5,23.0,21.0,22.3,19.0,20.7,0.0,20.7,0,20.5,0.0,21.1,0.0,21.4,0.0
2019/7/6,土,22.2,0.0,22.6,0.0,22.2,0,21.5,0,20.7,0.0,22.6,0.5,22.9,2.0,16.6,21.5,22.3,13.5,22.6,14.0,22.4,13.5,21.0,4.0,21.0,0.0,20.8,1.0,21.9,0.0,22.6,0.0
2019/7/7,日,21.1,2.0,21.2,3.0,22.1,0.0,21.2,2.0,20.0,0.0,22.6,3.0,23.2,2.5,16.3,7.0,24.1,0.5,25.7,0.0,25.4,0.5,20.4,1.5,20.2,1.0,18.9,6.0,20.7,0.0,21.7,0.0
2019/7/8,月,21.1,0.0,21.6,0.0,22.8,0.0,22.1,0.0,20.7,0.0,22.2,4.0,23.8,0,17.3,0.0,22.4,4.5,24.0,0,23.0,0.0,20.0,0,20.0,0.0,19.3,0.0,20.4,0.0,21.1,0.0
2019/7/9,火,18.3,0.5,18.7,0.0,21.2,2.0,20.6,1.5,18.4,10.0,21.8,0.0,21.3,3.5,15.5,0.0,22.1,1.0,22.0,0.0,21.2,0.5,18.9,0,19.1,0,18.7,0.0,18.2,0.0,19.1,0.0
2019/7/10,水,20.0,0.0,20.5,0.0,23.0,0,22.7,1.0,20.3,0.0,22.9,0,23.3,0.0,17.0,0.0,23.6,0,24.0,0,23.3,0.0,20.0,0.0,20.1,0.0,19.6,0.0,19.7,0.0,20.6,0.0
2019/7/11,木,18.3,2.5,18.9,3.0,20.6,2.5,20.3,2.5,18.2,4.5,20.0,10.5,21.0,4.5,15.7,6.5,21.3,11.0,21.3,9.0,20.8,9.0,20.1,1.0,20.4,0.0,19.8,0.0,19.5,1.0,20.0,1.5
2019/7/12,金,20.4,5.5,20.6,6.0,22.5,0.5,22.2,2.5,21.2,2.0,23.2,8.0,22.1,1.5,17.8,1.0,24.3,0.0,23.3,9.5,22.6,10.5,19.7,3.0,20.0,1.0,20.1,1.0,19.8,5.0,19.9,5.5
2019/7/13,土,23.6,6.5,23.9,0.5,22.2,2.0,22.1,2.0,22.2,1.0,21.4,7.5,23.5,3.5,19.4,3.5,24.2,8.5,23.8,3.0,23.7,1.0,23.0,0.5,22.8,0.5,22.0,0.0,23.2,3.5,23.5,0.5
2019/7/14,日,21.5,28.5,22.0,17.5,21.2,17.0,20.3,9.5,20.1,11.5,21.1,18.0,21.9,16.5,18.1,23.5,23.4,15.5,22.7,36.5,22.1,28.5,21.3,32.5,21.3,12.5,21.0,8.5,21.5,26.0,22.1,18.5
2019/7/15,月,21.9,12.5,22.5,8.0,22.3,6.5,22.6,2.0,21.8,5.0,22.4,10.5,23.3,23.0,18.7,16.0,23.2,31.0,23.1,39.5,22.6,29.0,21.0,4.0,20.7,3.5,20.3,2.0,21.6,5.0,22.1,2.0
2019/7/16,火,21.2,10.5,21.6,8.0,23.8,0.0,22.7,2.0,21.6,5.5,22.4,25.5,22.2,37.0,17.9,13.5,23.1,2.5,22.7,2.5,21.6,3.5,20.6,23.5,21.4,10.5,21.1,4.0,21.7,4.5,22.1,4.5
2019/7/17,水,25.3,0.0,25.6,0.0,24.4,0.5,23.8,11.5,23.5,10.5,24.5,0,25.4,0.0,21.0,0.0,24.4,41.5,24.1,6.0,24.0,2.0,23.1,0.0,22.7,2.5,22.2,0.5,24.3,0.0,24.6,0.0
2019/7/18,木,24.6,7.0,25.1,6.0,23.3,5.0,21.5,36.5,22.0,21.0,21.3,54.0,24.0,22.5,20.4,21.0,25.8,16.5,25.2,21.5,24.8,84.0,24.2,8.5,23.1,2.0,22.7,2.0,24.0,2.5,24.3,5.5
2019/7/19,金,26.4,0.5,27.0,1.0,23.3,0.5,24.4,0.0,23.1,0.0,22.6,7.0,25.0,1.0,22.6,0.5,25.3,6.0,27.6,1.5,25.1,3.0,26.4,1.5,26.3,4.0,25.6,5.5,25.1,7.5,26.1,10.0
2019/7/20,土,27.3,0.0,27.5,0.0,23.8,0.5,23.5,0.5,22.7,0.5,22.3,1.0,24.5,1.5,21.1,2.5,26.5,0.0,26.3,0.0,25.6,0.5,25.9,0.5,24.8,2.5,24.1,3.5,25.5,13.5,26.5,1.0
2019/7/21,日,25.1,0.0,25.2,0.5,26.2,0.0,25.0,0.0,24.4,0.0,24.1,0,26.7,0,22.4,0,26.4,0,26.5,0,26.0,0.0,22.7,0.5,22.1,0.0,21.3,2.0,23.2,1.5,24.0,1.5
2019/7/22,月,22.7,3.0,22.8,2.0,24.8,6.5,24.4,2.5,24.0,0.0,22.4,30.5,26.0,2.5,22.0,2.0,25.8,87.0,26.0,28.0,25.3,10.0,21.7,0.5,22.0,0.5,21.4,1.0,22.2,2.0,22.4,2.5
2019/7/23,火,25.6,84.5,26.3,4.5,25.5,0.0,25.1,0.0,24.3,2.5,25.5,0,26.3,5.0,22.2,5.5,27.4,0.0,26.1,12.0,25.8,42.5,23.8,6.5,23.9,1.0,23.7,1.0,24.8,2.5,25.1,22.0
2019/7/24,水,26.7,42.5,26.9,54.5,26.1,0.0,26.1,0,24.7,31.0,26.3,0,27.5,0.5,22.7,0.0,27.5,0,27.3,0,27.4,0.0,26.2,0.0,25.4,1.0,24.8,6.5,26.1,1.5,26.8,0.0
2019/7/25,木,28.2,5.5,28.4,1.0,26.2,2.0,27.2,0,25.9,2.5,25.5,0,27.9,0,22.9,0.5,27.5,0.5,27.7,0.0,27.6,0.5,27.3,0.0,26.6,0.0,25.5,0.0,27.0,0.5,27.8,0.0
2019/7/26,金,28.5,0.0,29.2,0.0,28.0,0.0,26.8,0,26.3,0.0,26.0,4.0,27.5,0.0,21.9,3.0,27.6,30.5,27.5,30.5,27.7,9.5,28.7,0.0,28.9,0.0,27.2,0.0,28.4,0.0,28.9,0.0
2019/7/27,土,28.0,9.5,28.4,5.0,27.3,16.5,25.1,20.5,25.5,24.5,23.3,21.0,25.7,23.5,22.7,24.0,26.8,17.0,26.9,27.5,26.4,44.0,28.3,9.0,29.1,6.0,27.2,2.5,28.0,2.0,28.9,0.0
2019/7/28,日,28.8,19.5,29.1,13.5,26.2,25.0,26.2,2.5,26.2,12.5,27.3,0.0,27.8,2.0,23.8,10.0,28.0,0,28.3,0,27.2,0.0,27.4,28.5,28.3,22.0,27.3,10.5,27.7,37.0,28.2,18.0
2019/7/29,月,28.7,0.5,28.8,64.5,26.2,0.0,25.6,9.5,25.5,0.0,27.0,1.0,27.7,1.5,23.5,14.0,28.8,0.0,27.7,3.5,27.4,1.5,28.4,0,28.3,0.0,27.5,0.0,28.3,0.0,28.8,0.0
2019/7/30,火,29.9,0.0,30.3,0.0,27.3,0,26.9,0,26.4,7.5,27.1,0,28.6,0,24.8,0.0,29.0,0,27.6,0.0,27.7,0.0,28.9,0.0,29.5,0,28.5,0.0,28.9,0.0,29.5,0.0
2019/7/31,水,29.9,8.0,30.4,64.5,28.1,0.0,27.9,0,27.3,0.0,28.6,0,29.9,1.0,25.2,18.5,29.6,0,29.0,0,28.6,0.0,29.3,0.0,29.4,0,28.6,0.0,29.0,14.5,30.4,0.0
2019/8/1,木,30.6,0.0,30.6,0.0,28.8,0.0,28.2,0,27.7,0.0,27.8,7.0,29.1,6.5,24.8,2.0,29.7,0,29.2,0,29.1,0.0,29.9,0.0,29.5,0,28.7,0.0,28.9,55.0,30.3,0.0
2019/8/2,金,31.5,0,31.5,0.0,28.9,5.5,27.9,0,28.2,0.0,27.1,0.0,28.6,13.0,25.4,0.0,28.7,0.0,29.8,0,29.2,0.0,30.0,0,29.7,0,28.3,0.0,30.1,1.0,31.2,0.0
2019/8/3,土,31.5,0,31.6,0.0,28.4,0.5,27.4,9.5,28.1,0.0,26.9,22.5,29.2,6.0,25.7,0,28.5,0,29.3,0,28.6,0.0,29.4,0,30.1,0,27.9,0.0,30.4,0,31.0,0.0
2019/8/4,日,31.0,0,31.0,0.0,29.4,0,28.0,0,28.2,0.0,27.5,0.0,29.9,0.0,25.4,0,29.0,0,29.3,0,29.3,0.0,28.5,0,28.6,0,26.6,0.0,29.6,0.0,30.1,0.0
2019/8/5,月,30.7,0.0,30.9,0.0,29.8,0,28.5,0.0,28.1,0.0,29.0,0,29.8,0,24.9,0,29.6,0,29.8,0,29.7,0.0,28.8,0,28.4,0,27.2,0.0,29.6,0,30.2,0.0
2019/8/6,火,31.0,0,31.3,0.0,29.2,0,27.2,19.5,28.3,0.0,28.2,0.0,30.0,0.0,25.2,6.0,29.3,0,29.4,0.0,29.6,0.0,29.6,0.0,30.6,0,28.8,0.0,29.7,0.0,30.2,0.0
2019/8/7,水,30.9,0,30.9,0.0,28.0,0.5,27.2,0.0,26.2,31.0,28.4,0,29.9,0,26.0,0,28.9,0.0,29.6,0,28.8,0.0,29.3,0,28.2,0,26.9,0.0,30.2,0.0,30.7,0.0
2019/8/8,木,30.5,1.0,31.3,0.0,27.6,1.5,27.4,0.0,26.2,30.0,29.0,0,29.4,1.0,25.6,0,28.7,0.0,29.5,0,28.3,0.0,29.1,0,30.3,0,28.2,0.0,29.5,0.0,30.9,8.0
2019/8/9,金,31.1,0.0,31.3,0.0,26.8,5.0,27.7,0,26.5,0.0,28.8,0,28.6,0.0,25.3,16.0,28.6,0,29.3,0.0,28.3,0.0,29.8,0,30.6,0.0,28.9,0.0,29.8,0.0,32.2,0.0
2019/8/10,土,30.8,0.0,31.1,0.0,27.0,0.0,28.2,0,27.7,0.0,28.3,0,29.8,0,25.0,0.0,29.3,0,29.4,0.0,29.0,0.0,28.8,0,27.5,0,26.3,0.0,29.0,2.5,30.0,0.0
2019/8/11,日,29.2,0.0,29.3,0.0,28.9,0,27.2,10.5,27.5,0.0,27.7,1.5,29.5,5.5,24.5,0,29.5,0,29.6,0,29.7,0.0,26.5,0,26.0,0,25.6,0.0,27.3,0.0,28.0,0.0
2019/8/12,月,29.4,0.0,29.8,0.0,29.7,0,27.7,0,27.4,0.0,28.2,0,29.3,0,24.0,0,30.0,0,30.0,0.0,29.6,0.0,27.4,1.5,27.9,0.0,26.9,0.0,28.6,0,28.9,0.0
2019/8/13,火,30.7,0.0,30.9,0.0,30.2,0,27.5,1.0,28.0,0.0,27.8,0.0,29.0,0.0,24.1,0.0,30.6,0.0,30.0,2.0,29.7,0.5,28.6,0.0,28.3,0.0,28.0,0.0,29.6,0.0,30.2,0.0
2019/8/14,水,27.5,74.5,27.6,84.0,29.7,0.0,27.1,0.5,27.4,0.0,27.1,0.5,26.8,12.0,23.3,38.0,28.1,26.5,28.8,12.0,28.0,20.0,28.2,9.5,26.7,5.5,26.2,4.5,27.8,7.0,26.7,0.0
2019/8/15,木,28.3,8.5,28.7,8.0,30.9,0,27.5,0.0,28.6,0.0,26.1,2.5,27.3,18.5,24.2,7.0,28.1,9.5,28.6,19.0,28.3,10.5,28.9,0.0,29.6,0.0,27.4,0.0,28.1,14.0,28.7,8.0
2019/8/16,金,28.4,5.5,28.6,5.0,28.9,2.5,26.7,6.0,28.3,0.0,25.7,35.5,28.4,4.5,24.0,11.0,27.9,15.5,28.9,12.5,27.9,12.5,28.5,0.5,28.8,0.0,27.4,0.0,28.2,1.0,28.8,2.0
2019/8/17,土,30.6,0.0,30.8,0.0,27.2,0,28.0,0,27.6,0.0,27.6,0.0,28.9,0,24.8,0.0,28.8,0,30.6,0,28.2,0.0,29.5,0,29.4,0.0,28.8,0.0,29.7,0,29.9,0.0
2019/8/18,日,30.0,0,30.0,0.0,27.9,0.0,27.3,0.0,27.4,0.0,26.9,0,27.7,12.5,23.9,1.5,28.6,0,29.1,0,28.6,0.0,28.2,0,28.1,0,27.9,0.0,29.1,0.0,29.6,0.0
2019/8/19,月,28.2,31.0,28.4,19.5,26.6,14.0,25.6,14.0,25.5,21.0,26.4,5.5,27.5,5.0,23.3,32.5,28.7,0.0,29.3,0.0,28.9,0.0,26.5,0.0,26.2,0.0,26.4,0.0,27.2,2.0,27.3,5.5
2019/8/20,火,24.9,16.5,24.9,12.0,24.2,14.0,24.3,3.5,24.2,13.5,25.4,0.5,27.9,0.0,23.7,0.0,28.2,9.0,28.9,0.0,28.2,1.0,24.7,11.5,24.8,17.0,24.7,21.5,23.2,29.5,24.1,24.5
2019/8/21,水,25.9,7.5,26.1,13.5,24.0,5.5,23.9,4.0,23.8,8.0,25.7,3.0,28.3,0.5,23.9,0.0,29.4,0,28.0,1.5,28.1,2.0,25.4,2.5,24.7,27.0,24.5,19.5,24.6,72.5,25.5,31.0
2019/8/22,木,24.3,2.0,24.6,4.5,22.5,19.0,22.9,14.5,23.1,8.0,26.2,0.0,28.0,0.0,23.4,0.5,29.6,0,28.7,0,27.9,13.0,24.8,3.5,24.7,12.5,24.4,5.0,24.1,1.0,24.7,1.0
2019/8/23,金,26.3,2.0,26.1,3.5,24.3,4.5,24.2,9.0,24.1,5.5,23.1,22.0,25.7,7.5,22.0,5.0,25.7,28.5,26.7,10.5,26.4,5.0,25.5,2.0,26.0,1.0,26.1,1.0,25.7,1.5,25.7,2.5
2019/8/24,土,27.5,0.0,27.4,0.0,23.4,0.0,23.8,0,23.7,0.0,24.3,0.0,26.9,0.0,21.9,1.0,26.2,0.5,27.2,0.0,26.7,0.5,26.2,0.5,25.9,0.0,26.1,0.0,25.8,1.5,26.6,0.5
2019/8/25,日,26.3,4.0,26.3,8.5,22.9,0,23.1,0,23.3,0.0,24.3,0,26.6,0,21.0,0.0,27.6,0.0,26.7,0.0,26.7,0.0,25.1,0.5,24.4,18.0,23.8,42.5,25.0,7.0,22.9,6.0
2019/8/26,月,25.6,0.0,25.9,0.0,22.4,0,22.2,0,22.8,0.0,23.4,0,26.0,0.0,20.8,0.0,26.5,0,26.4,0.5,26.0,4.5,23.9,12.0,23.5,0.0,23.5,1.5,23.9,2.0,25.5,0.0
2019/8/27,火,24.8,19.0,25.0,6.5,23.1,2.5,22.0,6.0,22.7,6.0,21.9,20.0,24.7,3.0,20.0,7.5,24.6,38.5,25.2,28.5,24.9,19.5,24.9,0.5,24.4,0.5,24.7,0.5,24.0,2.5,24.9,2.0
2019/8/28,水,24.0,1.0,24.2,0.5,23.6,0.5,24.6,0.5,23.5,0.5,22.0,38.5,24.2,1.5,22.0,2.0,25.7,7.5,27.0,20.5,25.5,21.0,24.9,6.0,24.8,1.5,24.5,3.5,23.7,8.0,23.9,1.5
2019/8/29,木,27.5,2.0,27.7,0.5,23.6,6.0,25.1,3.0,24.2,4.0,25.5,4.0,26.4,0.5,23.5,0.0,27.3,0.0,29.7,0,28.0,0.0,27.4,0.0,27.3,0.0,26.7,0.0,27.1,0.5,27.6,0.0
2019/8/30,金,25.1,1.0,25.4,2.0,22.5,14.5,23.5,19.5,22.2,8.5,23.0,11.5,25.1,3.5,21.6,19.5,25.2,28.5,26.5,24.5,25.6,23.0,24.7,7.0,25.4,3.5,25.0,2.0,25.1,1.0,25.2,1.5
2019/8/31,土,26.9,3.5,27.4,0.5,23.7,0.0,24.1,0,24.1,0.0,24.2,1.0,27.0,0.0,23.0,0.0,26.4,0.0,27.9,0.0,26.7,0.0,26.2,0.0,25.7,0.0,25.5,0.5,26.3,0.0,26.5,0.5
2019/9/1,日,26.7,0.0,27.2,0.0,22.4,0.0,21.3,0.0,21.8,0.0,23.6,0,26.8,0.0,22.4,0.0,27.2,0,28.1,0,27.0,0.0,26.2,0.0,25.9,0.0,25.6,0.0,26.3,0.0,26.2,0.0
2019/9/2,月,26.0,0.0,26.7,0.0,22.2,0.0,23.0,0.0,21.8,0.0,23.7,0.0,27.4,0,23.3,0,27.5,0,28.5,0,27.0,0.0,25.9,0.0,24.6,0.0,24.3,5.0,25.9,1.5,26.3,0.0
2019/9/3,火,24.7,0.0,25.1,0.0,23.3,0.0,23.5,0.0,23.3,0.0,25.6,0,27.8,0.0,22.4,0,27.9,0,27.7,0,26.7,8.0,24.0,0.0,23.5,2.0,22.9,0.5,23.5,1.5,23.9,2.0
2019/9/4,水,22.9,0.5,23.3,0.5,22.8,10.0,22.7,8.0,22.6,3.5,24.1,4.0,26.3,6.0,21.1,10.5,27.3,9.5,27.2,0.0,26.5,0.0,22.8,0.0,22.8,1.5,22.2,57.0,22.7,2.5,23.0,0.0
2019/9/5,木,25.0,0,25.1,0.0,25.4,0.0,24.1,0.0,22.9,0.0,23.8,6.5,26.2,0.0,20.9,0.0,27.2,0.0,27.4,0.0,26.8,0.0,24.9,0.0,24.2,0,23.8,0.0,24.8,0.0,25.1,0.0
2019/9/6,金,28.1,0,28.3,0.0,26.6,0.0,25.6,0,25.1,0.0,24.6,0,27.2,0,21.8,0.0,28.1,0,28.2,0.0,27.7,0.0,26.8,0,26.4,0.0,25.8,0.0,27.5,0.0,27.5,0.0
2019/9/7,土,28.4,0,28.7,0.0,27.7,0,25.3,0,25.5,0.0,25.6,0,27.5,0,22.0,0.0,28.5,0.0,28.2,1.0,27.9,0.0,27.3,0,26.8,0.0,26.7,0.0,27.8,0,27.9,0.0
2019/9/8,日,29.0,0.0,29.1,0.0,28.5,0.0,26.2,0.0,26.0,1.5,26.4,3.0,27.9,7.5,22.9,80.5,29.3,14.0,28.7,35.0,28.7,22.5,27.8,2.0,27.9,0.0,27.7,0.0,28.2,0.5,28.6,0.0
2019/9/9,月,28.9,29.0,29.0,26.0,26.4,0.0,26.0,1.0,25.9,4.5,27.3,2.5,29.8,13.0,25.6,34.0,29.7,0.0,29.6,5.5,28.3,10.0,27.9,104.0,28.0,72.5,27.2,67.0,28.5,52.0,28.8,75.5
2019/9/10,火,29.1,15.5,29.3,19.5,26.4,0,26.5,0,26.2,0.0,27.1,0,28.7,3.0,23.7,42.5,29.3,0,28.6,5.0,28.4,0.0,28.8,5.0,28.2,7.5,27.5,0.0,28.3,52.5,28.5,30.0
2019/9/11,水,26.7,12.5,27.4,5.5,24.5,12.0,24.8,3.5,24.6,1.0,25.7,1.0,27.3,0.0,23.7,1.0,28.7,17.5,27.6,22.5,27.3,0.5,26.5,9.0,25.7,18.5,26.0,11.0,26.1,14.0,26.3,6.0
2019/9/12,木,25.5,0.0,25.9,0.0,20.7,0.0,21.2,0,21.5,0.0,24.7,0,26.2,0,20.4,0.5,26.9,0,26.5,0.5,25.5,0.5,23.9,0,23.3,0,23.1,0.0,23.6,0,24.4,0.0
2019/9/13,金,21.3,0.0,21.7,0.0,20.1,0,19.1,0.0,18.7,0.0,21.3,0,22.3,0.0,15.7,0.0,23.9,0.0,24.3,0.0,23.7,0.0,20.7,0,20.6,0.0,21.0,0.0,20.1,1.0,20.9,0.5
2019/9/14,土,22.2,0,22.0,0.0,23.1,0,22.0,0,20.7,0.0,22.4,0,23.2,0,17.2,0,25.7,0,25.2,0,24.1,0.0,21.4,0.5,22.0,0,22.5,0.0,20.8,0.0,21.3,0.0
2019/9/15,日,25.7,0,25.9,0.0,23.8,0,23.6,0,23.1,0.0,24.7,0,26.4,0.0,20.4,0.0,27.1,0,27.1,0.0,26.6,0.0,23.9,0.5,23.6,0.0,23.3,0.0,25.1,0.0,25.2,0.0
2019/9/16,月,25.3,1.0,25.4,2.0,21.4,0.0,21.7,0,21.3,0.0,24.6,0,27.6,0.0,21.2,1.0,29.4,0,28.7,0.0,27.6,0.5,23.0,31.0,23.2,21.5,23.0,15.5,23.9,12.0,24.2,6.5
2019/9/17,火,26.6,0.0,26.8,0.0,22.3,0.0,22.9,0,22.8,0.0,25.4,0.0,27.3,0,21.4,0.0,27.2,0.0,28.3,0,27.4,2.5,24.7,0,24.3,0,23.8,0.0,25.2,0.0,25.5,0.0
2019/9/18,水,22.3,0.5,22.8,0.0,19.7,0.0,20.0,0.0,19.7,0.5,22.4,0.5,23.6,2.0,18.0,6.5,23.0,4.5,23.1,6.0,22.5,5.0,20.3,7.5,20.9,3.5,21.0,2.5,21.6,1.0,21.7,2.0
2019/9/19,木,22.5,0.0,23.0,0.0,16.8,0,16.9,0,18.0,0.0,20.8,0,23.3,0.0,17.7,0.0,23.7,0,24.0,0.0,23.1,0.5,20.3,0,19.9,0.0,20.3,0.0,21.0,0,21.2,0.0
2019/9/20,金,21.9,0.0,22.6,0.0,16.7,0,17.2,0,17.5,0.0,19.6,0.0,22.6,0.5,17.7,0.0,23.7,0.0,23.8,0.0,23.2,0.0,21.0,0,20.8,0,20.9,0.0,21.3,0.0,21.5,0.0
2019/9/21,土,20.2,0.5,20.8,0.5,18.1,0.0,16.5,1.5,16.8,1.0,17.9,1.0,20.4,2.0,15.8,2.5,23.8,0.0,24.0,0.0,23.0,0.0,20.5,0.5,20.3,0.5,20.8,0.5,20.3,0.0,20.6,0.5
2019/9/22,日,22.0,11.5,22.3,8.0,21.3,0.0,19.5,0.0,19.7,0.0,20.6,0.5,20.8,23.5,17.2,11.0,25.1,1.5,24.0,7.5,23.2,9.0,21.2,5.0,20.8,0.5,21.3,2.5,22.2,13.0,22.1,8.5
2019/9/23,月,22.8,4.5,23.0,2.0,26.8,0.0,25.2,0.0,25.5,0.0,24.0,21.0,25.6,5.5,22.0,3.5,26.3,20.0,26.3,10.5,25.5,9.0,25.4,7.5,25.7,4.5,25.0,5.0,23.2,4.0,24.9,5.5
2019/9/24,火,24.7,0.0,25.2,0.0,20.2,3.5,19.9,0.0,20.8,0.0,21.1,0.0,24.3,0.0,19.7,2.0,23.8,0.0,25.0,0.0,24.5,0.0,24.0,0.0,24.0,0.5,23.4,0.5,23.6,0.5,24.3,0.0
2019/9/25,水,23.1,0.0,23.5,0.0,18.8,0.0,19.2,0.0,19.2,0.0,20.7,0,23.7,0,18.5,0.0,24.3,0,24.7,0,24.6,0.0,22.8,0.0,22.5,0.0,21.9,0.0,23.1,0,23.2,0.0
2019/9/26,木,21.6,0,22.0,0.0,19.1,0,19.3,0,19.2,0.0,20.2,0,22.6,0,17.4,0,24.5,0,24.5,0,23.6,0.0,20.7,0,19.4,0,19.9,0.0,20.6,0,20.9,0.0
2019/9/27,金,22.9,0,22.8,0.0,21.7,0.0,20.9,0,21.3,0.0,21.2,0,23.7,0,18.8,0,24.8,0,24.5,0,23.8,0.0,20.6,0,20.0,0,20.1,0.0,22.1,0,22.0,0.0
2019/9/28,土,22.5,0.0,22.8,0.0,21.7,0.0,21.7,0.0,21.1,0.0,20.6,0,22.7,0.0,17.5,0,24.4,0.0,23.9,0.0,23.4,0.0,23.1,0.0,22.3,0.0,22.6,0.0,22.1,0.0,22.4,0.0
2019/9/29,日,24.3,0,24.6,0.0,21.8,0,21.1,2.0,21.2,0.5,21.6,0,23.0,0.0,19.8,0.0,25.1,0.0,24.7,0.0,24.3,0.0,24.0,0.0,24.5,0.0,24.2,0.0,24.2,0,24.5,0.0
2019/9/30,月,25.2,0,25.3,0.0,22.6,0,22.2,0,22.9,0.0,23.3,0,24.9,0.0,20.0,0.0,25.9,0,26.1,0,25.4,0.0,23.1,0,23.0,0.0,22.6,0.0,24.6,0,24.4,0.0
2019/10/1,火,24.3,0,24.1,0.0,22.1,0,21.6,0,22.1,0.0,23.2,0.0,25.3,0,19.6,0,25.7,0,26.0,0,25.4,0.0,21.8,0,21.3,0,21.2,0.0,23.3,0,23.1,0.0
2019/10/2,水,23.7,0,23.7,0.0,22.3,0,21.1,0.0,21.3,0.0,22.2,0.0,23.8,0,18.5,0.0,25.1,0.0,25.1,0,24.5,0.0,21.9,0,21.9,0,20.5,0.0,23.0,0,23.0,0.0
2019/10/3,木,22.9,0.0,23.3,0.0,23.5,0.0,22.1,0.0,21.6,0.0,21.7,0.0,23.6,0.0,18.4,0.0,25.1,1.5,24.2,4.0,24.2,8.0,22.5,0.0,22.2,0.0,22.0,0.0,22.5,0.0,22.9,0.0
2019/10/4,金,23.6,6.0,24.2,3.0,22.3,9.0,20.8,11.5,22.0,5.0,19.9,18.0,23.4,5.0,19.5,9.5,24.6,34.5,25.3,32.0,24.6,54.0,24.1,6.5,24.6,8.0,23.3,9.0,23.2,5.0,23.9,2.0
2019/10/5,土,25.0,0.0,25.9,0.0,19.7,0.0,19.2,0.0,20.4,0.0,20.1,0,23.5,0.0,19.2,0,25.0,0,24.3,0,24.2,0.0,24.2,0,24.3,0,23.9,0.0,24.4,1.5,26.0,0.0
2019/10/6,日,21.0,2.5,21.0,0.5,17.4,0.0,17.4,0.0,18.3,0.0,20.3,0,23.2,0.0,16.5,0.0,24.4,0,23.8,0.0,23.1,0.0,19.6,2.5,19.5,2.0,18.9,3.5,19.0,19.5,19.7,7.0
2019/10/7,月,19.8,5.5,20.2,6.0,18.7,0.0,17.6,0.0,17.4,0.0,18.0,2.0,20.3,5.0,14.8,10.0,21.8,0.0,21.4,2.5,20.8,9.5,19.1,6.5,18.4,5.0,18.7,2.5,19.2,3.0,19.8,3.5
2019/10/8,火,20.5,1.5,20.8,2.5,18.6,7.0,19.9,0.0,19.2,0.0,18.9,2.0,20.6,0.0,18.0,0.0,22.6,1.0,22.8,0.5,22.1,0.0,20.0,6.5,20.0,9.5,20.3,14.0,20.0,5.5,19.5,2.0
2019/10/9,水,18.8,0,19.5,0.0,14.3,0,14.2,0,14.7,0.0,16.8,0,20.2,0,15.1,0,21.6,0,21.9,0,21.3,0.0,18.4,0,18.2,0,18.1,0.0,18.9,0,18.6,0.0
2019/10/10,木,18.7,0,19.0,0.0,17.0,0,15.5,0,14.9,0.0,17.2,0,20.5,0.5,14.3,2.0,23.2,0.0,22.6,0.0,22.1,0.0,17.7,2.5,17.6,0.0,18.5,0.0,18.5,0.0,18.6,0.0
2019/10/11,金,20.1,14.0,20.5,7.0,19.3,1.5,18.3,1.5,18.6,6.0,19.9,4.0,20.3,24.0,17.4,50.5,25.6,4.5,23.8,13.0,22.3,13.0,19.5,13.0,19.7,15.5,20.4,10.5,20.3,4.5,20.5,5.0
2019/10/12,土,21.9,233.5,22.5,225.5,19.1,132.0,18.7,134.0,18.6,143.0,19.3,48.5,21.0,169.0,20.0,286.5,23.7,209.0,24.5,401.0,24.6,117.0,23.0,147.5,22.9,126.0,22.4,103.5,20.8,325.5,22.4,213.5
2019/10/13,日,22.4,0.0,22.7,0.0,16.0,4.0,17.1,0,16.8,0.5,19.6,0.0,23.6,0.0,19.9,0,24.9,0.0,25.6,0.0,26.3,0.0,22.7,0.0,22.3,0.0,21.7,0.0,21.9,0.0,22.8,0.0
2019/10/14,月,16.7,3.0,17.4,0.5,13.7,6.5,12.8,15.5,13.0,10.5,15.4,2.0,17.4,2.0,13.5,0.5,21.2,0.5,20.4,2.0,19.2,3.0,17.2,5.5,17.0,6.5,17.4,6.0,16.4,13.5,16.6,7.5
2019/10/15,火,17.6,10.5,18.2,0.5,12.3,0.0,13.0,0,13.5,0.0,16.3,0,18.6,0.0,13.4,1.5,19.9,0,19.7,2.0,18.8,2.0,17.0,2.5,17.0,0.5,16.7,0.0,16.0,2.0,16.9,0.5
2019/10/16,水,15.4,0.0,15.7,0.0,13.2,0,12.4,0,13.0,0.0,15.2,0,16.6,0.0,10.4,0.0,18.7,0.0,17.6,1.5,16.8,0.5,15.3,0,14.9,0,14.7,0.0,14.3,0.0,15.4,0.0
2019/10/17,木,16.5,0.0,16.3,1.0,13.2,0,13.4,0.5,14.0,0.0,14.8,0.5,16.7,0.5,11.5,7.5,19.5,1.5,18.5,0.0,17.4,3.0,16.6,0.0,15.8,0,15.8,0.0,15.8,0,16.6,0.0
2019/10/18,金,15.5,17.0,15.9,15.0,15.4,8.5,14.1,17.5,14.0,12.0,15.7,20.5,17.3,18.5,12.1,23.5,19.2,18.0,19.1,24.5,17.9,26.5,16.5,2.0,16.5,0.5,16.6,0.0,15.9,4.0,16.3,5.5
2019/10/19,土,18.1,24.5,18.2,15.5,18.4,23.5,16.4,44.0,17.1,28.5,17.5,33.0,18.1,29.0,16.5,37.0,20.5,33.5,20.2,47.0,19.5,56.5,17.6,24.5,18.3,27.5,19.2,23.5,18.0,27.0,18.0,22.5
2019/10/20,日,21.0,0.0,21.4,0.0,16.2,0.0,16.4,0,16.8,0.0,18.6,0,20.7,0.0,16.6,0.0,21.7,0,22.4,0,21.8,0.0,18.8,0,19.0,0,18.9,0.0,19.4,0.0,19.6,0.0
2019/10/21,月,18.6,4.5,18.7,5.0,16.3,2.5,15.0,11.5,15.4,7.0,15.5,18.0,18.7,14.0,13.1,17.0,19.5,33.5,20.6,16.0,20.3,14.5,17.3,2.0,16.9,1.0,17.1,0.0,17.8,0.5,17.9,1.0
2019/10/22,火,16.3,31.5,16.4,30.5,14.5,53.0,13.8,53.0,13.8,45.5,14.5,44.0,15.8,33.0,11.5,67.0,18.1,27.5,18.7,20.5,18.0,31.5,15.2,39.5,14.9,31.5,15.3,22.0,14.9,37.5,15.2,41.5
2019/10/23,水,18.8,0.0,18.9,0.0,15.6,0,15.7,0,15.9,0.0,16.0,0.0,18.1,0,14.2,0,19.6,1.5,19.8,0.0,19.0,0.0,17.7,0,17.7,0,18.6,0.0,17.3,0,17.4,0.0
2019/10/24,木,16.8,1.5,17.2,0.0,16.8,0.5,15.1,4.0,15.0,1.0,16.2,7.5,17.5,2.5,12.1,9.0,20.0,1.0,20.2,0.5,19.7,1.0,17.4,1.5,17.1,0.0,17.3,0.0,16.6,0.0,17.1,0.0
2019/10/25,金,14.6,72.0,15.0,72.5,13.5,29.5,12.1,52.0,12.4,48.0,13.0,39.5,14.3,51.5,11.2,93.0,17.8,58.5,17.8,34.0,16.6,37.5,15.7,100.0,16.7,118.5,17.0,127.0,14.9,62.0,15.0,35.0
2019/10/26,土,18.8,0,19.8,0.0,15.1,0.0,14.1,0.0,14.6,0.0,13.5,0,16.1,0,13.8,0,19.5,0,18.3,0.0,17.9,0.0,17.9,0.0,18.6,0.5,19.3,0.0,18.4,0.0,20.2,0.0
2019/10/27,日,16.4,1.0,17.3,0.0,12.6,1.5,12.0,0.0,12.4,0.5,14.3,0,16.6,0,13.3,0,18.9,0,18.5,0,17.9,0.0,16.9,0.5,16.3,3.0,16.6,2.0,16.2,3.5,16.6,1.5
2019/10/28,月,16.0,0,16.5,0.0,12.8,0,11.9,0,12.2,0.0,13.6,0,16.7,0,11.8,0,18.8,0.0,18.9,0,17.9,0.0,15.1,0,14.6,0,14.7,0.0,15.2,0,15.7,0.0
2019/10/29,火,14.5,4.0,14.5,4.0,12.8,3.5,10.2,4.0,11.6,3.5,11.2,15.5,13.6,9.0,10.2,13.0,16.1,12.0,16.2,21.0,15.2,13.5,14.2,14.0,13.3,15.0,14.4,18.0,14.1,6.0,14.0,7.5
2019/10/30,水,16.9,0,16.1,0.0,13.3,0.0,11.5,0,12.6,0.0,12.8,0,15.6,0,11.4,0,17.5,0,17.1,0,16.7,0.0,14.9,0,14.7,0,15.7,0.0,15.0,0.0,14.8,0.0
2019/10/31,木,16.1,0,16.6,0.0,12.8,0,11.9,0,12.0,0.0,12.6,0,15.7,0,10.6,0,17.4,0,16.8,0,16.8,0.0,14.8,0,14.8,0,16.0,0.0,15.2,0,15.2,0.0
2019/11/1,金,16.8,0,17.1,0.0,11.0,0,10.9,0.0,11.6,0.0,11.1,0,15.3,0,11.1,0,18.3,0,16.7,0,16.2,0.0,14.1,0,15.6,0,16.6,0.0,15.5,0,15.1,0.0
2019/11/2,土,13.7,0,13.9,0.0,10.2,0,11.0,0,10.5,0.0,11.9,0,14.2,0,9.4,0,16.9,0,17.1,0,16.0,0.0,12.8,0,13.1,0,13.2,0.0,12.4,0,12.5,0.0
2019/11/3,日,14.5,0.0,14.6,0.0,11.0,0,11.0,0,10.5,0.0,11.9,0,14.8,0,11.2,0.0,18.3,0,18.1,0.0,17.3,0.0,14.8,9.0,14.2,17.5,15.9,2.5,14.5,0.0,14.4,2.0
2019/11/4,月,13.3,0,14.0,0.0,9.2,0.0,8.8,0.0,9.4,0.0,11.5,0,14.6,0,10.7,0.0,16.9,0,17.8,0,16.7,0.0,12.8,1.0,12.9,1.0,13.5,0.5,12.9,0,13.2,0.0
2019/11/5,火,12.5,0,13.1,0.0,7.8,0,7.0,0,7.4,0.0,8.9,0,12.1,0,9.0,0,14.9,0,16.1,0,15.2,0.0,10.1,0,10.8,0,12.3,0.0,11.0,0,10.9,0.0
2019/11/6,水,13.7,0,13.7,0.0,7.6,0,6.6,0.0,7.1,0.0,8.5,0,11.9,0,8.2,0,15.1,0,15.3,0,14.5,0.0,11.1,0,12.3,0,13.8,0.0,11.8,0,11.6,0.0
2019/11/7,木,13.7,0,13.5,0.0,11.2,0.0,11.2,0,10.8,0.0,9.1,0,11.7,0,9.4,0,15.4,0,16.1,0,15.1,0.0,13.0,0,13.5,0,15.9,0.0,13.1,0.0,12.7,0.0
2019/11/8,金,13.7,0,14.6,0.0,7.4,0,7.9,0.0,8.8,0.0,9.4,0,12.8,0,9.2,0.0,15.4,0,15.2,0,15.0,0.0,12.5,0,12.2,0,12.3,0.0,12.2,0,12.3,0.0
2019/11/9,土,11.7,0,12.0,0.0,7.0,0.0,6.1,0.0,6.8,0.0,8.9,0,12.5,0,7.8,0,14.6,0,15.7,0,14.5,0.0,11.1,0,10.9,0,11.1,0.0,11.4,0,11.6,0.0
2019/11/10,日,13.1,0,13.7,0.0,9.2,0.0,8.2,0,8.6,0.0,9.2,0,12.0,0,7.6,0,14.8,0,15.3,0,14.9,0.0,11.1,0.0,11.3,0,12.4,0.0,11.6,0.0,11.5,0.0
2019/11/11,月,12.1,4.5,12.8,1.5,12.2,4.0,11.2,1.5,10.1,2.0,9.7,4.0,12.5,2.0,9.0,5.0,14.9,8.5,14.8,5.0,14.4,8.0,12.2,2.0,13.1,3.0,14.7,2.5,12.2,1.0,12.0,4.5
2019/11/12,火,14.0,0,14.8,0.0,10.5,1.0,10.0,0.5,10.1,0.0,11.0,0,13.1,0.0,10.5,0,17.0,0,15.8,0,15.1,0.0,12.4,0,13.3,0,14.6,0.0,12.5,0,12.5,0.0
2019/11/13,水,11.7,0,11.6,0.0,11.9,0,11.0,0.0,9.8,0.0,11.9,1.5,13.0,0.0,9.9,0.0,16.5,3.5,17.5,0.0,16.1,0.0,11.9,0.0,12.3,0.0,13.4,0.0,11.3,0.0,11.8,0.0
2019/11/14,木,12.7,0,13.1,0.0,10.9,0.0,11.2,0.0,11.4,0.0,10.4,9.5,13.8,0.0,11.5,0.0,14.9,10.0,17.2,5.0,17.3,0.5,13.7,0.0,13.2,0.0,15.4,0.5,13.0,0.0,13.0,0.5
2019/11/15,金,10.2,0,10.7,0.0,7.1,0,5.9,0,6.4,0.0,5.9,0,10.2,0,6.0,0.0,12.6,0,14.1,0,13.2,0.0,10.3,0,10.5,0,11.0,0.0,9.8,0,10.1,0.0
2019/11/16,土,12.0,0.0,12.1,0.0,6.9,0.0,7.9,0,6.0,0.0,7.6,0,10.2,0,6.7,0,14.6,0,13.8,0,13.0,0.0,10.3,0,10.7,0,12.3,0.0,10.4,0,10.4,0.0
2019/11/17,日,11.6,0,12.2,0.0,6.7,0.0,7.0,0,6.2,0.0,8.9,0,11.2,0,7.9,0,15.6,0,14.4,0,13.5,0.0,11.4,0,11.6,0,12.4,0.0,11.2,0,11.0,0.0
2019/11/18,月,12.5,1.0,12.4,0.0,15.2,3.0,14.1,1.5,13.7,2.5,12.9,12.5,15.3,3.5,12.3,4.0,18.5,18.5,18.3,22.5,17.6,31.0,14.5,0.0,12.7,1.5,15.1,0.0,12.1,0.0,12.0,0.0
2019/11/19,火,14.0,2.0,14.4,2.5,10.2,1.5,11.5,1.0,8.9,0.5,11.2,3.0,15.4,4.5,13.3,0.5,14.7,3.5,17.5,2.5,17.6,2.0,15.1,4.0,14.5,36.0,15.7,19.5,13.9,4.5,14.2,2.5
2019/11/20,水,8.6,0.0,9.5,0.0,3.6,0.0,4.1,0,3.9,0.0,5.8,0,10.3,0,6.5,0,11.8,0,13.1,0,12.9,0.0,10.2,0,9.3,0,9.6,0.0,8.8,0,10.1,0.0
2019/11/21,木,8.1,0,9.2,0.0,3.5,0,3.1,0,3.6,0.0,4.3,0,8.9,0,5.7,0,12.1,0,13.2,0,11.8,0.0,7.1,0,7.4,0,8.5,0.0,7.1,0,7.2,0.0
2019/11/22,金,6.9,19.0,6.7,23.0,6.1,0.0,4.2,0.0,4.3,2.5,3.9,12.5,6.9,21.5,5.1,27.5,12.9,18.0,12.2,70.5,10.3,64.5,7.2,40.5,6.9,31.0,9.0,30.0,6.9,40.5,6.6,41.5
2019/11/23,土,11.3,14.0,11.6,11.0,13.3,0,10.0,0,11.1,0.0,10.8,0,11.5,1.0,8.6,8.0,16.8,0.0,18.2,0.5,15.7,3.5,12.0,37.5,11.5,32.0,12.8,25.0,11.4,34.5,11.7,19.0
2019/11/24,日,17.0,10.0,17.0,9.5,15.3,0.0,14.0,0.0,13.9,0.0,11.9,0,16.1,0.0,13.6,7.0,18.3,0.0,19.9,0.0,18.6,0.0,16.3,11.0,15.7,22.5,18.3,15.0,16.3,9.5,16.3,9.5
2019/11/25,月,15.9,0.0,15.8,0.0,9.5,0.0,9.3,0,9.9,0.0,12.6,0,16.5,0.0,13.6,0.0,18.2,0,18.5,0.0,18.3,0.0,16.1,0.0,15.7,0.0,16.2,0.0,15.0,1.0,15.4,0.5
2019/11/26,火,8.7,0.0,8.9,0.0,6.6,0.0,6.7,0,6.7,0.0,7.7,2.0,10.2,0.5,4.3,4.5,12.3,4.5,12.2,0.5,11.2,4.5,7.9,1.0,7.6,1.5,7.9,1.0,7.6,0.5,7.7,2.5
2019/11/27,水,9.9,0.0,10.2,0.0,8.6,0.5,8.7,0.5,8.3,0.0,10.4,2.0,10.8,0.5,7.9,0.5,14.0,1.0,12.8,2.5,12.0,8.5,8.7,0.0,8.9,0.5,10.5,0.0,8.5,0.0,8.7,0.0
2019/11/28,木,8.6,0.0,9.2,0.0,4.2,0.0,4.2,0.0,4.5,0.0,6.5,0.5,9.0,0.0,3.9,8.0,11.1,2.0,11.0,15.0,9.9,20.0,8.1,0.0,8.1,0.0,8.2,0.0,7.9,0.0,8.0,0.0
2019/11/29,金,5.2,0,5.4,0.0,2.1,0.5,1.7,0,1.8,0.0,3.6,0,5.9,0,0.1,0,8.2,0,8.1,0,6.8,0.0,3.0,0,4.4,0,4.5,0.0,3.7,0,2.9,0.0
2019/11/30,土,6.3,0.0,6.5,0.0,2.5,2.0,1.2,0,2.3,0.0,2.7,0,4.7,0,1.3,0,8.8,0,8.6,0,7.6,0.0,3.3,0,5.0,0,5.8,0.0,3.8,0,3.8,0.0
2019/12/1,日,6.4,0,5.8,0.0,4.7,0,8.5,0,5.8,0.0,6.3,0,6.7,0,5.7,0.0,12.1,0.0,12.3,0.0,11.1,0.0,5.0,0,6.0,0.0,8.3,0.0,5.2,0,5.1,0.0
2019/12/2,月,10.1,0.0,9.2,1.5,9.9,7.0,10.8,6.5,10.7,2.0,9.2,35.5,7.6,13.5,10.7,22.5,14.6,36.5,14.6,53.5,13.5,40.5,8.4,24.5,9.9,15.0,14.6,15.0,8.1,1.5,7.9,0.5
2019/12/3,火,10.4,0,11.2,0.0,4.9,0.0,6.4,0.0,5.5,0.5,6.3,0,9.8,0,6.4,0,10.3,0,12.4,0,11.5,0.0,10.1,0,10.7,0,11.1,0.0,9.2,0,9.6,0.0
2019/12/4,水,7.9,0,9.1,0.0,2.9,0.0,5.3,0,3.3,0.0,3.8,0.0,7.3,0,3.4,0,9.0,0,10.1,0,8.7,0.0,6.7,0,7.7,0,9.3,0.0,8.2,0,9.1,0.0
2019/12/5,木,7.5,0,8.2,0.0,2.9,0.0,3.7,0,2.7,0.0,3.8,0,6.9,0,2.6,0,8.5,0,10.1,0,8.6,0.0,7.7,0,7.5,0,8.9,0.0,7.1,0,8.1,0.0
2019/12/6,金,5.9,0,6.5,0.0,1.7,0.0,1.6,0.0,1.7,0.0,3.8,0,6.6,0,3.0,0,8.2,0,10.1,0,8.9,0.0,5.8,0,5.4,0.0,6.3,0.0,4.8,0,5.2,0.0
2019/12/7,土,4.6,0,4.3,0.0,1.2,0,0.8,0,1.2,0.0,2.5,0.0,5.9,0,1.0,0.0,7.9,0,9.2,0.0,8.0,0.0,3.8,5.0,3.7,6.0,5.2,4.5,3.6,0,3.7,0.0
2019/12/8,日,6.1,0,7.4,0.0,1.3,0.0,0.7,0,0.8,0.0,2.5,0,5.3,0,3.2,0,10.0,0,9.9,0,8.9,0.0,4.7,0,5.2,0,6.0,0.0,4.6,0,4.6,0.0
2019/12/9,月,5.0,0.0,4.2,0.0,2.9,0,3.7,0,1.6,0.0,4.9,0,6.5,0,2.2,0.0,11.1,0.0,10.6,3.0,9.3,2.0,4.3,0.5,4.8,0.0,6.6,0.0,4.5,0.0,4.6,0.0
2019/12/10,火,11.0,0,11.2,0.0,5.4,0,5.6,0,4.9,0.0,8.1,0.0,10.5,0,6.9,1.5,13.3,1.0,12.8,2.0,12.0,3.5,9.9,2.0,10.3,1.5,12.3,1.5,9.2,0.0,9.4,0.0
2019/12/11,水,10.9,0,10.8,0.0,4.6,0,5.1,0,4.2,0.0,6.5,0,9.2,0,7.8,0,13.4,0,13.8,0,13.6,0.0,11.7,0.0,11.8,0.0,13.6,0.0,11.4,0,11.4,0.0
2019/12/12,木,9.5,0,9.8,0.0,3.8,0.0,7.7,0,4.5,0.0,6.4,0.0,9.2,0,7.0,0,11.3,0,13.1,0,13.0,0.0,10.8,0,10.7,0,12.2,0.0,9.0,0,10.6,0.0
2019/12/13,金,5.5,0,5.3,0.0,2.0,0,1.8,0,2.2,0.0,3.5,0,6.3,0,2.3,0.0,9.3,0,9.6,0,8.6,0.0,5.7,0,4.9,0,5.5,0.0,3.7,0,4.7,0.0
2019/12/14,土,7.0,0.0,6.9,0.0,3.4,0.0,5.6,0.0,4.0,0.0,4.3,0.0,7.8,0,5.1,0,10.1,0,11.4,0,10.0,0.0,7.2,0,6.9,0,9.3,0.0,5.0,0,6.4,0.0
2019/12/15,日,7.0,0,7.0,0.0,2.6,0,2.0,0,2.9,0.0,3.0,0,6.5,0,3.2,0,9.9,0,10.6,0,9.7,0.0,6.1,0,5.9,0,7.0,0.0,4.7,0,4.9,0.0
2019/12/16,月,5.4,0,4.4,0.0,2.2,0,1.7,0,1.6,0.0,4.0,0,5.0,0.0,2.1,0.0,11.1,2.5,10.2,0.0,9.2,0.0,4.7,0,4.7,0,6.6,0.0,4.1,0,4.9,0.0
2019/12/17,火,6.8,1.5,6.4,1.0,5.3,3.0,6.3,5.5,5.1,3.0,6.4,5.5,6.9,3.5,7.5,4.0,14.5,2.5,13.7,14.0,10.7,16.0,7.6,1.0,8.9,0.5,12.1,0.5,7.3,4.5,7.0,2.0
2019/12/18,水,10.6,0,9.7,0.0,5.9,2.0,8.1,1.0,6.1,1.0,9.7,1.0,8.7,0.0,8.9,0,14.9,0.0,16.1,0.0,13.9,0.0,9.2,0.0,10.4,0.0,11.4,0.0,9.1,0.0,9.2,0.0
2019/12/19,木,7.1,0.0,7.5,0.0,5.1,0,5.8,0,4.9,0.0,7.5,0,9.3,0,4.8,0,11.7,0.0,13.1,0.0,11.4,0.0,8.2,0.0,7.1,0.5,8.2,1.0,6.8,0.0,7.5,0.0
2019/12/20,金,8.4,0.0,9.1,0.0,4.0,0.0,6.3,0,4.3,0.0,7.6,0,9.5,0,6.1,0,11.2,0,13.0,0.0,11.9,0.0,9.3,0.0,9.1,0.0,9.7,0.0,7.7,0.0,8.6,0.0
2019/12/21,土,6.4,0.0,6.7,0.0,4.3,0,3.2,0,3.5,0.0,5.3,0,8.6,0,4.0,0,10.2,0,12.5,0,10.7,0.0,7.0,0.5,6.2,1.0,6.8,0.5,5.1,0.0,6.0,0.0
2019/12/22,日,6.1,8.5,5.9,9.0,3.1,9.0,1.6,9.5,2.1,8.0,2.8,11.5,5.7,17.5,2.1,25.0,9.0,17.5,10.0,9.0,8.6,12.5,6.0,14.0,5.9,12.5,7.2,9.0,5.1,5.5,5.4,6.5
2019/12/23,月,6.6,5.0,6.6,7.0,3.7,1.5,2.9,1.5,2.2,2.0,4.2,2.5,4.5,5.0,1.0,10.0,9.0,5.0,8.9,13.0,8.0,12.5,6.0,13.0,6.7,8.5,8.0,7.0,5.9,6.0,6.2,7.5
2019/12/24,火,6.5,0,7.0,0.0,1.7,0.0,2.0,0.0,2.1,0.0,4.3,0.0,5.2,0,1.2,0,10.2,0,9.9,0,8.6,0.0,4.6,0,5.7,0,7.0,0.0,5.4,0,4.8,0.0
2019/12/25,水,4.1,0,3.7,0.0,1.3,0,3.3,0,1.5,0.0,4.2,0,4.4,0,1.0,0,10.6,0,10.1,0,8.4,0.0,3.9,0,4.1,0,6.0,0.0,3.6,0,3.4,0.0
2019/12/26,木,6.3,0.0,6.1,0.0,3.3,1.5,2.9,1.5,2.4,0.5,4.2,4.5,6.2,0.0,3.2,0.0,11.4,2.0,10.7,1.0,9.6,0.0,7.5,0.0,7.7,0.0,9.1,0.0,6.4,0.0,6.5,0.0
2019/12/27,金,6.3,3.5,6.9,2.0,2.8,24.0,2.6,7.0,3.3,8.0,6.2,8.0,7.9,0.5,3.9,0.5,10.3,4.5,11.3,6.0,10.8,3.5,7.5,2.0,7.4,2.5,8.0,4.5,6.4,1.0,7.2,0.0
2019/12/28,土,4.2,0,5.1,0.0,0.2,0.0,-0.3,0,0.4,0.0,1.3,0,4.5,0,1.0,0,7.9,0,7.1,0,7.5,0.5,3.0,0,3.7,0,4.8,0.0,2.9,0,2.8,0.0
2019/12/29,日,4.8,0,5.3,0.0,0.6,0,0.1,0,0.8,0.0,2.4,0,4.7,0,1.0,0,7.9,0,8.9,0,7.9,0.0,3.2,0,3.5,0,5.6,0.0,3.2,0,3.2,0.0