"","公表日","city","Nofcases"
"1",2020-03-01,"上野原市",0.056
"2",2020-03-01,"中央市",0.076
"3",2020-03-01,"丹波山村",0.002
"4",2020-03-01,"北杜市",0.112
"5",2020-03-01,"南アルプス市",0.174
"6",2020-03-01,"南部町",0.018
"7",2020-03-01,"大月市",0.058
"8",2020-03-01,"富士吉田市",0.118
"9",2020-03-01,"富士川町",0.036
"10",2020-03-01,"富士河口湖町",0.064
"11",2020-03-01,"小菅村",0.002
"12",2020-03-01,"山中湖村",0.014
"13",2020-03-01,"山梨市",0.084
"14",2020-03-01,"市川三郷町",0.038
"15",2020-03-01,"忍野村",0.024
"16",2020-03-01,"早川町",0.002
"17",2020-03-01,"昭和町",0.05
"18",2020-03-01,"甲州市",0.076
"19",2020-03-01,"甲府市",0.456
"20",2020-03-01,"甲斐市",0.184
"21",2020-03-01,"笛吹市",0.168
"22",2020-03-01,"西桂町",0.01
"23",2020-03-01,"身延町",0.028
"24",2020-03-01,"道志村",0.004
"25",2020-03-01,"都留市",0.072
"26",2020-03-01,"韮崎市",0.07
"27",2020-03-01,"鳴沢村",0.008
"28",2020-03-08,"上野原市",0
"29",2020-03-08,"中央市",0
"30",2020-03-08,"丹波山村",0
"31",2020-03-08,"北杜市",0
"32",2020-03-08,"南アルプス市",0
"33",2020-03-08,"南部町",0
"34",2020-03-08,"大月市",0
"35",2020-03-08,"富士吉田市",0
"36",2020-03-08,"富士川町",0
"37",2020-03-08,"富士河口湖町",0
"38",2020-03-08,"小菅村",0
"39",2020-03-08,"山中湖村",0
"40",2020-03-08,"山梨市",0
"41",2020-03-08,"市川三郷町",0
"42",2020-03-08,"忍野村",0
"43",2020-03-08,"早川町",0
"44",2020-03-08,"昭和町",0
"45",2020-03-08,"甲州市",0
"46",2020-03-08,"甲府市",0
"47",2020-03-08,"甲斐市",0
"48",2020-03-08,"笛吹市",0
"49",2020-03-08,"西桂町",0
"50",2020-03-08,"身延町",0
"51",2020-03-08,"道志村",0
"52",2020-03-08,"都留市",0
"53",2020-03-08,"韮崎市",0
"54",2020-03-08,"鳴沢村",0
"55",2020-03-15,"上野原市",0
"56",2020-03-15,"中央市",0
"57",2020-03-15,"丹波山村",0
"58",2020-03-15,"北杜市",0
"59",2020-03-15,"南アルプス市",0
"60",2020-03-15,"南部町",0
"61",2020-03-15,"大月市",0
"62",2020-03-15,"富士吉田市",0
"63",2020-03-15,"富士川町",0
"64",2020-03-15,"富士河口湖町",0
"65",2020-03-15,"小菅村",0
"66",2020-03-15,"山中湖村",0
"67",2020-03-15,"山梨市",0
"68",2020-03-15,"市川三郷町",0
"69",2020-03-15,"忍野村",0
"70",2020-03-15,"早川町",0
"71",2020-03-15,"昭和町",0
"72",2020-03-15,"甲州市",0
"73",2020-03-15,"甲府市",0
"74",2020-03-15,"甲斐市",0
"75",2020-03-15,"笛吹市",0
"76",2020-03-15,"西桂町",0
"77",2020-03-15,"身延町",0
"78",2020-03-15,"道志村",0
"79",2020-03-15,"都留市",0
"80",2020-03-15,"韮崎市",0
"81",2020-03-15,"鳴沢村",0
"82",2020-03-22,"上野原市",0.055
"83",2020-03-22,"中央市",0.075
"84",2020-03-22,"丹波山村",0.001
"85",2020-03-22,"北杜市",0.113
"86",2020-03-22,"南アルプス市",0.174
"87",2020-03-22,"南部町",0.018
"88",2020-03-22,"大月市",0.057
"89",2020-03-22,"富士吉田市",0.118
"90",2020-03-22,"富士川町",0.036
"91",2020-03-22,"富士河口湖町",0.065
"92",2020-03-22,"小菅村",0.002
"93",2020-03-22,"山中湖村",0.014
"94",2020-03-22,"山梨市",0.084
"95",2020-03-22,"市川三郷町",0.038
"96",2020-03-22,"忍野村",0.023
"97",2020-03-22,"早川町",0.002
"98",2020-03-22,"昭和町",0.05
"99",2020-03-22,"甲州市",0.075
"100",2020-03-22,"甲府市",0.455
"101",2020-03-22,"甲斐市",0.184
"102",2020-03-22,"笛吹市",0.168
"103",2020-03-22,"西桂町",0.01
"104",2020-03-22,"身延町",0.027
"105",2020-03-22,"道志村",0.004
"106",2020-03-22,"都留市",0.073
"107",2020-03-22,"韮崎市",0.071
"108",2020-03-22,"鳴沢村",0.008
"109",2020-03-29,"上野原市",0.055
"110",2020-03-29,"中央市",0.475
"111",2020-03-29,"丹波山村",0.001
"112",2020-03-29,"北杜市",1.113
"113",2020-03-29,"南アルプス市",3.095
"114",2020-03-29,"南部町",0.018
"115",2020-03-29,"大月市",0.057
"116",2020-03-29,"富士吉田市",0.118
"117",2020-03-29,"富士川町",0.036
"118",2020-03-29,"富士河口湖町",0.065
"119",2020-03-29,"小菅村",0.002
"120",2020-03-29,"山中湖村",0.014
"121",2020-03-29,"山梨市",0.084
"122",2020-03-29,"市川三郷町",0.038
"123",2020-03-29,"忍野村",0.023
"124",2020-03-29,"早川町",0.002
"125",2020-03-29,"昭和町",0.05
"126",2020-03-29,"甲州市",0.075
"127",2020-03-29,"甲府市",1.773
"128",2020-03-29,"甲斐市",0.184
"129",2020-03-29,"笛吹市",0.437
"130",2020-03-29,"西桂町",0.01
"131",2020-03-29,"身延町",0.027
"132",2020-03-29,"道志村",0.004
"133",2020-03-29,"都留市",0.073
"134",2020-03-29,"韮崎市",0.162
"135",2020-03-29,"鳴沢村",0.008
"136",2020-04-05,"上野原市",0.028
"137",2020-04-05,"中央市",1.341
"138",2020-04-05,"丹波山村",0.001
"139",2020-04-05,"北杜市",0.056
"140",2020-04-05,"南アルプス市",3.779
"141",2020-04-05,"南部町",0.009
"142",2020-04-05,"大月市",0.029
"143",2020-04-05,"富士吉田市",0.059
"144",2020-04-05,"富士川町",0.58
"145",2020-04-05,"富士河口湖町",0.032
"146",2020-04-05,"小菅村",0.001
"147",2020-04-05,"山中湖村",0.007
"148",2020-04-05,"山梨市",2.042
"149",2020-04-05,"市川三郷町",0.531
"150",2020-04-05,"忍野村",0.012
"151",2020-04-05,"早川町",0.001
"152",2020-04-05,"昭和町",0.025
"153",2020-04-05,"甲州市",3.464
"154",2020-04-05,"甲府市",7.728
"155",2020-04-05,"甲斐市",0.606
"156",2020-04-05,"笛吹市",0.575
"157",2020-04-05,"西桂町",0.005
"158",2020-04-05,"身延町",0.014
"159",2020-04-05,"道志村",0.002
"160",2020-04-05,"都留市",0.036
"161",2020-04-05,"韮崎市",0.035
"162",2020-04-05,"鳴沢村",0.004
"163",2020-04-12,"上野原市",4.028
"164",2020-04-12,"中央市",0.038
"165",2020-04-12,"丹波山村",0.001
"166",2020-04-12,"北杜市",0.67
"167",2020-04-12,"南アルプス市",1.087
"168",2020-04-12,"南部町",0.159
"169",2020-04-12,"大月市",0.029
"170",2020-04-12,"富士吉田市",0.059
"171",2020-04-12,"富士川町",0.313
"172",2020-04-12,"富士河口湖町",0.032
"173",2020-04-12,"小菅村",0.001
"174",2020-04-12,"山中湖村",0.007
"175",2020-04-12,"山梨市",0.042
"176",2020-04-12,"市川三郷町",0.329
"177",2020-04-12,"忍野村",0.012
"178",2020-04-12,"早川町",0.021
"179",2020-04-12,"昭和町",0.238
"180",2020-04-12,"甲州市",0.038
"181",2020-04-12,"甲府市",4.941
"182",2020-04-12,"甲斐市",1.166
"183",2020-04-12,"笛吹市",1.084
"184",2020-04-12,"西桂町",0.005
"185",2020-04-12,"身延町",0.239
"186",2020-04-12,"道志村",0.002
"187",2020-04-12,"都留市",0.036
"188",2020-04-12,"韮崎市",0.421
"189",2020-04-12,"鳴沢村",0.004
"190",2020-04-19,"上野原市",2
"191",2020-04-19,"中央市",0
"192",2020-04-19,"丹波山村",0
"193",2020-04-19,"北杜市",0
"194",2020-04-19,"南アルプス市",0
"195",2020-04-19,"南部町",0
"196",2020-04-19,"大月市",0
"197",2020-04-19,"富士吉田市",0
"198",2020-04-19,"富士川町",0
"199",2020-04-19,"富士河口湖町",0
"200",2020-04-19,"小菅村",0
"201",2020-04-19,"山中湖村",0
"202",2020-04-19,"山梨市",0
"203",2020-04-19,"市川三郷町",0
"204",2020-04-19,"忍野村",0
"205",2020-04-19,"早川町",0
"206",2020-04-19,"昭和町",0
"207",2020-04-19,"甲州市",0
"208",2020-04-19,"甲府市",2
"209",2020-04-19,"甲斐市",0
"210",2020-04-19,"笛吹市",0
"211",2020-04-19,"西桂町",0
"212",2020-04-19,"身延町",0
"213",2020-04-19,"道志村",0
"214",2020-04-19,"都留市",0
"215",2020-04-19,"韮崎市",0
"216",2020-04-19,"鳴沢村",0
"217",2020-04-26,"上野原市",0
"218",2020-04-26,"中央市",0
"219",2020-04-26,"丹波山村",0
"220",2020-04-26,"北杜市",0
"221",2020-04-26,"南アルプス市",0
"222",2020-04-26,"南部町",0
"223",2020-04-26,"大月市",0
"224",2020-04-26,"富士吉田市",0.619
"225",2020-04-26,"富士川町",0
"226",2020-04-26,"富士河口湖町",0.34
"227",2020-04-26,"小菅村",0
"228",2020-04-26,"山中湖村",0
"229",2020-04-26,"山梨市",0
"230",2020-04-26,"市川三郷町",0
"231",2020-04-26,"忍野村",0
"232",2020-04-26,"早川町",0
"233",2020-04-26,"昭和町",0
"234",2020-04-26,"甲州市",0
"235",2020-04-26,"甲府市",2
"236",2020-04-26,"甲斐市",0
"237",2020-04-26,"笛吹市",0
"238",2020-04-26,"西桂町",0
"239",2020-04-26,"身延町",0
"240",2020-04-26,"道志村",0
"241",2020-04-26,"都留市",0
"242",2020-04-26,"韮崎市",0
"243",2020-04-26,"鳴沢村",0.04
"244",2020-05-03,"上野原市",0
"245",2020-05-03,"中央市",0
"246",2020-05-03,"丹波山村",0
"247",2020-05-03,"北杜市",0
"248",2020-05-03,"南アルプス市",0
"249",2020-05-03,"南部町",0
"250",2020-05-03,"大月市",0
"251",2020-05-03,"富士吉田市",0.412
"252",2020-05-03,"富士川町",0
"253",2020-05-03,"富士河口湖町",0
"254",2020-05-03,"小菅村",0
"255",2020-05-03,"山中湖村",0
"256",2020-05-03,"山梨市",0
"257",2020-05-03,"市川三郷町",0
"258",2020-05-03,"忍野村",0
"259",2020-05-03,"早川町",0
"260",2020-05-03,"昭和町",0
"261",2020-05-03,"甲州市",0
"262",2020-05-03,"甲府市",0
"263",2020-05-03,"甲斐市",0
"264",2020-05-03,"笛吹市",0.588
"265",2020-05-03,"西桂町",0
"266",2020-05-03,"身延町",0
"267",2020-05-03,"道志村",0
"268",2020-05-03,"都留市",0
"269",2020-05-03,"韮崎市",0
"270",2020-05-03,"鳴沢村",0
"271",2020-05-10,"上野原市",0
"272",2020-05-10,"中央市",0
"273",2020-05-10,"丹波山村",0
"274",2020-05-10,"北杜市",0
"275",2020-05-10,"南アルプス市",0
"276",2020-05-10,"南部町",0
"277",2020-05-10,"大月市",0
"278",2020-05-10,"富士吉田市",0
"279",2020-05-10,"富士川町",0
"280",2020-05-10,"富士河口湖町",0
"281",2020-05-10,"小菅村",0
"282",2020-05-10,"山中湖村",0
"283",2020-05-10,"山梨市",0
"284",2020-05-10,"市川三郷町",0
"285",2020-05-10,"忍野村",0
"286",2020-05-10,"早川町",0
"287",2020-05-10,"昭和町",0
"288",2020-05-10,"甲州市",0
"289",2020-05-10,"甲府市",1
"290",2020-05-10,"甲斐市",0
"291",2020-05-10,"笛吹市",0
"292",2020-05-10,"西桂町",0
"293",2020-05-10,"身延町",0
"294",2020-05-10,"道志村",0
"295",2020-05-10,"都留市",0
"296",2020-05-10,"韮崎市",0
"297",2020-05-10,"鳴沢村",0
"298",2020-05-17,"上野原市",0
"299",2020-05-17,"中央市",0.192
"300",2020-05-17,"丹波山村",0
"301",2020-05-17,"北杜市",0
"302",2020-05-17,"南アルプス市",0
"303",2020-05-17,"南部町",0
"304",2020-05-17,"大月市",0
"305",2020-05-17,"富士吉田市",0
"306",2020-05-17,"富士川町",0
"307",2020-05-17,"富士河口湖町",0
"308",2020-05-17,"小菅村",0
"309",2020-05-17,"山中湖村",0
"310",2020-05-17,"山梨市",0.214
"311",2020-05-17,"市川三郷町",0
"312",2020-05-17,"忍野村",0
"313",2020-05-17,"早川町",0
"314",2020-05-17,"昭和町",0
"315",2020-05-17,"甲州市",0
"316",2020-05-17,"甲府市",2.164
"317",2020-05-17,"甲斐市",0
"318",2020-05-17,"笛吹市",0.428
"319",2020-05-17,"西桂町",0
"320",2020-05-17,"身延町",0
"321",2020-05-17,"道志村",0
"322",2020-05-17,"都留市",0
"323",2020-05-17,"韮崎市",0
"324",2020-05-17,"鳴沢村",0
"325",2020-05-24,"上野原市",0.028
"326",2020-05-24,"中央市",0.703
"327",2020-05-24,"丹波山村",0.001
"328",2020-05-24,"北杜市",0.056
"329",2020-05-24,"南アルプス市",0.087
"330",2020-05-24,"南部町",0.009
"331",2020-05-24,"大月市",0.029
"332",2020-05-24,"富士吉田市",0.059
"333",2020-05-24,"富士川町",0.018
"334",2020-05-24,"富士河口湖町",0.032
"335",2020-05-24,"小菅村",0.001
"336",2020-05-24,"山中湖村",0.007
"337",2020-05-24,"山梨市",0.042
"338",2020-05-24,"市川三郷町",0.354
"339",2020-05-24,"忍野村",0.012
"340",2020-05-24,"早川町",0.001
"341",2020-05-24,"昭和町",0.025
"342",2020-05-24,"甲州市",0.038
"343",2020-05-24,"甲府市",1.228
"344",2020-05-24,"甲斐市",1.092
"345",2020-05-24,"笛吹市",0.084
"346",2020-05-24,"西桂町",0.005
"347",2020-05-24,"身延町",0.014
"348",2020-05-24,"道志村",0.002
"349",2020-05-24,"都留市",0.036
"350",2020-05-24,"韮崎市",0.035
"351",2020-05-24,"鳴沢村",0.004
"352",2020-05-31,"上野原市",0
"353",2020-05-31,"中央市",0
"354",2020-05-31,"丹波山村",0
"355",2020-05-31,"北杜市",0.694
"356",2020-05-31,"南アルプス市",0
"357",2020-05-31,"南部町",0
"358",2020-05-31,"大月市",0
"359",2020-05-31,"富士吉田市",0.645
"360",2020-05-31,"富士川町",0
"361",2020-05-31,"富士河口湖町",0.355
"362",2020-05-31,"小菅村",0
"363",2020-05-31,"山中湖村",0
"364",2020-05-31,"山梨市",0
"365",2020-05-31,"市川三郷町",0
"366",2020-05-31,"忍野村",0
"367",2020-05-31,"早川町",0
"368",2020-05-31,"昭和町",0.306
"369",2020-05-31,"甲州市",0
"370",2020-05-31,"甲府市",0
"371",2020-05-31,"甲斐市",0
"372",2020-05-31,"笛吹市",0
"373",2020-05-31,"西桂町",0
"374",2020-05-31,"身延町",0
"375",2020-05-31,"道志村",0
"376",2020-05-31,"都留市",0
"377",2020-05-31,"韮崎市",0
"378",2020-05-31,"鳴沢村",0
"379",2020-06-07,"上野原市",0
"380",2020-06-07,"中央市",0.061
"381",2020-06-07,"丹波山村",0
"382",2020-06-07,"北杜市",0.091
"383",2020-06-07,"南アルプス市",0.14
"384",2020-06-07,"南部町",0.015
"385",2020-06-07,"大月市",0
"386",2020-06-07,"富士吉田市",1
"387",2020-06-07,"富士川町",0.029
"388",2020-06-07,"富士河口湖町",0
"389",2020-06-07,"小菅村",0
"390",2020-06-07,"山中湖村",0
"391",2020-06-07,"山梨市",0
"392",2020-06-07,"市川三郷町",0.031
"393",2020-06-07,"忍野村",0
"394",2020-06-07,"早川町",0.002
"395",2020-06-07,"昭和町",0.04
"396",2020-06-07,"甲州市",0
"397",2020-06-07,"甲府市",1.366
"398",2020-06-07,"甲斐市",0.148
"399",2020-06-07,"笛吹市",0
"400",2020-06-07,"西桂町",0
"401",2020-06-07,"身延町",1.022
"402",2020-06-07,"道志村",0
"403",2020-06-07,"都留市",0
"404",2020-06-07,"韮崎市",0.057
"405",2020-06-07,"鳴沢村",0
"406",2020-06-14,"上野原市",0
"407",2020-06-14,"中央市",0.602
"408",2020-06-14,"丹波山村",0
"409",2020-06-14,"北杜市",0
"410",2020-06-14,"南アルプス市",0
"411",2020-06-14,"南部町",0
"412",2020-06-14,"大月市",0
"413",2020-06-14,"富士吉田市",0
"414",2020-06-14,"富士川町",0
"415",2020-06-14,"富士河口湖町",0
"416",2020-06-14,"小菅村",0
"417",2020-06-14,"山中湖村",0
"418",2020-06-14,"山梨市",0
"419",2020-06-14,"市川三郷町",0
"420",2020-06-14,"忍野村",0
"421",2020-06-14,"早川町",0
"422",2020-06-14,"昭和町",0.398
"423",2020-06-14,"甲州市",0
"424",2020-06-14,"甲府市",1
"425",2020-06-14,"甲斐市",0
"426",2020-06-14,"笛吹市",0
"427",2020-06-14,"西桂町",0
"428",2020-06-14,"身延町",0
"429",2020-06-14,"道志村",0
"430",2020-06-14,"都留市",0
"431",2020-06-14,"韮崎市",0
"432",2020-06-14,"鳴沢村",0
"433",2020-06-21,"上野原市",0.028
"434",2020-06-21,"中央市",0.038
"435",2020-06-21,"丹波山村",0.001
"436",2020-06-21,"北杜市",0.056
"437",2020-06-21,"南アルプス市",0.087
"438",2020-06-21,"南部町",0.009
"439",2020-06-21,"大月市",0.029
"440",2020-06-21,"富士吉田市",0.059
"441",2020-06-21,"富士川町",0.018
"442",2020-06-21,"富士河口湖町",0.032
"443",2020-06-21,"小菅村",0.001
"444",2020-06-21,"山中湖村",0.007
"445",2020-06-21,"山梨市",0.042
"446",2020-06-21,"市川三郷町",0.019
"447",2020-06-21,"忍野村",0.012
"448",2020-06-21,"早川町",0.001
"449",2020-06-21,"昭和町",1.025
"450",2020-06-21,"甲州市",0.038
"451",2020-06-21,"甲府市",0.228
"452",2020-06-21,"甲斐市",0.092
"453",2020-06-21,"笛吹市",0.084
"454",2020-06-21,"西桂町",0.005
"455",2020-06-21,"身延町",0.014
"456",2020-06-21,"道志村",0.002
"457",2020-06-21,"都留市",0.036
"458",2020-06-21,"韮崎市",0.035
"459",2020-06-21,"鳴沢村",0.004
"460",2020-06-28,"上野原市",0
"461",2020-06-28,"中央市",0.108
"462",2020-06-28,"丹波山村",0
"463",2020-06-28,"北杜市",0
"464",2020-06-28,"南アルプス市",0
"465",2020-06-28,"南部町",0
"466",2020-06-28,"大月市",0
"467",2020-06-28,"富士吉田市",0
"468",2020-06-28,"富士川町",0
"469",2020-06-28,"富士河口湖町",0
"470",2020-06-28,"小菅村",0
"471",2020-06-28,"山中湖村",0
"472",2020-06-28,"山梨市",0
"473",2020-06-28,"市川三郷町",0
"474",2020-06-28,"忍野村",0
"475",2020-06-28,"早川町",0
"476",2020-06-28,"昭和町",0
"477",2020-06-28,"甲州市",0
"478",2020-06-28,"甲府市",0.652
"479",2020-06-28,"甲斐市",0
"480",2020-06-28,"笛吹市",0.24
"481",2020-06-28,"西桂町",0
"482",2020-06-28,"身延町",0
"483",2020-06-28,"道志村",0
"484",2020-06-28,"都留市",0
"485",2020-06-28,"韮崎市",0
"486",2020-06-28,"鳴沢村",0
"487",2020-07-05,"上野原市",0
"488",2020-07-05,"中央市",0
"489",2020-07-05,"丹波山村",0
"490",2020-07-05,"北杜市",0
"491",2020-07-05,"南アルプス市",0
"492",2020-07-05,"南部町",0
"493",2020-07-05,"大月市",0
"494",2020-07-05,"富士吉田市",0
"495",2020-07-05,"富士川町",0
"496",2020-07-05,"富士河口湖町",0
"497",2020-07-05,"小菅村",0
"498",2020-07-05,"山中湖村",0
"499",2020-07-05,"山梨市",0
"500",2020-07-05,"市川三郷町",0
"501",2020-07-05,"忍野村",0
"502",2020-07-05,"早川町",0
"503",2020-07-05,"昭和町",0
"504",2020-07-05,"甲州市",0
"505",2020-07-05,"甲府市",1
"506",2020-07-05,"甲斐市",0
"507",2020-07-05,"笛吹市",0
"508",2020-07-05,"西桂町",0
"509",2020-07-05,"身延町",0
"510",2020-07-05,"道志村",0
"511",2020-07-05,"都留市",0
"512",2020-07-05,"韮崎市",0
"513",2020-07-05,"鳴沢村",0
"514",2020-07-12,"上野原市",0
"515",2020-07-12,"中央市",0
"516",2020-07-12,"丹波山村",0
"517",2020-07-12,"北杜市",0
"518",2020-07-12,"南アルプス市",0
"519",2020-07-12,"南部町",0
"520",2020-07-12,"大月市",0
"521",2020-07-12,"富士吉田市",0
"522",2020-07-12,"富士川町",0
"523",2020-07-12,"富士河口湖町",0
"524",2020-07-12,"小菅村",0
"525",2020-07-12,"山中湖村",0
"526",2020-07-12,"山梨市",0
"527",2020-07-12,"市川三郷町",0
"528",2020-07-12,"忍野村",0
"529",2020-07-12,"早川町",0
"530",2020-07-12,"昭和町",0
"531",2020-07-12,"甲州市",0
"532",2020-07-12,"甲府市",1
"533",2020-07-12,"甲斐市",0
"534",2020-07-12,"笛吹市",0
"535",2020-07-12,"西桂町",0
"536",2020-07-12,"身延町",0
"537",2020-07-12,"道志村",0
"538",2020-07-12,"都留市",0
"539",2020-07-12,"韮崎市",0
"540",2020-07-12,"鳴沢村",0
"541",2020-07-19,"上野原市",0.129
"542",2020-07-19,"中央市",0.067
"543",2020-07-19,"丹波山村",0.003
"544",2020-07-19,"北杜市",0.101
"545",2020-07-19,"南アルプス市",0.155
"546",2020-07-19,"南部町",0
"547",2020-07-19,"大月市",0.133
"548",2020-07-19,"富士吉田市",0.273
"549",2020-07-19,"富士川町",0
"550",2020-07-19,"富士河口湖町",0.15
"551",2020-07-19,"小菅村",0.004
"552",2020-07-19,"山中湖村",0.033
"553",2020-07-19,"山梨市",0
"554",2020-07-19,"市川三郷町",0
"555",2020-07-19,"忍野村",0.054
"556",2020-07-19,"早川町",0
"557",2020-07-19,"昭和町",0.044
"558",2020-07-19,"甲州市",0
"559",2020-07-19,"甲府市",6.406
"560",2020-07-19,"甲斐市",0.886
"561",2020-07-19,"笛吹市",0
"562",2020-07-19,"西桂町",0.024
"563",2020-07-19,"身延町",0
"564",2020-07-19,"道志村",0.009
"565",2020-07-19,"都留市",0.169
"566",2020-07-19,"韮崎市",0.341
"567",2020-07-19,"鳴沢村",0.018
"568",2020-07-26,"上野原市",0
"569",2020-07-26,"中央市",0
"570",2020-07-26,"丹波山村",0
"571",2020-07-26,"北杜市",0
"572",2020-07-26,"南アルプス市",2.458
"573",2020-07-26,"南部町",0
"574",2020-07-26,"大月市",0
"575",2020-07-26,"富士吉田市",0.99
"576",2020-07-26,"富士川町",0
"577",2020-07-26,"富士河口湖町",0.544
"578",2020-07-26,"小菅村",0
"579",2020-07-26,"山中湖村",0.119
"580",2020-07-26,"山梨市",0
"581",2020-07-26,"市川三郷町",0
"582",2020-07-26,"忍野村",0.197
"583",2020-07-26,"早川町",0
"584",2020-07-26,"昭和町",0
"585",2020-07-26,"甲州市",0
"586",2020-07-26,"甲府市",4.865
"587",2020-07-26,"甲斐市",3.708
"588",2020-07-26,"笛吹市",0
"589",2020-07-26,"西桂町",0.087
"590",2020-07-26,"身延町",0
"591",2020-07-26,"道志村",0
"592",2020-07-26,"都留市",0
"593",2020-07-26,"韮崎市",0.97
"594",2020-07-26,"鳴沢村",0.064
"595",2020-08-02,"上野原市",0.505
"596",2020-08-02,"中央市",0.098
"597",2020-08-02,"丹波山村",0.002
"598",2020-08-02,"北杜市",0.146
"599",2020-08-02,"南アルプス市",1.225
"600",2020-08-02,"南部町",0.024
"601",2020-08-02,"大月市",0.074
"602",2020-08-02,"富士吉田市",2.627
"603",2020-08-02,"富士川町",0.047
"604",2020-08-02,"富士河口湖町",1.444
"605",2020-08-02,"小菅村",0.002
"606",2020-08-02,"山中湖村",0.314
"607",2020-08-02,"山梨市",0.108
"608",2020-08-02,"市川三郷町",0.049
"609",2020-08-02,"忍野村",0.521
"610",2020-08-02,"早川町",0.003
"611",2020-08-02,"昭和町",0.064
"612",2020-08-02,"甲州市",0.098
"613",2020-08-02,"甲府市",18.174
"614",2020-08-02,"甲斐市",0.525
"615",2020-08-02,"笛吹市",0.755
"616",2020-08-02,"西桂町",0.23
"617",2020-08-02,"身延町",0.036
"618",2020-08-02,"道志村",0.005
"619",2020-08-02,"都留市",0.661
"620",2020-08-02,"韮崎市",0.092
"621",2020-08-02,"鳴沢村",0.17
"622",2020-08-09,"上野原市",0.064
"623",2020-08-09,"中央市",0.991
"624",2020-08-09,"丹波山村",0.002
"625",2020-08-09,"北杜市",0.129
"626",2020-08-09,"南アルプス市",1.897
"627",2020-08-09,"南部町",0.021
"628",2020-08-09,"大月市",0.066
"629",2020-08-09,"富士吉田市",0.135
"630",2020-08-09,"富士川町",0.041
"631",2020-08-09,"富士河口湖町",0.074
"632",2020-08-09,"小菅村",0.002
"633",2020-08-09,"山中湖村",0.016
"634",2020-08-09,"山梨市",0.251
"635",2020-08-09,"市川三郷町",0.044
"636",2020-08-09,"忍野村",0.027
"637",2020-08-09,"早川町",0.003
"638",2020-08-09,"昭和町",0.455
"639",2020-08-09,"甲州市",0.087
"640",2020-08-09,"甲府市",5.073
"641",2020-08-09,"甲斐市",0.211
"642",2020-08-09,"笛吹市",0.193
"643",2020-08-09,"西桂町",0.012
"644",2020-08-09,"身延町",0.032
"645",2020-08-09,"道志村",0.005
"646",2020-08-09,"都留市",0.083
"647",2020-08-09,"韮崎市",0.081
"648",2020-08-09,"鳴沢村",0.009
"649",2020-08-16,"上野原市",0.604
"650",2020-08-16,"中央市",0.356
"651",2020-08-16,"丹波山村",0.014
"652",2020-08-16,"北杜市",0.534
"653",2020-08-16,"南アルプス市",0.827
"654",2020-08-16,"南部町",0.009
"655",2020-08-16,"大月市",0.623
"656",2020-08-16,"富士吉田市",0.059
"657",2020-08-16,"富士川町",0.018
"658",2020-08-16,"富士河口湖町",0.032
"659",2020-08-16,"小菅村",0.019
"660",2020-08-16,"山中湖村",0.007
"661",2020-08-16,"山梨市",0.042
"662",2020-08-16,"市川三郷町",0.019
"663",2020-08-16,"忍野村",0.012
"664",2020-08-16,"早川町",0.001
"665",2020-08-16,"昭和町",1.158
"666",2020-08-16,"甲州市",0.038
"667",2020-08-16,"甲府市",16.877
"668",2020-08-16,"甲斐市",0.583
"669",2020-08-16,"笛吹市",0.084
"670",2020-08-16,"西桂町",0.005
"671",2020-08-16,"身延町",0.014
"672",2020-08-16,"道志村",0.044
"673",2020-08-16,"都留市",0.792
"674",2020-08-16,"韮崎市",0.225
"675",2020-08-16,"鳴沢村",0.004
"676",2020-08-23,"上野原市",0
"677",2020-08-23,"中央市",0.134
"678",2020-08-23,"丹波山村",0
"679",2020-08-23,"北杜市",0.527
"680",2020-08-23,"南アルプス市",1.31
"681",2020-08-23,"南部町",0
"682",2020-08-23,"大月市",0
"683",2020-08-23,"富士吉田市",0.495
"684",2020-08-23,"富士川町",0
"685",2020-08-23,"富士河口湖町",0.272
"686",2020-08-23,"小菅村",0
"687",2020-08-23,"山中湖村",0.059
"688",2020-08-23,"山梨市",0.512
"689",2020-08-23,"市川三郷町",0
"690",2020-08-23,"忍野村",0.098
"691",2020-08-23,"早川町",0
"692",2020-08-23,"昭和町",0.233
"693",2020-08-23,"甲州市",0.462
"694",2020-08-23,"甲府市",0.812
"695",2020-08-23,"甲斐市",0.858
"696",2020-08-23,"笛吹市",1.027
"697",2020-08-23,"西桂町",0.043
"698",2020-08-23,"身延町",0
"699",2020-08-23,"道志村",0
"700",2020-08-23,"都留市",0
"701",2020-08-23,"韮崎市",0.126
"702",2020-08-23,"鳴沢村",0.032
"703",2020-08-30,"上野原市",0
"704",2020-08-30,"中央市",0
"705",2020-08-30,"丹波山村",0
"706",2020-08-30,"北杜市",0
"707",2020-08-30,"南アルプス市",0
"708",2020-08-30,"南部町",0
"709",2020-08-30,"大月市",0
"710",2020-08-30,"富士吉田市",0
"711",2020-08-30,"富士川町",0
"712",2020-08-30,"富士河口湖町",0
"713",2020-08-30,"小菅村",0
"714",2020-08-30,"山中湖村",0
"715",2020-08-30,"山梨市",0.526
"716",2020-08-30,"市川三郷町",0
"717",2020-08-30,"忍野村",0
"718",2020-08-30,"早川町",0
"719",2020-08-30,"昭和町",0
"720",2020-08-30,"甲州市",0.474
"721",2020-08-30,"甲府市",2
"722",2020-08-30,"甲斐市",0
"723",2020-08-30,"笛吹市",0
"724",2020-08-30,"西桂町",0
"725",2020-08-30,"身延町",0
"726",2020-08-30,"道志村",0
"727",2020-08-30,"都留市",0
"728",2020-08-30,"韮崎市",0
"729",2020-08-30,"鳴沢村",0
"730",2020-09-06,"上野原市",0
"731",2020-09-06,"中央市",0
"732",2020-09-06,"丹波山村",0
"733",2020-09-06,"北杜市",0
"734",2020-09-06,"南アルプス市",0
"735",2020-09-06,"南部町",0
"736",2020-09-06,"大月市",0
"737",2020-09-06,"富士吉田市",0
"738",2020-09-06,"富士川町",0
"739",2020-09-06,"富士河口湖町",0
"740",2020-09-06,"小菅村",0
"741",2020-09-06,"山中湖村",0
"742",2020-09-06,"山梨市",0
"743",2020-09-06,"市川三郷町",0
"744",2020-09-06,"忍野村",0
"745",2020-09-06,"早川町",0
"746",2020-09-06,"昭和町",0
"747",2020-09-06,"甲州市",0
"748",2020-09-06,"甲府市",3.713
"749",2020-09-06,"甲斐市",0.287
"750",2020-09-06,"笛吹市",0
"751",2020-09-06,"西桂町",0
"752",2020-09-06,"身延町",0
"753",2020-09-06,"道志村",0
"754",2020-09-06,"都留市",0
"755",2020-09-06,"韮崎市",0
"756",2020-09-06,"鳴沢村",0
"757",2020-09-13,"上野原市",0
"758",2020-09-13,"中央市",0
"759",2020-09-13,"丹波山村",0
"760",2020-09-13,"北杜市",0
"761",2020-09-13,"南アルプス市",0
"762",2020-09-13,"南部町",0
"763",2020-09-13,"大月市",0
"764",2020-09-13,"富士吉田市",0.495
"765",2020-09-13,"富士川町",0
"766",2020-09-13,"富士河口湖町",0.272
"767",2020-09-13,"小菅村",0
"768",2020-09-13,"山中湖村",0.059
"769",2020-09-13,"山梨市",0
"770",2020-09-13,"市川三郷町",0
"771",2020-09-13,"忍野村",0.098
"772",2020-09-13,"早川町",0
"773",2020-09-13,"昭和町",0
"774",2020-09-13,"甲州市",0
"775",2020-09-13,"甲府市",0
"776",2020-09-13,"甲斐市",0
"777",2020-09-13,"笛吹市",0
"778",2020-09-13,"西桂町",0.043
"779",2020-09-13,"身延町",0
"780",2020-09-13,"道志村",0
"781",2020-09-13,"都留市",0
"782",2020-09-13,"韮崎市",0
"783",2020-09-13,"鳴沢村",0.032
"784",2020-09-20,"上野原市",0
"785",2020-09-20,"中央市",0
"786",2020-09-20,"丹波山村",0
"787",2020-09-20,"北杜市",0
"788",2020-09-20,"南アルプス市",0.828
"789",2020-09-20,"南部町",0
"790",2020-09-20,"大月市",0
"791",2020-09-20,"富士吉田市",0
"792",2020-09-20,"富士川町",0.172
"793",2020-09-20,"富士河口湖町",0
"794",2020-09-20,"小菅村",0
"795",2020-09-20,"山中湖村",0
"796",2020-09-20,"山梨市",0
"797",2020-09-20,"市川三郷町",0
"798",2020-09-20,"忍野村",0
"799",2020-09-20,"早川町",0
"800",2020-09-20,"昭和町",0
"801",2020-09-20,"甲州市",0
"802",2020-09-20,"甲府市",0
"803",2020-09-20,"甲斐市",0
"804",2020-09-20,"笛吹市",0
"805",2020-09-20,"西桂町",0
"806",2020-09-20,"身延町",0
"807",2020-09-20,"道志村",0
"808",2020-09-20,"都留市",0
"809",2020-09-20,"韮崎市",0
"810",2020-09-20,"鳴沢村",0
"811",2020-09-27,"上野原市",0.288
"812",2020-09-27,"中央市",0.142
"813",2020-09-27,"丹波山村",0.007
"814",2020-09-27,"北杜市",0
"815",2020-09-27,"南アルプス市",0
"816",2020-09-27,"南部町",0
"817",2020-09-27,"大月市",0.297
"818",2020-09-27,"富士吉田市",0.495
"819",2020-09-27,"富士川町",0
"820",2020-09-27,"富士河口湖町",0.272
"821",2020-09-27,"小菅村",0.009
"822",2020-09-27,"山中湖村",0.059
"823",2020-09-27,"山梨市",0.526
"824",2020-09-27,"市川三郷町",0
"825",2020-09-27,"忍野村",0.098
"826",2020-09-27,"早川町",0
"827",2020-09-27,"昭和町",0
"828",2020-09-27,"甲州市",0.474
"829",2020-09-27,"甲府市",9.858
"830",2020-09-27,"甲斐市",0
"831",2020-09-27,"笛吹市",0
"832",2020-09-27,"西桂町",0.043
"833",2020-09-27,"身延町",0
"834",2020-09-27,"道志村",0.021
"835",2020-09-27,"都留市",0.378
"836",2020-09-27,"韮崎市",0
"837",2020-09-27,"鳴沢村",0.032
"838",2020-10-04,"上野原市",0
"839",2020-10-04,"中央市",0
"840",2020-10-04,"丹波山村",0
"841",2020-10-04,"北杜市",0
"842",2020-10-04,"南アルプス市",0
"843",2020-10-04,"南部町",0
"844",2020-10-04,"大月市",0
"845",2020-10-04,"富士吉田市",0
"846",2020-10-04,"富士川町",0
"847",2020-10-04,"富士河口湖町",0
"848",2020-10-04,"小菅村",0
"849",2020-10-04,"山中湖村",0
"850",2020-10-04,"山梨市",0
"851",2020-10-04,"市川三郷町",0
"852",2020-10-04,"忍野村",0
"853",2020-10-04,"早川町",0
"854",2020-10-04,"昭和町",0
"855",2020-10-04,"甲州市",0
"856",2020-10-04,"甲府市",2
"857",2020-10-04,"甲斐市",0
"858",2020-10-04,"笛吹市",0
"859",2020-10-04,"西桂町",0
"860",2020-10-04,"身延町",0
"861",2020-10-04,"道志村",0
"862",2020-10-04,"都留市",0
"863",2020-10-04,"韮崎市",0
"864",2020-10-04,"鳴沢村",0
"865",2020-10-11,"上野原市",0
"866",2020-10-11,"中央市",0.067
"867",2020-10-11,"丹波山村",0
"868",2020-10-11,"北杜市",1.101
"869",2020-10-11,"南アルプス市",0.155
"870",2020-10-11,"南部町",0
"871",2020-10-11,"大月市",0
"872",2020-10-11,"富士吉田市",0
"873",2020-10-11,"富士川町",0
"874",2020-10-11,"富士河口湖町",0
"875",2020-10-11,"小菅村",0
"876",2020-10-11,"山中湖村",0
"877",2020-10-11,"山梨市",0
"878",2020-10-11,"市川三郷町",0
"879",2020-10-11,"忍野村",0
"880",2020-10-11,"早川町",0
"881",2020-10-11,"昭和町",0.044
"882",2020-10-11,"甲州市",0
"883",2020-10-11,"甲府市",1.406
"884",2020-10-11,"甲斐市",0.164
"885",2020-10-11,"笛吹市",0
"886",2020-10-11,"西桂町",0
"887",2020-10-11,"身延町",0
"888",2020-10-11,"道志村",0
"889",2020-10-11,"都留市",0
"890",2020-10-11,"韮崎市",0.063
"891",2020-10-11,"鳴沢村",0
"892",2020-10-18,"上野原市",0.577
"893",2020-10-18,"中央市",0
"894",2020-10-18,"丹波山村",0.014
"895",2020-10-18,"北杜市",0
"896",2020-10-18,"南アルプス市",0
"897",2020-10-18,"南部町",0
"898",2020-10-18,"大月市",0.595
"899",2020-10-18,"富士吉田市",0
"900",2020-10-18,"富士川町",0
"901",2020-10-18,"富士河口湖町",0
"902",2020-10-18,"小菅村",0.018
"903",2020-10-18,"山中湖村",0
"904",2020-10-18,"山梨市",0
"905",2020-10-18,"市川三郷町",0
"906",2020-10-18,"忍野村",0
"907",2020-10-18,"早川町",0
"908",2020-10-18,"昭和町",0
"909",2020-10-18,"甲州市",0
"910",2020-10-18,"甲府市",1
"911",2020-10-18,"甲斐市",0
"912",2020-10-18,"笛吹市",0
"913",2020-10-18,"西桂町",0
"914",2020-10-18,"身延町",0
"915",2020-10-18,"道志村",0.042
"916",2020-10-18,"都留市",0.755
"917",2020-10-18,"韮崎市",0
"918",2020-10-18,"鳴沢村",0
"919",2020-10-25,"上野原市",0
"920",2020-10-25,"中央市",0.174
"921",2020-10-25,"丹波山村",0
"922",2020-10-25,"北杜市",2.107
"923",2020-10-25,"南アルプス市",2.007
"924",2020-10-25,"南部町",0
"925",2020-10-25,"大月市",0
"926",2020-10-25,"富士吉田市",0.495
"927",2020-10-25,"富士川町",0
"928",2020-10-25,"富士河口湖町",0.272
"929",2020-10-25,"小菅村",0
"930",2020-10-25,"山中湖村",0.059
"931",2020-10-25,"山梨市",0
"932",2020-10-25,"市川三郷町",0
"933",2020-10-25,"忍野村",0.098
"934",2020-10-25,"早川町",0
"935",2020-10-25,"昭和町",0.213
"936",2020-10-25,"甲州市",0
"937",2020-10-25,"甲府市",5
"938",2020-10-25,"甲斐市",0.425
"939",2020-10-25,"笛吹市",0
"940",2020-10-25,"西桂町",0.043
"941",2020-10-25,"身延町",0
"942",2020-10-25,"道志村",0
"943",2020-10-25,"都留市",0
"944",2020-10-25,"韮崎市",1.075
"945",2020-10-25,"鳴沢村",0.032
"946",2020-11-01,"上野原市",0.576
"947",2020-11-01,"中央市",0.39
"948",2020-11-01,"丹波山村",0.014
"949",2020-11-01,"北杜市",0.404
"950",2020-11-01,"南アルプス市",0.62
"951",2020-11-01,"南部町",0
"952",2020-11-01,"大月市",0.594
"953",2020-11-01,"富士吉田市",0
"954",2020-11-01,"富士川町",0.059
"955",2020-11-01,"富士河口湖町",0
"956",2020-11-01,"小菅村",0.018
"957",2020-11-01,"山中湖村",0
"958",2020-11-01,"山梨市",0.619
"959",2020-11-01,"市川三郷町",0
"960",2020-11-01,"忍野村",0
"961",2020-11-01,"早川町",0
"962",2020-11-01,"昭和町",0.356
"963",2020-11-01,"甲州市",0.558
"964",2020-11-01,"甲府市",9.846
"965",2020-11-01,"甲斐市",0.656
"966",2020-11-01,"笛吹市",1.24
"967",2020-11-01,"西桂町",0
"968",2020-11-01,"身延町",0
"969",2020-11-01,"道志村",0.042
"970",2020-11-01,"都留市",0.756
"971",2020-11-01,"韮崎市",0.252
"972",2020-11-01,"鳴沢村",0
"973",2020-11-08,"上野原市",0.864
"974",2020-11-08,"中央市",1.071
"975",2020-11-08,"丹波山村",0.021
"976",2020-11-08,"北杜市",1.41
"977",2020-11-08,"南アルプス市",4.385
"978",2020-11-08,"南部町",0
"979",2020-11-08,"大月市",0.891
"980",2020-11-08,"富士吉田市",0
"981",2020-11-08,"富士川町",0
"982",2020-11-08,"富士河口湖町",0
"983",2020-11-08,"小菅村",0.027
"984",2020-11-08,"山中湖村",0
"985",2020-11-08,"山梨市",0.952
"986",2020-11-08,"市川三郷町",0
"987",2020-11-08,"忍野村",0
"988",2020-11-08,"早川町",0
"989",2020-11-08,"昭和町",0.706
"990",2020-11-08,"甲州市",0.558
"991",2020-11-08,"甲府市",19.084
"992",2020-11-08,"甲斐市",3.293
"993",2020-11-08,"笛吹市",12.657
"994",2020-11-08,"西桂町",0
"995",2020-11-08,"身延町",0
"996",2020-11-08,"道志村",0.063
"997",2020-11-08,"都留市",1.134
"998",2020-11-08,"韮崎市",0.885
"999",2020-11-08,"鳴沢村",0
"1000",2020-11-15,"上野原市",0
"1001",2020-11-15,"中央市",1.125
"1002",2020-11-15,"丹波山村",0
"1003",2020-11-15,"北杜市",0
"1004",2020-11-15,"南アルプス市",2.243
"1005",2020-11-15,"南部町",0.3
"1006",2020-11-15,"大月市",0
"1007",2020-11-15,"富士吉田市",0
"1008",2020-11-15,"富士川町",0.59
"1009",2020-11-15,"富士河口湖町",0
"1010",2020-11-15,"小菅村",0
"1011",2020-11-15,"山中湖村",0
"1012",2020-11-15,"山梨市",1.478
"1013",2020-11-15,"市川三郷町",0.62
"1014",2020-11-15,"忍野村",0
"1015",2020-11-15,"早川町",0.04
"1016",2020-11-15,"昭和町",0.361
"1017",2020-11-15,"甲州市",0.431
"1018",2020-11-15,"甲府市",14.906
"1019",2020-11-15,"甲斐市",5.117
"1020",2020-11-15,"笛吹市",6.221
"1021",2020-11-15,"西桂町",0
"1022",2020-11-15,"身延町",0.45
"1023",2020-11-15,"道志村",0
"1024",2020-11-15,"都留市",0
"1025",2020-11-15,"韮崎市",1.118
"1026",2020-11-15,"鳴沢村",0
"1027",2020-11-22,"上野原市",0.157
"1028",2020-11-22,"中央市",0.105
"1029",2020-11-22,"丹波山村",0.004
"1030",2020-11-22,"北杜市",0.298
"1031",2020-11-22,"南アルプス市",0.616
"1032",2020-11-22,"南部町",0.611
"1033",2020-11-22,"大月市",0.162
"1034",2020-11-22,"富士吉田市",0.332
"1035",2020-11-22,"富士川町",1.276
"1036",2020-11-22,"富士河口湖町",0.182
"1037",2020-11-22,"小菅村",0.005
"1038",2020-11-22,"山中湖村",0.04
"1039",2020-11-22,"山梨市",1.042
"1040",2020-11-22,"市川三郷町",1.259
"1041",2020-11-22,"忍野村",0.066
"1042",2020-11-22,"早川町",0.082
"1043",2020-11-22,"昭和町",0.131
"1044",2020-11-22,"甲州市",0.038
"1045",2020-11-22,"甲府市",6.068
"1046",2020-11-22,"甲斐市",1.889
"1047",2020-11-22,"笛吹市",0.084
"1048",2020-11-22,"西桂町",0.029
"1049",2020-11-22,"身延町",0.912
"1050",2020-11-22,"道志村",0.011
"1051",2020-11-22,"都留市",0.205
"1052",2020-11-22,"韮崎市",7.376
"1053",2020-11-22,"鳴沢村",0.022
"1054",2020-11-29,"上野原市",5.362
"1055",2020-11-29,"中央市",0.704
"1056",2020-11-29,"丹波山村",0.127
"1057",2020-11-29,"北杜市",0.395
"1058",2020-11-29,"南アルプス市",1.607
"1059",2020-11-29,"南部町",0.065
"1060",2020-11-29,"大月市",5.531
"1061",2020-11-29,"富士吉田市",17.214
"1062",2020-11-29,"富士川町",0.126
"1063",2020-11-29,"富士河口湖町",9.461
"1064",2020-11-29,"小菅村",0.168
"1065",2020-11-29,"山中湖村",2.007
"1066",2020-11-29,"山梨市",0.694
"1067",2020-11-29,"市川三郷町",0.133
"1068",2020-11-29,"忍野村",3.327
"1069",2020-11-29,"早川町",0.009
"1070",2020-11-29,"昭和町",0.334
"1071",2020-11-29,"甲州市",1.326
"1072",2020-11-29,"甲府市",7.16
"1073",2020-11-29,"甲斐市",0.642
"1074",2020-11-29,"笛吹市",5.014
"1075",2020-11-29,"西桂町",1.47
"1076",2020-11-29,"身延町",0.096
"1077",2020-11-29,"道志村",0.388
"1078",2020-11-29,"都留市",7.307
"1079",2020-11-29,"韮崎市",0.248
"1080",2020-11-29,"鳴沢村",1.085
"1081",2020-12-06,"上野原市",1.735
"1082",2020-12-06,"中央市",0.246
"1083",2020-12-06,"丹波山村",0.042
"1084",2020-12-06,"北杜市",0.156
"1085",2020-12-06,"南アルプス市",0.24
"1086",2020-12-06,"南部町",0.012
"1087",2020-12-06,"大月市",1.789
"1088",2020-12-06,"富士吉田市",3.97
"1089",2020-12-06,"富士川町",0.023
"1090",2020-12-06,"富士河口湖町",2.182
"1091",2020-12-06,"小菅村",0.054
"1092",2020-12-06,"山中湖村",0.474
"1093",2020-12-06,"山梨市",1.643
"1094",2020-12-06,"市川三郷町",0.025
"1095",2020-12-06,"忍野村",0.786
"1096",2020-12-06,"早川町",0.002
"1097",2020-12-06,"昭和町",0.069
"1098",2020-12-06,"甲州市",1.28
"1099",2020-12-06,"甲府市",14.193
"1100",2020-12-06,"甲斐市",2.254
"1101",2020-12-06,"笛吹市",1.703
"1102",2020-12-06,"西桂町",0.347
"1103",2020-12-06,"身延町",0.018
"1104",2020-12-06,"道志村",0.126
"1105",2020-12-06,"都留市",2.274
"1106",2020-12-06,"韮崎市",1.098
"1107",2020-12-06,"鳴沢村",0.258
"1108",2020-12-13,"上野原市",3.099
"1109",2020-12-13,"中央市",0
"1110",2020-12-13,"丹波山村",0.074
"1111",2020-12-13,"北杜市",0
"1112",2020-12-13,"南アルプス市",0.428
"1113",2020-12-13,"南部町",0
"1114",2020-12-13,"大月市",3.195
"1115",2020-12-13,"富士吉田市",6.674
"1116",2020-12-13,"富士川町",0
"1117",2020-12-13,"富士河口湖町",3.668
"1118",2020-12-13,"小菅村",0.097
"1119",2020-12-13,"山中湖村",0.744
"1120",2020-12-13,"山梨市",0
"1121",2020-12-13,"市川三郷町",0
"1122",2020-12-13,"忍野村",1.233
"1123",2020-12-13,"早川町",0
"1124",2020-12-13,"昭和町",0
"1125",2020-12-13,"甲州市",0
"1126",2020-12-13,"甲府市",7.554
"1127",2020-12-13,"甲斐市",0.452
"1128",2020-12-13,"笛吹市",0.269
"1129",2020-12-13,"西桂町",0.544
"1130",2020-12-13,"身延町",0
"1131",2020-12-13,"道志村",0.225
"1132",2020-12-13,"都留市",4.342
"1133",2020-12-13,"韮崎市",0
"1134",2020-12-13,"鳴沢村",0.403
"1135",2020-12-20,"上野原市",1.442
"1136",2020-12-20,"中央市",0
"1137",2020-12-20,"丹波山村",0.034
"1138",2020-12-20,"北杜市",0
"1139",2020-12-20,"南アルプス市",0.201
"1140",2020-12-20,"南部町",0
"1141",2020-12-20,"大月市",1.487
"1142",2020-12-20,"富士吉田市",7.97
"1143",2020-12-20,"富士川町",0
"1144",2020-12-20,"富士河口湖町",4.38
"1145",2020-12-20,"小菅村",0.045
"1146",2020-12-20,"山中湖村",0.956
"1147",2020-12-20,"山梨市",0
"1148",2020-12-20,"市川三郷町",0
"1149",2020-12-20,"忍野村",1.583
"1150",2020-12-20,"早川町",0
"1151",2020-12-20,"昭和町",1.058
"1152",2020-12-20,"甲州市",0.241
"1153",2020-12-20,"甲府市",6.185
"1154",2020-12-20,"甲斐市",1.213
"1155",2020-12-20,"笛吹市",0
"1156",2020-12-20,"西桂町",0.699
"1157",2020-12-20,"身延町",0
"1158",2020-12-20,"道志村",0.105
"1159",2020-12-20,"都留市",1.888
"1160",2020-12-20,"韮崎市",4
"1161",2020-12-20,"鳴沢村",0.516
"1162",2020-12-27,"上野原市",1.495
"1163",2020-12-27,"中央市",0.613
"1164",2020-12-27,"丹波山村",0.036
"1165",2020-12-27,"北杜市",1.169
"1166",2020-12-27,"南アルプス市",3.996
"1167",2020-12-27,"南部町",0.09
"1168",2020-12-27,"大月市",1.542
"1169",2020-12-27,"富士吉田市",16.773
"1170",2020-12-27,"富士川町",0.176
"1171",2020-12-27,"富士河口湖町",8.538
"1172",2020-12-27,"小菅村",0.047
"1173",2020-12-27,"山中湖村",1.862
"1174",2020-12-27,"山梨市",0.261
"1175",2020-12-27,"市川三郷町",0.185
"1176",2020-12-27,"忍野村",3.086
"1177",2020-12-27,"早川町",0.012
"1178",2020-12-27,"昭和町",0.202
"1179",2020-12-27,"甲州市",0.878
"1180",2020-12-27,"甲府市",10.454
"1181",2020-12-27,"甲斐市",0.483
"1182",2020-12-27,"笛吹市",6.349
"1183",2020-12-27,"西桂町",1.363
"1184",2020-12-27,"身延町",0.134
"1185",2020-12-27,"道志村",0.108
"1186",2020-12-27,"都留市",1.957
"1187",2020-12-27,"韮崎市",0.186
"1188",2020-12-27,"鳴沢村",1.006
"1189",2021-01-03,"上野原市",3.344
"1190",2021-01-03,"中央市",5
"1191",2021-01-03,"丹波山村",0.068
"1192",2021-01-03,"北杜市",8.199
"1193",2021-01-03,"南アルプス市",7.257
"1194",2021-01-03,"南部町",0.182
"1195",2021-01-03,"大月市",3.856
"1196",2021-01-03,"富士吉田市",23.183
"1197",2021-01-03,"富士川町",0.425
"1198",2021-01-03,"富士河口湖町",11.679
"1199",2021-01-03,"小菅村",0.089
"1200",2021-01-03,"山中湖村",2.257
"1201",2021-01-03,"山梨市",0.927
"1202",2021-01-03,"市川三郷町",0.376
"1203",2021-01-03,"忍野村",4.023
"1204",2021-01-03,"早川町",0.025
"1205",2021-01-03,"昭和町",1.535
"1206",2021-01-03,"甲州市",3.31
"1207",2021-01-03,"甲府市",39.569
"1208",2021-01-03,"甲斐市",16.643
"1209",2021-01-03,"笛吹市",9.357
"1210",2021-01-03,"西桂町",1.654
"1211",2021-01-03,"身延町",0.272
"1212",2021-01-03,"道志村",0.207
"1213",2021-01-03,"都留市",5.118
"1214",2021-01-03,"韮崎市",0.221
"1215",2021-01-03,"鳴沢村",1.221
"1216",2021-01-10,"上野原市",2.493
"1217",2021-01-10,"中央市",3.369
"1218",2021-01-10,"丹波山村",0.06
"1219",2021-01-10,"北杜市",1.199
"1220",2021-01-10,"南アルプス市",6.936
"1221",2021-01-10,"南部町",0.15
"1222",2021-01-10,"大月市",2.571
"1223",2021-01-10,"富士吉田市",21.778
"1224",2021-01-10,"富士川町",0.341
"1225",2021-01-10,"富士河口湖町",8.728
"1226",2021-01-10,"小菅村",0.078
"1227",2021-01-10,"山中湖村",1.855
"1228",2021-01-10,"山梨市",0.136
"1229",2021-01-10,"市川三郷町",0.537
"1230",2021-01-10,"忍野村",3.651
"1231",2021-01-10,"早川町",0.02
"1232",2021-01-10,"昭和町",0.505
"1233",2021-01-10,"甲州市",0.343
"1234",2021-01-10,"甲府市",43.09
"1235",2021-01-10,"甲斐市",1.43
"1236",2021-01-10,"笛吹市",1.309
"1237",2021-01-10,"西桂町",1.279
"1238",2021-01-10,"身延町",0.324
"1239",2021-01-10,"道志村",0.181
"1240",2021-01-10,"都留市",3.265
"1241",2021-01-10,"韮崎市",0.177
"1242",2021-01-10,"鳴沢村",1.191
"1243",2021-01-17,"上野原市",2.403
"1244",2021-01-17,"中央市",0.038
"1245",2021-01-17,"丹波山村",0.057
"1246",2021-01-17,"北杜市",0.056
"1247",2021-01-17,"南アルプス市",3.14
"1248",2021-01-17,"南部町",0.159
"1249",2021-01-17,"大月市",2.478
"1250",2021-01-17,"富士吉田市",6.557
"1251",2021-01-17,"富士川町",0.313
"1252",2021-01-17,"富士河口湖町",2.954
"1253",2021-01-17,"小菅村",0.075
"1254",2021-01-17,"山中湖村",0.348
"1255",2021-01-17,"山梨市",1.08
"1256",2021-01-17,"市川三郷町",0.329
"1257",2021-01-17,"忍野村",0.578
"1258",2021-01-17,"早川町",0.021
"1259",2021-01-17,"昭和町",1.461
"1260",2021-01-17,"甲州市",1.265
"1261",2021-01-17,"甲府市",9.381
"1262",2021-01-17,"甲斐市",3.815
"1263",2021-01-17,"笛吹市",2.319
"1264",2021-01-17,"西桂町",0.254
"1265",2021-01-17,"身延町",0.239
"1266",2021-01-17,"道志村",0.174
"1267",2021-01-17,"都留市",3.147
"1268",2021-01-17,"韮崎市",1.17
"1269",2021-01-17,"鳴沢村",0.189
"1270",2021-01-24,"上野原市",0
"1271",2021-01-24,"中央市",0
"1272",2021-01-24,"丹波山村",0
"1273",2021-01-24,"北杜市",0
"1274",2021-01-24,"南アルプス市",1.524
"1275",2021-01-24,"南部町",0
"1276",2021-01-24,"大月市",0
"1277",2021-01-24,"富士吉田市",1.485
"1278",2021-01-24,"富士川町",0
"1279",2021-01-24,"富士河口湖町",0.816
"1280",2021-01-24,"小菅村",0
"1281",2021-01-24,"山中湖村",0.178
"1282",2021-01-24,"山梨市",0.118
"1283",2021-01-24,"市川三郷町",0
"1284",2021-01-24,"忍野村",0.295
"1285",2021-01-24,"早川町",0
"1286",2021-01-24,"昭和町",0
"1287",2021-01-24,"甲州市",0
"1288",2021-01-24,"甲府市",9.019
"1289",2021-01-24,"甲斐市",0
"1290",2021-01-24,"笛吹市",2.237
"1291",2021-01-24,"西桂町",0.13
"1292",2021-01-24,"身延町",0
"1293",2021-01-24,"道志村",0
"1294",2021-01-24,"都留市",0
"1295",2021-01-24,"韮崎市",0.101
"1296",2021-01-24,"鳴沢村",0.096
"1297",2021-01-31,"上野原市",0
"1298",2021-01-31,"中央市",0
"1299",2021-01-31,"丹波山村",0
"1300",2021-01-31,"北杜市",2
"1301",2021-01-31,"南アルプス市",0
"1302",2021-01-31,"南部町",0.029
"1303",2021-01-31,"大月市",0
"1304",2021-01-31,"富士吉田市",0.495
"1305",2021-01-31,"富士川町",0.058
"1306",2021-01-31,"富士河口湖町",0.272
"1307",2021-01-31,"小菅村",0
"1308",2021-01-31,"山中湖村",0.059
"1309",2021-01-31,"山梨市",0
"1310",2021-01-31,"市川三郷町",0.06
"1311",2021-01-31,"忍野村",0.098
"1312",2021-01-31,"早川町",0.004
"1313",2021-01-31,"昭和町",0.178
"1314",2021-01-31,"甲州市",2.31
"1315",2021-01-31,"甲府市",2.627
"1316",2021-01-31,"甲斐市",0
"1317",2021-01-31,"笛吹市",0.69
"1318",2021-01-31,"西桂町",0.043
"1319",2021-01-31,"身延町",0.044
"1320",2021-01-31,"道志村",0
"1321",2021-01-31,"都留市",0
"1322",2021-01-31,"韮崎市",0
"1323",2021-01-31,"鳴沢村",0.032
"1324",2021-02-07,"上野原市",0.158
"1325",2021-02-07,"中央市",4.127
"1326",2021-02-07,"丹波山村",0.004
"1327",2021-02-07,"北杜市",2
"1328",2021-02-07,"南アルプス市",0
"1329",2021-02-07,"南部町",0
"1330",2021-02-07,"大月市",0.163
"1331",2021-02-07,"富士吉田市",1.485
"1332",2021-02-07,"富士川町",0
"1333",2021-02-07,"富士河口湖町",0.816
"1334",2021-02-07,"小菅村",0.005
"1335",2021-02-07,"山中湖村",0.178
"1336",2021-02-07,"山梨市",0.238
"1337",2021-02-07,"市川三郷町",0
"1338",2021-02-07,"忍野村",0.295
"1339",2021-02-07,"早川町",0
"1340",2021-02-07,"昭和町",0.398
"1341",2021-02-07,"甲州市",0
"1342",2021-02-07,"甲府市",3
"1343",2021-02-07,"甲斐市",1
"1344",2021-02-07,"笛吹市",2.69
"1345",2021-02-07,"西桂町",0.13
"1346",2021-02-07,"身延町",0
"1347",2021-02-07,"道志村",0.011
"1348",2021-02-07,"都留市",0.207
"1349",2021-02-07,"韮崎市",0
"1350",2021-02-07,"鳴沢村",0.096
"1351",2021-02-14,"上野原市",0
"1352",2021-02-14,"中央市",0
"1353",2021-02-14,"丹波山村",0
"1354",2021-02-14,"北杜市",1
"1355",2021-02-14,"南アルプス市",1
"1356",2021-02-14,"南部町",0.301
"1357",2021-02-14,"大月市",0
"1358",2021-02-14,"富士吉田市",0
"1359",2021-02-14,"富士川町",0.59
"1360",2021-02-14,"富士河口湖町",0
"1361",2021-02-14,"小菅村",0
"1362",2021-02-14,"山中湖村",0
"1363",2021-02-14,"山梨市",0
"1364",2021-02-14,"市川三郷町",0.62
"1365",2021-02-14,"忍野村",0
"1366",2021-02-14,"早川町",0.04
"1367",2021-02-14,"昭和町",0
"1368",2021-02-14,"甲州市",0
"1369",2021-02-14,"甲府市",3
"1370",2021-02-14,"甲斐市",0
"1371",2021-02-14,"笛吹市",0
"1372",2021-02-14,"西桂町",0
"1373",2021-02-14,"身延町",0.449
"1374",2021-02-14,"道志村",0
"1375",2021-02-14,"都留市",0
"1376",2021-02-14,"韮崎市",0
"1377",2021-02-14,"鳴沢村",0
"1378",2021-02-21,"上野原市",0.604
"1379",2021-02-21,"中央市",0.038
"1380",2021-02-21,"丹波山村",0.015
"1381",2021-02-21,"北杜市",0.056
"1382",2021-02-21,"南アルプス市",0.087
"1383",2021-02-21,"南部町",0.009
"1384",2021-02-21,"大月市",0.623
"1385",2021-02-21,"富士吉田市",0.059
"1386",2021-02-21,"富士川町",0.018
"1387",2021-02-21,"富士河口湖町",0.032
"1388",2021-02-21,"小菅村",0.019
"1389",2021-02-21,"山中湖村",0.007
"1390",2021-02-21,"山梨市",0.042
"1391",2021-02-21,"市川三郷町",0.019
"1392",2021-02-21,"忍野村",0.012
"1393",2021-02-21,"早川町",0.001
"1394",2021-02-21,"昭和町",0.025
"1395",2021-02-21,"甲州市",0.038
"1396",2021-02-21,"甲府市",0.228
"1397",2021-02-21,"甲斐市",0.092
"1398",2021-02-21,"笛吹市",2.084
"1399",2021-02-21,"西桂町",0.005
"1400",2021-02-21,"身延町",0.014
"1401",2021-02-21,"道志村",0.044
"1402",2021-02-21,"都留市",0.792
"1403",2021-02-21,"韮崎市",0.035
"1404",2021-02-21,"鳴沢村",0.004
"1405",2021-02-28,"上野原市",0
"1406",2021-02-28,"中央市",0
"1407",2021-02-28,"丹波山村",0
"1408",2021-02-28,"北杜市",0
"1409",2021-02-28,"南アルプス市",0.214
"1410",2021-02-28,"南部町",0
"1411",2021-02-28,"大月市",0
"1412",2021-02-28,"富士吉田市",0
"1413",2021-02-28,"富士川町",0
"1414",2021-02-28,"富士河口湖町",0
"1415",2021-02-28,"小菅村",0
"1416",2021-02-28,"山中湖村",0
"1417",2021-02-28,"山梨市",0
"1418",2021-02-28,"市川三郷町",0
"1419",2021-02-28,"忍野村",0
"1420",2021-02-28,"早川町",0
"1421",2021-02-28,"昭和町",1
"1422",2021-02-28,"甲州市",0
"1423",2021-02-28,"甲府市",0.56
"1424",2021-02-28,"甲斐市",0.226
"1425",2021-02-28,"笛吹市",0
"1426",2021-02-28,"西桂町",0
"1427",2021-02-28,"身延町",0
"1428",2021-02-28,"道志村",0
"1429",2021-02-28,"都留市",0
"1430",2021-02-28,"韮崎市",0
"1431",2021-02-28,"鳴沢村",0
"1432",2021-03-07,"上野原市",0.129
"1433",2021-03-07,"中央市",2.445
"1434",2021-03-07,"丹波山村",0.003
"1435",2021-03-07,"北杜市",0
"1436",2021-03-07,"南アルプス市",0.697
"1437",2021-03-07,"南部町",0
"1438",2021-03-07,"大月市",0.133
"1439",2021-03-07,"富士吉田市",0.273
"1440",2021-03-07,"富士川町",0
"1441",2021-03-07,"富士河口湖町",0.15
"1442",2021-03-07,"小菅村",0.004
"1443",2021-03-07,"山中湖村",0.033
"1444",2021-03-07,"山梨市",0
"1445",2021-03-07,"市川三郷町",0
"1446",2021-03-07,"忍野村",0.054
"1447",2021-03-07,"早川町",0
"1448",2021-03-07,"昭和町",0
"1449",2021-03-07,"甲州市",0
"1450",2021-03-07,"甲府市",4.571
"1451",2021-03-07,"甲斐市",0.287
"1452",2021-03-07,"笛吹市",0
"1453",2021-03-07,"西桂町",0.024
"1454",2021-03-07,"身延町",0
"1455",2021-03-07,"道志村",0.009
"1456",2021-03-07,"都留市",0.169
"1457",2021-03-07,"韮崎市",0
"1458",2021-03-07,"鳴沢村",0.018
"1459",2021-03-14,"上野原市",0.028
"1460",2021-03-14,"中央市",1.135
"1461",2021-03-14,"丹波山村",0.001
"1462",2021-03-14,"北杜市",1.056
"1463",2021-03-14,"南アルプス市",0.311
"1464",2021-03-14,"南部町",0.009
"1465",2021-03-14,"大月市",0.029
"1466",2021-03-14,"富士吉田市",0.059
"1467",2021-03-14,"富士川町",0.018
"1468",2021-03-14,"富士河口湖町",0.032
"1469",2021-03-14,"小菅村",0.001
"1470",2021-03-14,"山中湖村",0.007
"1471",2021-03-14,"山梨市",0.042
"1472",2021-03-14,"市川三郷町",0.019
"1473",2021-03-14,"忍野村",0.012
"1474",2021-03-14,"早川町",0.001
"1475",2021-03-14,"昭和町",0.025
"1476",2021-03-14,"甲州市",0.038
"1477",2021-03-14,"甲府市",1.815
"1478",2021-03-14,"甲斐市",0.814
"1479",2021-03-14,"笛吹市",0.084
"1480",2021-03-14,"西桂町",0.005
"1481",2021-03-14,"身延町",0.014
"1482",2021-03-14,"道志村",0.002
"1483",2021-03-14,"都留市",0.036
"1484",2021-03-14,"韮崎市",0.404
"1485",2021-03-14,"鳴沢村",0.004
"1486",2021-03-21,"上野原市",0.129
"1487",2021-03-21,"中央市",0
"1488",2021-03-21,"丹波山村",0.003
"1489",2021-03-21,"北杜市",0
"1490",2021-03-21,"南アルプス市",0
"1491",2021-03-21,"南部町",0
"1492",2021-03-21,"大月市",0.133
"1493",2021-03-21,"富士吉田市",0.273
"1494",2021-03-21,"富士川町",0
"1495",2021-03-21,"富士河口湖町",0.15
"1496",2021-03-21,"小菅村",0.004
"1497",2021-03-21,"山中湖村",0.033
"1498",2021-03-21,"山梨市",0
"1499",2021-03-21,"市川三郷町",0
"1500",2021-03-21,"忍野村",0.054
"1501",2021-03-21,"早川町",0
"1502",2021-03-21,"昭和町",0
"1503",2021-03-21,"甲州市",0
"1504",2021-03-21,"甲府市",0.731
"1505",2021-03-21,"甲斐市",0
"1506",2021-03-21,"笛吹市",0.269
"1507",2021-03-21,"西桂町",0.024
"1508",2021-03-21,"身延町",0
"1509",2021-03-21,"道志村",0.009
"1510",2021-03-21,"都留市",0.169
"1511",2021-03-21,"韮崎市",0
"1512",2021-03-21,"鳴沢村",0.018
"1513",2021-03-28,"上野原市",8.217
"1514",2021-03-28,"中央市",0.038
"1515",2021-03-28,"丹波山村",0.123
"1516",2021-03-28,"北杜市",0.056
"1517",2021-03-28,"南アルプス市",0.087
"1518",2021-03-28,"南部町",0.009
"1519",2021-03-28,"大月市",5.381
"1520",2021-03-28,"富士吉田市",3.704
"1521",2021-03-28,"富士川町",0.018
"1522",2021-03-28,"富士河口湖町",0.665
"1523",2021-03-28,"小菅村",0.163
"1524",2021-03-28,"山中湖村",0.007
"1525",2021-03-28,"山梨市",0.042
"1526",2021-03-28,"市川三郷町",0.019
"1527",2021-03-28,"忍野村",0.012
"1528",2021-03-28,"早川町",0.001
"1529",2021-03-28,"昭和町",0.025
"1530",2021-03-28,"甲州市",0.038
"1531",2021-03-28,"甲府市",3.228
"1532",2021-03-28,"甲斐市",0.092
"1533",2021-03-28,"笛吹市",1.806
"1534",2021-03-28,"西桂町",0.005
"1535",2021-03-28,"身延町",0.014
"1536",2021-03-28,"道志村",0.378
"1537",2021-03-28,"都留市",6.833
"1538",2021-03-28,"韮崎市",0.035
"1539",2021-03-28,"鳴沢村",0.004
"1540",2021-04-04,"上野原市",3.227
"1541",2021-04-04,"中央市",0.24
"1542",2021-04-04,"丹波山村",0.076
"1543",2021-04-04,"北杜市",0.213
"1544",2021-04-04,"南アルプス市",1.973
"1545",2021-04-04,"南部町",0.018
"1546",2021-04-04,"大月市",3.329
"1547",2021-04-04,"富士吉田市",0.613
"1548",2021-04-04,"富士川町",0.036
"1549",2021-04-04,"富士河口湖町",0.336
"1550",2021-04-04,"小菅村",0.101
"1551",2021-04-04,"山中湖村",0.073
"1552",2021-04-04,"山梨市",1.071
"1553",2021-04-04,"市川三郷町",0.038
"1554",2021-04-04,"忍野村",0.122
"1555",2021-04-04,"早川町",0.002
"1556",2021-04-04,"昭和町",0.094
"1557",2021-04-04,"甲州市",0.076
"1558",2021-04-04,"甲府市",10.449
"1559",2021-04-04,"甲斐市",3.348
"1560",2021-04-04,"笛吹市",4.15
"1561",2021-04-04,"西桂町",0.053
"1562",2021-04-04,"身延町",0.028
"1563",2021-04-04,"道志村",0.234
"1564",2021-04-04,"都留市",4.226
"1565",2021-04-04,"韮崎市",0.805
"1566",2021-04-04,"鳴沢村",0.07
"1567",2021-04-11,"上野原市",1.576
"1568",2021-04-11,"中央市",0.269
"1569",2021-04-11,"丹波山村",0.014
"1570",2021-04-11,"北杜市",0.481
"1571",2021-04-11,"南アルプス市",7.155
"1572",2021-04-11,"南部町",0.3
"1573",2021-04-11,"大月市",0.594
"1574",2021-04-11,"富士吉田市",0.495
"1575",2021-04-11,"富士川町",0.59
"1576",2021-04-11,"富士河口湖町",0.272
"1577",2021-04-11,"小菅村",0.018
"1578",2021-04-11,"山中湖村",0.059
"1579",2021-04-11,"山梨市",0.256
"1580",2021-04-11,"市川三郷町",0.722
"1581",2021-04-11,"忍野村",0.098
"1582",2021-04-11,"早川町",0.04
"1583",2021-04-11,"昭和町",1.47
"1584",2021-04-11,"甲州市",0.433
"1585",2021-04-11,"甲府市",14.831
"1586",2021-04-11,"甲斐市",10.869
"1587",2021-04-11,"笛吹市",1.513
"1588",2021-04-11,"西桂町",0.043
"1589",2021-04-11,"身延町",0.45
"1590",2021-04-11,"道志村",0.042
"1591",2021-04-11,"都留市",0.756
"1592",2021-04-11,"韮崎市",0.62
"1593",2021-04-11,"鳴沢村",0.032
"1594",2021-04-18,"上野原市",0.316
"1595",2021-04-18,"中央市",0.609
"1596",2021-04-18,"丹波山村",0.008
"1597",2021-04-18,"北杜市",3.459
"1598",2021-04-18,"南アルプス市",18.285
"1599",2021-04-18,"南部町",0.522
"1600",2021-04-18,"大月市",0.326
"1601",2021-04-18,"富士吉田市",5.019
"1602",2021-04-18,"富士川町",1.025
"1603",2021-04-18,"富士河口湖町",2.208
"1604",2021-04-18,"小菅村",0.01
"1605",2021-04-18,"山中湖村",0.481
"1606",2021-04-18,"山梨市",0.042
"1607",2021-04-18,"市川三郷町",1.077
"1608",2021-04-18,"忍野村",0.797
"1609",2021-04-18,"早川町",0.07
"1610",2021-04-18,"昭和町",0.425
"1611",2021-04-18,"甲州市",0.038
"1612",2021-04-18,"甲府市",18.3
"1613",2021-04-18,"甲斐市",5.29
"1614",2021-04-18,"笛吹市",2.575
"1615",2021-04-18,"西桂町",0.351
"1616",2021-04-18,"身延町",0.781
"1617",2021-04-18,"道志村",0.023
"1618",2021-04-18,"都留市",0.414
"1619",2021-04-18,"韮崎市",2.288
"1620",2021-04-18,"鳴沢村",0.26
"1621",2021-04-25,"上野原市",0.445
"1622",2021-04-25,"中央市",1.105
"1623",2021-04-25,"丹波山村",0.011
"1624",2021-04-25,"北杜市",2.157
"1625",2021-04-25,"南アルプス市",25.436
"1626",2021-04-25,"南部町",0.611
"1627",2021-04-25,"大月市",0.459
"1628",2021-04-25,"富士吉田市",3.332
"1629",2021-04-25,"富士川町",1.198
"1630",2021-04-25,"富士河口湖町",0.182
"1631",2021-04-25,"小菅村",0.014
"1632",2021-04-25,"山中湖村",0.04
"1633",2021-04-25,"山梨市",5.298
"1634",2021-04-25,"市川三郷町",1.259
"1635",2021-04-25,"忍野村",0.066
"1636",2021-04-25,"早川町",0.081
"1637",2021-04-25,"昭和町",0.737
"1638",2021-04-25,"甲州市",1.269
"1639",2021-04-25,"甲府市",27.096
"1640",2021-04-25,"甲斐市",2.256
"1641",2021-04-25,"笛吹市",5.135
"1642",2021-04-25,"西桂町",0.029
"1643",2021-04-25,"身延町",1.049
"1644",2021-04-25,"道志村",0.032
"1645",2021-04-25,"都留市",0.583
"1646",2021-04-25,"韮崎市",0.098
"1647",2021-04-25,"鳴沢村",0.022
