"","週","week","都道府県","sum_pop","agrgt潜在的感染者人流_lag1","agrgt潜在的感染者人流_lag2","in_risk_lag1","in_risk_lag2"
"1","202001_W1",2019-12-30,"山梨県",902209,0,0,0,0
"2","202001_W1",2019-12-30,"栃木県",2026802,0,0,0,0
"3","202001_W1",2019-12-30,"群馬県",2051913,0,0,0,0
"4","202001_W1",2019-12-30,"茨城県",2871890,0,0,0,0
"5","202001_W1",2019-12-30,"長野県",2315982,0,0,0,0
"6","202001_W1",2019-12-30,"静岡県",3921264,0,0,0,0
"7","202001_W2",2020-01-06,"山梨県",830888,0,0,0,0
"8","202001_W2",2020-01-06,"栃木県",1965648,0,0,0,0
"9","202001_W2",2020-01-06,"群馬県",1970025,0,0,0,0
"10","202001_W2",2020-01-06,"茨城県",2827837,0,0,0,0
"11","202001_W2",2020-01-06,"長野県",2130881,0,0,0,0
"12","202001_W2",2020-01-06,"静岡県",3733109,0,0,0,0
"13","202001_W3",2020-01-13,"山梨県",832072,0,0.00586623967175967,0,5.55464256543564e-10
"14","202001_W3",2020-01-13,"栃木県",1964567,0,0.00604002532630015,0,5.64820799574579e-10
"15","202001_W3",2020-01-13,"群馬県",1965557,0,0.00682857745859251,0,6.27467713564569e-10
"16","202001_W3",2020-01-13,"茨城県",2838112,0,0.00778228465907845,0,7.11724482681226e-10
"17","202001_W3",2020-01-13,"長野県",2120306,0,0.011142384540075,0,1.10064722722131e-09
"18","202001_W3",2020-01-13,"静岡県",3721893,0,0.0229710414796373,0,2.42222018071154e-09
"19","202001_W4",2020-01-20,"山梨県",829229,0.00328789156649914,0.00467179181915441,2.82248584271598e-10,5.535296362969e-10
"20","202001_W4",2020-01-20,"栃木県",1969341,0.00345540541781506,0.00615077474758662,2.90797752956974e-10,7.63516108204319e-10
"21","202001_W4",2020-01-20,"群馬県",1967418,0.00414617809625795,0.00651466197447836,3.48526875247843e-10,7.36916164365266e-10
"22","202001_W4",2020-01-20,"茨城県",2825948,0.00501447117136461,0.0139369498819697,4.11171935668758e-10,1.93464114308562e-09
"23","202001_W4",2020-01-20,"長野県",2113866,0.00656854873891757,0.0121171276864257,6.2644208049584e-10,2.18057998083555e-09
"24","202001_W4",2020-01-20,"静岡県",3721866,0.013814826532172,0.0229624422286229,1.44331987301605e-09,4.05692280328922e-09
"25","202001_W5",2020-01-27,"山梨県",834220,0.00460717980902556,0.0033368348671841,6.13522136803154e-10,5.6780709947131e-10
"26","202001_W5",2020-01-27,"栃木県",1963256,0.0058240429263787,0.00560696369988284,7.32659564275695e-10,9.27364355240929e-10
"27","202001_W5",2020-01-27,"群馬県",1968597,0.00621141353768622,0.00544717310424011,7.25219007476648e-10,8.82515879298481e-10
"28","202001_W5",2020-01-27,"茨城県",2836620,0.0138753511819209,0.0244570092131549,1.84148543616889e-09,3.97281051860325e-09
"29","202001_W5",2020-01-27,"長野県",2121067,0.011800272200054,0.00927048339455383,2.36926885678972e-09,2.36306902487278e-09
"30","202001_W5",2020-01-27,"静岡県",3726761,0.0220417644080727,0.0169052571897097,4.07624966705292e-09,3.86024123481406e-09
"31","202002_W1",2020-02-03,"山梨県",837237,0.00340303762787261,0.0212923798123838,6.38997488802227e-10,2.02930572732667e-09
"32","202002_W1",2020-02-03,"栃木県",1962623,0.00538040120916486,0.0246661643287348,8.93209092112718e-10,2.79684358522756e-09
"33","202002_W1",2020-02-03,"群馬県",1967183,0.00530952295717696,0.0283951418094126,8.63587345708066e-10,2.57616642895926e-09
"34","202002_W1",2020-02-03,"茨城県",2827199,0.024239326991494,0.0538051423014127,3.86522228388266e-09,7.05565913300924e-09
"35","202002_W1",2020-02-03,"長野県",2140727,0.00910561846277857,0.0407452415809193,2.43274787979563e-09,7.98538218615896e-09
"36","202002_W1",2020-02-03,"静岡県",3730607,0.01652687374915,0.0684715735818805,3.91095988557908e-09,1.15531268617211e-08
"37","202002_W2",2020-02-10,"山梨県",834391,0.0251262112114435,0.0563952632155432,2.35402240796845e-09,6.57691602114241e-09
"38","202002_W2",2020-02-10,"栃木県",1967000,0.0263670634147143,1.00873849065263,2.4257046139163e-09,4.95731298674066e-07
"39","202002_W2",2020-02-10,"群馬県",1973630,0.0312064980112013,0.0889024903687509,3.78632848530003e-09,1.69647266403669e-08
"40","202002_W2",2020-02-10,"茨城県",2832301,0.0558072311963968,0.145558318727137,6.82478964853609e-09,2.53886885687724e-08
"41","202002_W2",2020-02-10,"長野県",2141422,0.0484315789018788,0.130443724787289,9.09075209787744e-09,2.83445297436308e-08
"42","202002_W2",2020-02-10,"静岡県",3745180,0.0738762953990994,0.241836051975547,1.07093057158881e-08,3.97644507792125e-08
"43","202002_W3",2020-02-17,"山梨県",846463,0.0601020938565404,0.0791589294939593,6.96264464482739e-09,1.37936830408847e-08
"44","202002_W3",2020-02-17,"栃木県",1976637,1.01420386013526,1.0300999542414,4.96817133743111e-07,5.00464938328494e-07
"45","202002_W3",2020-02-17,"群馬県",1982478,0.0953494182298374,0.115063787996209,1.77723073055021e-08,2.53730288621653e-08
"46","202002_W3",2020-02-17,"茨城県",2838767,0.14312223088576,0.181872222255638,2.53485070405908e-08,3.35079394525769e-08
"47","202002_W3",2020-02-17,"長野県",2158987,0.136009870321204,2.14311068979279,2.78632316128512e-08,9.95948464201916e-07
"48","202002_W3",2020-02-17,"静岡県",3773292,0.258428477165107,1.33969714279474,4.19194102836898e-08,3.26029076709021e-07
"49","202002_W4",2020-02-24,"山梨県",843426,0.0901049277551636,2.05708273811981,1.54576730213816e-08,2.38156196106903e-06
"50","202002_W4",2020-02-24,"栃木県",1979996,1.04026758253237,1.12875476535669,5.03963236410319e-07,5.24710353671811e-07
"51","202002_W4",2020-02-24,"群馬県",1980774,0.125090206616557,1.1694508083235,2.66683454419621e-08,5.31737791765082e-07
"52","202002_W4",2020-02-24,"茨城県",2859256,0.187514192610668,0.287597266290823,3.54336351078665e-08,5.56388326710265e-08
"53","202002_W4",2020-02-24,"長野県",2141839,2.14331899924138,3.35743483811854,9.90776419051733e-07,1.52010942920684e-06
"54","202002_W4",2020-02-24,"静岡県",3749760,1.37211620648883,1.75584507805449,3.33423637771037e-07,4.10302929585173e-07
"55","202003_W1",2020-03-02,"山梨県",837422,2.07334580019903,2.11727423896614,2.41081193687648e-06,2.38792124943708e-06
"56","202003_W1",2020-03-02,"栃木県",1977074,1.12625830224126,1.3098930764577,5.26917713221332e-07,5.68316132444962e-07
"57","202003_W1",2020-03-02,"群馬県",1975256,1.15839818075777,5.17390227263634,5.32385035488706e-07,2.52135019276033e-06
"58","202003_W1",2020-03-02,"茨城県",2872277,0.279637782617616,0.491387045000498,5.27953681376321e-08,8.80220072364862e-08
"59","202003_W1",2020-03-02,"長野県",2128251,3.30209655139631,2.62042861552684,1.5139563072999e-06,1.09075393898753e-06
"60","202003_W1",2020-03-02,"静岡県",3742953,1.67622840094356,3.0785464623137,3.88934207084624e-07,7.3504558594853e-07
"61","202003_W2",2020-03-09,"山梨県",843208,2.10543907299079,0.212099492904899,2.41313111555764e-06,2.9383095135552e-08
"62","202003_W2",2020-03-09,"栃木県",1984436,1.28337628308115,2.42611632269916,5.64368023462886e-07,1.11198085034687e-06
"63","202003_W2",2020-03-09,"群馬県",1974374,5.14628342148758,10.0677578835058,2.52263182006634e-06,5.00065298121236e-06
"64","202003_W2",2020-03-09,"茨城県",2871333,0.472955811384076,4.42438054051603,8.37798422393481e-08,1.43454662471628e-06
"65","202003_W2",2020-03-09,"長野県",2125260,2.50394923240455,1.5750477252257,1.07825147914365e-06,6.01124591070002e-07
"66","202003_W2",2020-03-09,"静岡県",3745371,2.93243488440177,2.93384509194637,7.02503040962071e-07,7.01798577974483e-07
"67","202003_W3",2020-03-16,"山梨県",864284,0.205521579968739,2.58235888655556,2.86933071065914e-08,2.47381467714982e-06
"68","202003_W3",2020-03-16,"栃木県",2008292,2.42659586558413,10.7729046695837,1.11071402368902e-06,5.18683888679055e-06
"69","202003_W3",2020-03-16,"群馬県",1986549,10.0519737724436,13.5519365209932,5.001571327356e-06,6.58674465539569e-06
"70","202003_W3",2020-03-16,"茨城県",2884111,4.42605090515654,17.2382046271446,1.43242302583319e-06,5.63328054991926e-06
"71","202003_W3",2020-03-16,"長野県",2150739,1.50937982861091,5.01638278370997,5.91575351932396e-07,2.12261532907369e-06
"72","202003_W3",2020-03-16,"静岡県",3790235,2.90689904687392,2.87772926810463,6.92552637737357e-07,5.63101028087071e-07
"73","202003_W4",2020-03-23,"山梨県",843544,2.90256764839826,13.9256164310172,2.48698770053532e-06,1.456277655551e-05
"74","202003_W4",2020-03-23,"栃木県",1985433,11.0953586588474,16.1888040995868,5.2096614939568e-06,7.13833769062514e-06
"75","202003_W4",2020-03-23,"群馬県",1975586,13.7664627277578,17.5053502959872,6.59892858152283e-06,7.8673251467393e-06
"76","202003_W4",2020-03-23,"茨城県",2870132,17.4540118398446,61.5898320562768,5.64667695934526e-06,2.05458357911946e-05
"77","202003_W4",2020-03-23,"長野県",2115167,5.36741570923024,11.3550490042034,2.15784438658757e-06,4.53576464969419e-06
"78","202003_W4",2020-03-23,"静岡県",3753875,3.47072616082679,18.6614477806217,6.33004601297584e-07,4.46552197775758e-06
"79","202004_W1",2020-03-30,"山梨県",842342,13.5885743308312,33.8985688194334,1.4618909284129e-05,3.75823441348274e-05
"80","202004_W1",2020-03-30,"栃木県",1977722,15.7377309493273,28.8665630976565,7.06556953760854e-06,1.28466935924747e-05
"81","202004_W1",2020-03-30,"群馬県",1967710,17.1517872859339,74.7272978284903,7.82589242936415e-06,3.64276326322768e-05
"82","202004_W1",2020-03-30,"茨城県",2876018,61.4452530258339,96.3671537110772,2.05913957442927e-05,3.21009841649299e-05
"83","202004_W1",2020-03-30,"長野県",2100567,10.7005795070101,26.4916453394095,4.39471423412937e-06,1.1383907851807e-05
"84","202004_W1",2020-03-30,"静岡県",3726802,18.1180326288984,45.8606735541504,4.42942069227128e-06,1.15628797684215e-05
"85","202004_W2",2020-04-06,"山梨県",837744,33.0846267451276,37.7779043665738,3.7803915131385e-05,4.26471625424373e-05
"86","202004_W2",2020-04-06,"栃木県",1978934,27.5734608695571,34.7627907563747,1.27314032787275e-05,1.593607292124e-05
"87","202004_W2",2020-04-06,"群馬県",1972124,73.8260104854561,98.3719486725031,3.64344060861905e-05,4.84643926876286e-05
"88","202004_W2",2020-04-06,"茨城県",2884750,95.8008738531593,81.0470816984347,3.21873018385658e-05,2.65619354158963e-05
"89","202004_W2",2020-04-06,"長野県",2100834,24.5576695786107,44.6359068759375,1.1067733144022e-05,2.05132949541953e-05
"90","202004_W2",2020-04-06,"静岡県",3719283,43.2762805141566,44.6774636158896,1.12375102566288e-05,1.13359677450885e-05
"91","202004_W3",2020-04-13,"山梨県",838280,37.346119496881,19.2361249715292,4.28993183852809e-05,2.09551183515462e-05
"92","202004_W3",2020-04-13,"栃木県",1976893,33.8886134613459,23.0224045946807,1.58813045615365e-05,1.04934787376783e-05
"93","202004_W3",2020-04-13,"群馬県",1978344,97.9139318900339,53.7281728701402,4.85856425315959e-05,2.60812193974268e-05
"94","202004_W3",2020-04-13,"茨城県",2901326,80.4902087680393,57.0087738656817,2.66085227310445e-05,1.8584496306229e-05
"95","202004_W3",2020-04-13,"長野県",2097832,43.4809214356036,39.8746529865803,2.03769431774855e-05,1.86929845085864e-05
"96","202004_W3",2020-04-13,"静岡県",3719842,42.1234066680758,28.242680618751,1.09577785710293e-05,7.16272959616225e-06
"97","202004_W4",2020-04-20,"山梨県",837264,18.8849638391092,8.48600123810606,2.10287666346477e-05,8.75946976546523e-06
"98","202004_W4",2020-04-20,"栃木県",1976227,22.4993487482897,10.3812745875205,1.0430437515085e-05,4.52723113250713e-06
"99","202004_W4",2020-04-20,"群馬県",1974279,53.5746648379035,25.904931634775,2.61875327189458e-05,1.23916492481038e-05
"100","202004_W4",2020-04-20,"茨城県",2903365,56.5720080157085,29.0762915887315,1.86041207999374e-05,9.3500584917974e-06
"101","202004_W4",2020-04-20,"長野県",2100844,39.542841200202,19.795291840028,1.86644283093503e-05,9.16157194753392e-06
"102","202004_W4",2020-04-20,"静岡県",3718639,26.8496713571005,24.4253163004864,6.95104598046594e-06,6.33611211398931e-06
"103","202004_W5",2020-04-27,"山梨県",837595,8.36683327828762,4.85199022596611,8.75962700752158e-06,5.0035876474167e-06
"104","202004_W5",2020-04-27,"栃木県",1975767,10.1876795480921,3.28859667038234,4.48169485408776e-06,1.21524126628565e-06
"105","202004_W5",2020-04-27,"群馬県",1973922,25.857087684445,7.30550756412614,1.24306995467336e-05,3.20991772715834e-06
"106","202004_W5",2020-04-27,"茨城県",2903315,28.9441832941316,8.84640315474259,9.37908598804867e-06,2.64514341478007e-06
"107","202004_W5",2020-04-27,"長野県",2105400,19.669563632975,9.98782471321885,9.13511341191725e-06,4.56826356617344e-06
"108","202004_W5",2020-04-27,"静岡県",3717371,24.0472570047905,11.7877960011525,6.27948545249969e-06,3.00220446417057e-06
"109","202005_W1",2020-05-04,"山梨県",835496,4.87931830488436,1.43135155006425,5.01068342616417e-06,1.27280379444282e-06
"110","202005_W1",2020-05-04,"栃木県",1972270,3.29590584778798,6.52725010231081,1.20913296726512e-06,3.12883461122941e-06
"111","202005_W1",2020-05-04,"群馬県",1971119,7.2709608742973,1.76142330885178,3.19888519289087e-06,6.21973949031342e-07
"112","202005_W1",2020-05-04,"茨城県",2900861,8.84413822326322,3.99449649671858,2.64556253648209e-06,1.17942027410402e-06
"113","202005_W1",2020-05-04,"長野県",2104381,10.004720814732,6.49148275321917,4.57709425503106e-06,3.01792562790027e-06
"114","202005_W1",2020-05-04,"静岡県",3711031,11.7293386650722,0.915837863116143,2.99386579119131e-06,1.26050334752638e-07
"115","202005_W2",2020-05-11,"山梨県",835355,1.48588666409297,4.2342275393872,1.27887921827115e-06,4.93131392348217e-06
"116","202005_W2",2020-05-11,"栃木県",1972121,6.52931852207085,8.14498324000259,3.12996943476109e-06,4.10243617743155e-06
"117","202005_W2",2020-05-11,"群馬県",1971121,1.73497762357014,2.33579582066303,6.16362278482647e-07,1.08275557220296e-06
"118","202005_W2",2020-05-11,"茨城県",2899821,4.0122582498823,0.589124965366031,1.17528606069245e-06,1.05523446497497e-07
"119","202005_W2",2020-05-11,"長野県",2102127,6.52844480606627,1.26771204551523,3.02108049595348e-06,5.50170322869917e-07
"120","202005_W2",2020-05-11,"静岡県",3720237,0.90866193762308,2.54608128136043,1.20873739412303e-07,6.41660666477286e-07
"121","202005_W3",2020-05-18,"山梨県",834969,4.2261139453909,7.13584853747009,4.93232332252456e-06,8.60104284047366e-06
"122","202005_W3",2020-05-18,"栃木県",1976230,8.12059251128104,5.09601647045923,4.09519728655102e-06,2.56544095261607e-06
"123","202005_W3",2020-05-18,"群馬県",1974935,2.32350114057706,2.18799255286963,1.0796602235942e-06,1.05421563974085e-06
"124","202005_W3",2020-05-18,"茨城県",2900399,0.593498091671831,0.38519416492792,1.06651117024948e-07,6.7837927492555e-08
"125","202005_W3",2020-05-18,"長野県",2102344,1.24407029587604,0.180338439243331,5.45917229937156e-07,5.69130203667419e-08
"126","202005_W3",2020-05-18,"静岡県",3722459,2.53647710878553,3.36700762127091,6.41691727180974e-07,9.06198980296303e-07
"127","202005_W4",2020-05-25,"山梨県",836981,7.13176935747469,7.16613690603868,8.5971477294979e-06,8.59905053384567e-06
"128","202005_W4",2020-05-25,"栃木県",1973159,5.08948323917341,2.19164167486058,2.56001190723342e-06,1.04260336500725e-06
"129","202005_W4",2020-05-25,"群馬県",1973313,2.20021768218335,2.18474793214222,1.05753334912243e-06,1.03828762760549e-06
"130","202005_W4",2020-05-25,"茨城県",2897934,0.414363464830026,0.455479808165123,7.60715487731415e-08,6.13983546220085e-08
"131","202005_W4",2020-05-25,"長野県",2099097,0.1688520135222,0.206279719488348,5.98805253402888e-08,5.77410934776966e-08
"132","202005_W4",2020-05-25,"静岡県",3722864,3.39771977297244,1.42469527588431,9.09179139020301e-07,3.56905861722253e-07
"133","202006_W1",2020-06-01,"山梨県",836579,7.17639080222559,7.21143439365613,8.58560261223961e-06,8.58486281157585e-06
"134","202006_W1",2020-06-01,"栃木県",1970890,2.20237010364366,1.29468632410586,1.04442722726557e-06,5.45337073436363e-07
"135","202006_W1",2020-06-01,"群馬県",1971661,2.19497562922747,2.27898600442583,1.03668224556379e-06,1.04338742550187e-06
"136","202006_W1",2020-06-01,"茨城県",2885364,0.483075521039612,0.6221739047123,6.41346481210074e-08,7.41212446995707e-08
"137","202006_W1",2020-06-01,"長野県",2104251,0.202658308994962,0.244680769395245,5.84260137017587e-08,6.02683595676263e-08
"138","202006_W1",2020-06-01,"静岡県",3724546,1.46308084437467,2.49735177306601,3.59710757683745e-07,6.33537344040433e-07
"139","202006_W2",2020-06-08,"山梨県",837829,7.21670043452241,5.35285642961674,8.53536042076807e-06,6.13326530891931e-06
"140","202006_W2",2020-06-08,"栃木県",1976843,1.3310651828664,0.468945184781739,5.47516144480088e-07,5.1289672298196e-08
"141","202006_W2",2020-06-08,"群馬県",1970623,2.31175054385628,0.498885724757851,1.04369074121316e-06,5.19927365001095e-08
"142","202006_W2",2020-06-08,"茨城県",2881468,0.669647104562719,2.73824445032678,7.87385239809349e-08,7.56681983228814e-07
"143","202006_W2",2020-06-08,"長野県",2101847,0.308207702134668,1.38126741795586,6.79019346489837e-08,5.48742448210246e-07
"144","202006_W2",2020-06-08,"静岡県",3724588,2.57065269935143,5.69284292301528,6.44738389452782e-07,1.46117492604131e-06
"145","202006_W3",2020-06-15,"山梨県",847227,5.34550046729919,3.58812334427798,6.09333008070698e-06,3.69200096987477e-06
"146","202006_W3",2020-06-15,"栃木県",1984353,0.501953654225062,8.60813861698653,5.5447591182721e-08,4.10978723983167e-06
"147","202006_W3",2020-06-15,"群馬県",1974242,0.527882789110322,2.02314445735168,5.59057408488149e-08,6.49560907071022e-07
"148","202006_W3",2020-06-15,"茨城県",2880287,2.77310318864656,6.270872774291,7.59791550984783e-07,1.87143736043008e-06
"149","202006_W3",2020-06-15,"長野県",2111630,1.4071840177137,1.58401980097764,5.55173169499011e-07,5.61690747922193e-07
"150","202006_W3",2020-06-15,"静岡県",3737514,5.7603155553462,4.11446811518473,1.46988895048995e-06,9.4468026339967e-07
"151","202006_W4",2020-06-22,"山梨県",852124,3.74360735219309,4.44895597145747,3.70049837420143e-06,3.76742417410671e-06
"152","202006_W4",2020-06-22,"栃木県",1990244,8.72133175399623,22.2906811130573,4.11020714239564e-06,1.07439716149513e-05
"153","202006_W4",2020-06-22,"群馬県",1979049,2.14119252735569,6.2711064932875,6.6310641173137e-07,2.35278037655369e-06
"154","202006_W4",2020-06-22,"茨城県",2876527,6.41700791514153,15.7617594724589,1.8800979655876e-06,4.80635280501454e-06
"155","202006_W4",2020-06-22,"長野県",2114271,1.68329354138063,1.29125350049209,5.73707773695725e-07,1.52816368028887e-07
"156","202006_W4",2020-06-22,"静岡県",3738637,4.2842359517459,8.45214874016762,9.59593212298258e-07,1.90209863592225e-06
"157","202007_W1",2020-06-29,"山梨県",838830,4.68597902102758,5.14436991779416,3.78259006647447e-06,2.70070462575859e-06
"158","202007_W1",2020-06-29,"栃木県",1979597,22.4745499227514,24.2532420256714,1.07550470849307e-05,1.09641823556761e-05
"159","202007_W1",2020-06-29,"群馬県",1969072,6.45838281748046,7.40302146473527,2.36868424204289e-06,2.08808100099337e-06
"160","202007_W1",2020-06-29,"茨城県",2868177,15.8621378902938,30.9699061957323,4.81545476679052e-06,9.44403006153435e-06
"161","202007_W1",2020-06-29,"長野県",2108921,1.47953989047669,3.67879320151375,1.74894149266982e-07,7.80861693400031e-07
"162","202007_W1",2020-06-29,"静岡県",3720802,8.76403495356871,19.0573191820885,1.92508829586603e-06,4.34375056811024e-06
"163","202007_W2",2020-07-06,"山梨県",840785,4.75845290943791,7.17310981970339,2.66386876979813e-06,4.01058868518293e-06
"164","202007_W2",2020-07-06,"栃木県",1973858,24.1539883522539,50.2573426949569,1.09545795251905e-05,2.37018052768389e-05
"165","202007_W2",2020-07-06,"群馬県",1971972,7.17974324374077,18.1009890351316,2.06274420458395e-06,6.89628160666269e-06
"166","202007_W2",2020-07-06,"茨城県",2868138,30.759131093224,49.3343497369008,9.41949584899563e-06,1.52581897508646e-05
"167","202007_W2",2020-07-06,"長野県",2106787,3.76711212895004,11.2348456410241,7.86386315547444e-07,3.88911078469201e-06
"168","202007_W2",2020-07-06,"静岡県",3721599,18.6763468508364,29.5390342547853,4.31290618592104e-06,6.84426523344285e-06
"169","202007_W3",2020-07-13,"山梨県",844704,6.80947659964012,14.7358808393047,3.9831017658468e-06,1.25375159451555e-05
"170","202007_W3",2020-07-13,"栃木県",1979978,49.9048352605117,72.5674405366228,2.3612983578779e-05,3.48181501853026e-05
"171","202007_W3",2020-07-13,"群馬県",1976549,18.0314874524673,31.2084786126008,6.89588355942774e-06,1.31389790461942e-05
"172","202007_W3",2020-07-13,"茨城県",2872777,49.3221750247811,52.7964127263325,1.52363978992505e-05,1.59917436171784e-05
"173","202007_W3",2020-07-13,"長野県",2112823,11.1840655380163,19.8431715118759,3.88536720607332e-06,7.58543591304644e-06
"174","202007_W3",2020-07-13,"静岡県",3734955,29.1652444908835,101.968067747503,6.81866096283118e-06,2.63448799210455e-05
"175","202007_W4",2020-07-20,"山梨県",879320,14.9675685395103,31.2260421185365,1.25925594959416e-05,3.08850395682762e-05
"176","202007_W4",2020-07-20,"栃木県",1997233,72.6851631519244,73.0672916170304,3.47813508091143e-05,3.42120221774139e-05
"177","202007_W4",2020-07-20,"群馬県",1984348,31.5903267101426,34.5937638461926,1.32005195154968e-05,1.40105323914229e-05
"178","202007_W4",2020-07-20,"茨城県",2888484,52.8019222848012,107.327865635883,1.5987150752702e-05,3.43691909110874e-05
"179","202007_W4",2020-07-20,"長野県",2170827,19.8941295452677,41.5380302180878,7.62098080491039e-06,1.73798059626527e-05
"180","202007_W4",2020-07-20,"静岡県",3772115,102.648599626048,215.263746920028,2.64456945079964e-05,5.66339904021555e-05
"181","202007_W5",2020-07-27,"山梨県",851215,34.6288617804456,55.1809997182122,3.11117096930189e-05,5.41651730054484e-05
"182","202007_W5",2020-07-27,"栃木県",1980791,75.4940892731863,94.7298751570671,3.4407128309864e-05,4.34486339274077e-05
"183","202007_W5",2020-07-27,"群馬県",1972168,36.6760958237162,60.1658718891393,1.42508292097661e-05,2.55398113200228e-05
"184","202007_W5",2020-07-27,"茨城県",2884234,108.710618383262,168.074853297114,3.45390175160903e-05,5.45859330428599e-05
"185","202007_W5",2020-07-27,"長野県",2129845,47.7159221621745,56.8706638304763,1.81932555783102e-05,2.19125011346414e-05
"186","202007_W5",2020-07-27,"静岡県",3736658,220.340976053347,207.433010365366,5.72128784926895e-05,5.3090292506356e-05
"187","202008_W1",2020-08-03,"山梨県",882321,55.8270233933323,48.7673668509622,5.42457341053113e-05,4.57527470941364e-05
"188","202008_W1",2020-08-03,"栃木県",1986576,94.4142979116166,88.7272433999291,4.34507278701513e-05,4.06452287704842e-05
"189","202008_W1",2020-08-03,"群馬県",1994398,60.2047211575177,116.003825568633,2.56813799971314e-05,5.46009346917224e-05
"190","202008_W1",2020-08-03,"茨城県",2881062,168.589342620851,144.172617072736,5.48647937344094e-05,4.64691106257539e-05
"191","202008_W1",2020-08-03,"長野県",2178406,58.1267536558456,49.6843011360831,2.20492609751741e-05,1.83184525308445e-05
"192","202008_W1",2020-08-03,"静岡県",3773321,206.163350181945,138.280030372056,5.28566321043548e-05,3.44327607805697e-05
"193","202008_W2",2020-08-10,"山梨県",917528,48.6710208343559,46.7725521275083,4.58703891848792e-05,4.55730953267469e-05
"194","202008_W2",2020-08-10,"栃木県",2012398,87.8075780910759,54.0731366034141,4.05931457907044e-05,2.38225469355747e-05
"195","202008_W2",2020-08-10,"群馬県",2003490,115.560579584931,159.310337996249,5.4547887494679e-05,7.77467543688418e-05
"196","202008_W2",2020-08-10,"茨城県",2873740,143.812009675777,117.934876616448,4.6679226209322e-05,3.80653633942214e-05
"197","202008_W2",2020-08-10,"長野県",2258628,48.1384590075334,55.40081360478,1.79720400756735e-05,2.25373881257668e-05
"198","202008_W2",2020-08-10,"静岡県",3790417,136.379847500272,98.9429008056084,3.4084132689157e-05,2.44883091768398e-05
"199","202008_W3",2020-08-17,"山梨県",871057,52.0922660003369,46.7188463222095,4.55445964344341e-05,4.10716078811826e-05
"200","202008_W3",2020-08-17,"栃木県",1987332,58.2032120723558,41.365572409443,2.42555396395298e-05,1.61197897937471e-05
"201","202008_W3",2020-08-17,"群馬県",1980373,161.987365514007,146.574498603896,7.74729366464224e-05,7.0093166191948e-05
"202","202008_W3",2020-08-17,"茨城県",2875530,119.581849750008,104.446641849651,3.81520801379257e-05,3.31942952817574e-05
"203","202008_W3",2020-08-17,"長野県",2140689,65.4086386316621,120.508256982987,2.40274532310954e-05,5.20701267084767e-05
"204","202008_W3",2020-08-17,"静岡県",3753123,107.372244448025,88.7603950693097,2.55316280169986e-05,2.0978465274495e-05
"205","202008_W4",2020-08-24,"山梨県",857197,46.2064563076535,20.9685498819656,4.06036459954167e-05,1.20905478903311e-05
"206","202008_W4",2020-08-24,"栃木県",1985525,41.292101206013,32.8634278860871,1.61591909083505e-05,1.26091592250635e-05
"207","202008_W4",2020-08-24,"群馬県",1979358,145.893092410919,108.592539758877,6.99009789304169e-05,5.15375555642836e-05
"208","202008_W4",2020-08-24,"茨城県",2869012,104.146828039414,89.650834188599,3.30676353629672e-05,2.85726826736647e-05
"209","202008_W4",2020-08-24,"長野県",2140545,120.796361217167,129.904147982501,5.2345156405726e-05,5.7862294427324e-05
"210","202008_W4",2020-08-24,"静岡県",3744544,88.9442115301594,73.7892009806229,2.11071675311089e-05,1.73270147391556e-05
"211","202009_W1",2020-08-31,"山梨県",848468,17.0484451566649,13.2389471031515,1.17622986311707e-05,7.98986947377111e-06
"212","202009_W1",2020-08-31,"栃木県",1975375,29.8830747448283,42.113698998849,1.22878019698733e-05,1.90433563370691e-05
"213","202009_W1",2020-08-31,"群馬県",1975683,106.536330998391,112.699218016888,5.1627032287203e-05,5.52999840839502e-05
"214","202009_W1",2020-08-31,"茨城県",2872357,88.106857016576,75.3266729643609,2.84355878129589e-05,2.4250663817385e-05
"215","202009_W1",2020-08-31,"長野県",2122705,123.444564002452,55.1103214070817,5.71514514049792e-05,2.40361918071919e-05
"216","202009_W1",2020-08-31,"静岡県",3735567,68.6496992334512,38.4813723006921,1.67005953470309e-05,8.48906181275585e-06
"217","202009_W2",2020-09-07,"山梨県",857065,12.0163189484722,10.1309108906531,7.84830371718699e-06,5.43287149945829e-06
"218","202009_W2",2020-09-07,"栃木県",1982773,41.3708520214547,81.9585054997527,1.89640631391225e-05,4.00030243960543e-05
"219","202009_W2",2020-09-07,"群馬県",1977278,112.323313119981,180.462779766211,5.53588931119451e-05,9.05212493662201e-05
"220","202009_W2",2020-09-07,"茨城県",2874624,74.8675079970817,50.0919438131411,2.42025841552093e-05,1.55425076460757e-05
"221","202009_W2",2020-09-07,"長野県",2129410,53.9593842083414,21.4147273672118,2.39632953143338e-05,7.97090786199444e-06
"222","202009_W2",2020-09-07,"静岡県",3729986,36.9038417864048,40.4985532142602,8.32016788972597e-06,9.19893311460132e-06
"223","202009_W3",2020-09-14,"山梨県",876932,9.7978543604858,8.24723158643954,5.41321529280379e-06,4.15266898229051e-06
"224","202009_W3",2020-09-14,"栃木県",1994766,81.7744516999883,91.3716339583613,3.99945689852317e-05,4.51711877658705e-05
"225","202009_W3",2020-09-14,"群馬県",1991883,180.2071062166,152.136681879856,9.05389194112039e-05,7.626544631028e-05
"226","202009_W3",2020-09-14,"茨城県",2868479,50.2323666296059,35.1989693199499,1.55716328707143e-05,1.04985707130275e-05
"227","202009_W3",2020-09-14,"長野県",2180532,20.5877202275339,14.9753717346483,7.8912346855034e-06,5.33110636489364e-06
"228","202009_W3",2020-09-14,"静岡県",3758287,39.788675357058,38.5675936009192,9.11190602962521e-06,8.94759351725753e-06
"229","202009_W4",2020-09-21,"山梨県",886161,9.63911254126177,20.4177060116041,4.27804107446199e-06,1.73261664669289e-05
"230","202009_W4",2020-09-21,"栃木県",2002683,92.3671987120074,55.1038828790905,4.51409286758648e-05,2.56514339472111e-05
"231","202009_W4",2020-09-21,"群馬県",2000272,152.960981125803,69.8425851614089,7.62010551996636e-05,3.3152028861018e-05
"232","202009_W4",2020-09-21,"茨城県",2880941,36.1684740520511,60.5050984844811,1.06098351127324e-05,1.89333968795088e-05
"233","202009_W4",2020-09-21,"長野県",2188308,17.1698781684837,20.2177160289624,5.64578987250496e-06,7.0706693657234e-06
"234","202009_W4",2020-09-21,"静岡県",3767450,40.4508342127596,48.2976061986234,9.15925063916834e-06,1.14195070435728e-05
"235","202010_W1",2020-09-28,"山梨県",854678,22.1470656042655,23.8082126826527,1.74352829185107e-05,1.8722321692282e-05
"236","202010_W1",2020-09-28,"栃木県",1978700,56.2012994072412,28.1801040749307,2.56464400896296e-05,1.06879911320158e-05
"237","202010_W1",2020-09-28,"群馬県",1984173,71.0435233074605,67.3047405674899,3.3189646084907e-05,3.07314957980511e-05
"238","202010_W1",2020-09-28,"茨城県",2867270,61.594222614019,80.9381076496357,1.90685447000475e-05,2.54175146474372e-05
"239","202010_W1",2020-09-28,"長野県",2134819,22.8048382052569,26.3989430103145,7.40014398399244e-06,8.88837483125081e-06
"240","202010_W1",2020-09-28,"静岡県",3733769,50.7215576711714,49.3779214239432,1.17048007975481e-05,1.12369195142868e-05
"241","202010_W2",2020-10-05,"山梨県",844798,22.7475065096722,13.2994644233474,1.85961300294014e-05,6.79159480237413e-06
"242","202010_W2",2020-10-05,"栃木県",1979277,27.0792143233027,37.7044532342136,1.05750489526032e-05,1.59737167332381e-05
"243","202010_W2",2020-10-05,"群馬県",1979616,66.5558373310122,53.804367953171,3.07078970658839e-05,2.3937155308654e-05
"244","202010_W2",2020-10-05,"茨城県",2863171,80.49601529286,63.0558732851102,2.5398369372235e-05,1.92966364476894e-05
"245","202010_W2",2020-10-05,"長野県",2136609,24.5576640775353,22.5877731993587,8.65167705524357e-06,7.57519291385945e-06
"246","202010_W2",2020-10-05,"静岡県",3726429,47.5638430755483,34.1221857528814,1.10451698198248e-05,7.24018454263499e-06
"247","202010_W3",2020-10-12,"山梨県",858806,10.7422784137185,11.6519659604872,6.57642723611058e-06,7.78349851248284e-06
"248","202010_W3",2020-10-12,"栃木県",1987228,36.0803373382847,40.0493729823513,1.57994762376984e-05,1.79830319516978e-05
"249","202010_W3",2020-10-12,"群馬県",1984994,52.4956874876302,111.409460621981,2.38283226365048e-05,5.42967952276806e-05
"250","202010_W3",2020-10-12,"茨城県",2865266,61.5939183531218,42.6504891638888,1.91314537354964e-05,1.26031999707496e-05
"251","202010_W3",2020-10-12,"長野県",2145807,20.0802644677486,21.3212798913616,7.28401845598298e-06,7.91272336178392e-06
"252","202010_W3",2020-10-12,"静岡県",3734200,31.2939058491492,37.6905588207998,6.91820214681062e-06,8.68523163107086e-06
"253","202010_W4",2020-10-19,"山梨県",868318,11.6115995585408,22.4796646323999,7.80749681377913e-06,2.09845374297854e-05
"254","202010_W4",2020-10-19,"栃木県",1999539,40.7005710740799,32.4085800247682,1.81172911339483e-05,1.37841728903744e-05
"255","202010_W4",2020-10-19,"群馬県",1991543,111.36966026004,129.651255233717,5.41679287445947e-05,6.35927384659789e-05
"256","202010_W4",2020-10-19,"茨城県",2870848,42.7948039233068,52.1786559529841,1.26053135283941e-05,1.58165663426725e-05
"257","202010_W4",2020-10-19,"長野県",2153355,21.6791933593579,25.4836640674462,7.95832416844383e-06,9.64599220277027e-06
"258","202010_W4",2020-10-19,"静岡県",3747119,37.8498393724567,94.1755724791363,8.68216257486175e-06,2.4027000472307e-05
"259","202010_W5",2020-10-26,"山梨県",868347,23.6663752029549,45.5104154017998,2.11294653652549e-05,4.64070189209909e-05
"260","202010_W5",2020-10-26,"栃木県",2003476,33.7074530013381,32.1698635410061,1.39724201273479e-05,1.24996833651144e-05
"261","202010_W5",2020-10-26,"群馬県",1989742,130.137485987934,66.3519838116764,6.35394619318149e-05,3.0031426285482e-05
"262","202010_W5",2020-10-26,"茨城県",2860666,53.2131503800362,87.8755224567791,1.59184331671945e-05,2.76084003044037e-05
"263","202010_W5",2020-10-26,"長野県",2146844,26.4384799354161,47.4213380320658,9.78515501323158e-06,1.93655603636239e-05
"264","202010_W5",2020-10-26,"静岡県",3746591,95.5151666573203,173.958220063548,2.4162511299803e-05,4.52806732595088e-05
"265","202011_W1",2020-11-02,"山梨県",867012,46.043711724589,78.1263121866533,4.6379209706585e-05,8.15132970878065e-05
"266","202011_W1",2020-11-02,"栃木県",2001904,32.5210659703998,44.0442292980424,1.25425477057279e-05,1.65887843109743e-05
"267","202011_W1",2020-11-02,"群馬県",1987862,66.8227583712614,69.2146350085427,3.01079658617131e-05,2.94748483521315e-05
"268","202011_W1",2020-11-02,"茨城県",2873181,87.8484125919812,206.499394711693,2.75671583077537e-05,6.78205029516032e-05
"269","202011_W1",2020-11-02,"長野県",2139052,47.5443323072006,133.62738905031,1.93642257335192e-05,5.9835851449706e-05
"270","202011_W1",2020-11-02,"静岡県",3751095,174.928365276016,246.35620534311,4.54076436621727e-05,6.40805095717112e-05
"271","202011_W2",2020-11-09,"山梨県",859133,78.1699510173986,94.5624992983062,8.12681608990184e-05,9.41861238672928e-05
"272","202011_W2",2020-11-09,"栃木県",1991095,44.1142171298095,99.142928364947,1.65514828588616e-05,4.19194824863626e-05
"273","202011_W2",2020-11-09,"群馬県",1988682,68.8595605705529,139.09576497558,2.94100042045208e-05,6.27930714793211e-05
"274","202011_W2",2020-11-09,"茨城県",2876286,206.970266948104,439.982978305628,6.80880957351151e-05,0.000147732908145061
"275","202011_W2",2020-11-09,"長野県",2128967,132.790494530715,257.080471617312,5.96600292643495e-05,0.00011787684873074
"276","202011_W2",2020-11-09,"静岡県",3746548,247.129954117429,502.924710160693,6.42144529689555e-05,0.000132734904652312
"277","202011_W3",2020-11-16,"山梨県",865326,93.2857338292899,75.8215436405376,9.38740038667949e-05,6.83751259833276e-05
"278","202011_W3",2020-11-16,"栃木県",1997633,98.3734632980374,146.407540712095,4.1740022448711e-05,6.50119377022473e-05
"279","202011_W3",2020-11-16,"群馬県",1988286,138.52836992081,255.830675087946,6.2764164995928e-05,0.000121890748900426
"280","202011_W3",2020-11-16,"茨城県",2876104,440.898876578539,575.147977608919,0.000147975659630752,0.000194128225422961
"281","202011_W3",2020-11-16,"長野県",2141146,254.853296473027,265.123163188792,0.000117571949902509,0.000121219614131313
"282","202011_W3",2020-11-16,"静岡県",3765881,502.901287343644,777.566215270343,0.000132782588012841,0.000207077434191951
"283","202011_W4",2020-11-23,"山梨県",859408,76.0526876129974,123.346849869045,6.82843161620756e-05,0.000126108467035708
"284","202011_W4",2020-11-23,"栃木県",1988644,146.569784887665,204.670523694764,6.49601450593341e-05,9.46959758888829e-05
"285","202011_W4",2020-11-23,"群馬県",1979649,256.204722776535,356.986346101337,0.000121807671634127,0.000173232434558516
"286","202011_W4",2020-11-23,"茨城県",2881169,575.542660439553,585.348897138475,0.000193918130734166,0.000197458422332264
"287","202011_W4",2020-11-23,"長野県",2122637,265.201896758105,222.460380710848,0.000121212923171238,0.000100237940577371
"288","202011_W4",2020-11-23,"静岡県",3763551,780.224573651943,766.352612513538,0.000207297494816356,0.000203719021493074
"289","202012_W1",2020-11-30,"山梨県",846278,123.396029102136,133.467989333827,0.000126982562169925,0.000137234618010126
"290","202012_W1",2020-11-30,"栃木県",1976303,203.882207533895,263.370912090681,9.46206249060931e-05,0.00012440385810506
"291","202012_W1",2020-11-30,"群馬県",1973423,356.007303785464,469.05469507296,0.000173238819855738,0.00023008678760396
"292","202012_W1",2020-11-30,"茨城県",2872302,585.874635507873,467.794334114944,0.000197759193513006,0.000155763846288529
"293","202012_W1",2020-11-30,"長野県",2103961,221.149484865699,280.504843562347,0.000100094936513172,0.000128366934539352
"294","202012_W1",2020-11-30,"静岡県",3743276,768.195947568441,607.518232241015,0.000203945754626991,0.000159367356578696
"295","202012_W2",2020-12-07,"山梨県",844473,129.608219204527,86.8980044755818,0.000137774104987649,8.20094284147087e-05
"296","202012_W2",2020-12-07,"栃木県",1979053,258.789547130919,297.593131617133,0.000124087324120794,0.000142944447584783
"297","202012_W2",2020-12-07,"群馬県",1979357,466.454977849414,554.448518709654,0.000230326306270708,0.000274188932719524
"298","202012_W2",2020-12-07,"茨城県",2879249,466.042489645223,333.488432495446,0.000156030607657924,0.000108379058699669
"299","202012_W2",2020-12-07,"長野県",2109783,273.646673520504,265.068603797028,0.000127566930216083,0.000122371727589643
"300","202012_W2",2020-12-07,"静岡県",3742151,600.888249553113,477.522842146978,0.000158719609041666,0.000123481090837985
"301","202012_W3",2020-12-14,"山梨県",839774,83.6639815893686,95.2851886435332,8.17289197370816e-05,9.15949798704814e-05
"302","202012_W3",2020-12-14,"栃木県",1975581,295.428643093362,388.793810624959,0.000142799155022462,0.000188997172455164
"303","202012_W3",2020-12-14,"群馬県",1978850,554.792491208383,537.755928587873,0.000274598587538559,0.000263510658137094
"304","202012_W3",2020-12-14,"茨城県",2875588,332.633969042939,361.281605099581,0.000108320572092214,0.000116494124078456
"305","202012_W3",2020-12-14,"長野県",2117605,261.889743423021,191.962676589189,0.000122046787503976,8.67935246489528e-05
"306","202012_W3",2020-12-14,"静岡県",3739145,472.022085977007,447.526602135739,0.00012278020064385,0.000114500628521251
"307","202012_W4",2020-12-21,"山梨県",836180,93.3026971100541,122.934653340923,9.15152357092474e-05,0.000123214041551192
"308","202012_W4",2020-12-21,"栃木県",1970973,387.913785581391,657.683790015939,0.000189043554195023,0.000326158749095508
"309","202012_W4",2020-12-21,"群馬県",1986151,538.795857066645,509.470479181814,0.000263963072004198,0.000246318879397133
"310","202012_W4",2020-12-21,"茨城県",2869245,361.487401807002,477.026937239216,0.000116544333562899,0.000155036608988898
"311","202012_W4",2020-12-21,"長野県",2129002,193.852400689221,224.893132019804,8.71713495969879e-05,0.000101095565056683
"312","202012_W4",2020-12-21,"静岡県",3741007,446.30864912185,487.966474431277,0.000114202866980946,0.000124361159640026
"313","202012_W5",2020-12-28,"山梨県",868613,121.064646884008,253.254145713292,0.000122992867611311,0.000271085786223348
"314","202012_W5",2020-12-28,"栃木県",1996302,655.066519474269,1286.2988258897,0.000325589665285614,0.000644790804879385
"315","202012_W5",2020-12-28,"群馬県",2021273,510.252423801497,752.036594190528,0.000246761240292853,0.000363216162975101
"316","202012_W5",2020-12-28,"茨城県",2888558,475.052955975701,899.798819964992,0.000154826035061056,0.00029780139016627
"317","202012_W5",2020-12-28,"長野県",2212831,229.502526856758,534.048325317258,0.000101738971674647,0.000244745672703826
"318","202012_W5",2020-12-28,"静岡県",3802847,488.304828221883,891.769879714312,0.000124475228951066,0.000231098212770195
"319","202101_W1",2021-01-04,"山梨県",836965,275.477656772925,321.379099148424,0.000270326467779076,0.000316253139598472
"320","202101_W1",2021-01-04,"栃木県",1970835,1301.77262786148,1538.9872698773,0.000640853176485592,0.000757988685758139
"321","202101_W1",2021-01-04,"群馬県",1975377,777.502640702946,969.588817683799,0.000364010155201542,0.000456674271280097
"322","202101_W1",2021-01-04,"茨城県",2884569,918.327804128754,1345.01315472,0.000298799753324819,0.000442893874295443
"323","202101_W1",2021-01-04,"長野県",2115767,590.260820052817,864.100816360578,0.000250441200744812,0.000380323622725876
"324","202101_W1",2021-01-04,"静岡県",3727333,950.936251024002,1291.73059986729,0.000238020698282479,0.000327786142191728
"325","202101_W2",2021-01-11,"山梨県",836186,319.296619865625,196.202392572863,0.00031538619656971,0.000170445415421
"326","202101_W2",2021-01-11,"栃木県",1962546,1537.08977883328,1095.7290335947,0.000757496607136257,0.00053199013494105
"327","202101_W2",2021-01-11,"群馬県",1980187,965.008506663532,812.330297301074,0.000455340387681968,0.000379836390661765
"328","202101_W2",2021-01-11,"茨城県",2894679,1348.55994887131,1305.03348076238,0.000444760866962776,0.000430473510142473
"329","202101_W2",2021-01-11,"長野県",2107100,865.933419989888,683.455550606684,0.000379923836218525,0.000294089805870649
"330","202101_W2",2021-01-11,"静岡県",3708530,1287.16067003689,1067.99064821942,0.000327810663357421,0.000268892386063968
"331","202101_W3",2021-01-18,"山梨県",832739,168.264718620806,79.4204759177923,0.00017026770150049,6.99554185559255e-05
"332","202101_W3",2021-01-18,"栃木県",1960431,1073.52951528714,638.302727808806,0.000534742286568281,0.000314193701232939
"333","202101_W3",2021-01-18,"群馬県",1979009,781.523704160335,613.182712962511,0.000378731453691688,0.000297273233472864
"334","202101_W3",2021-01-18,"茨城県",2881460,1290.22398035668,1055.72594462697,0.000432037805370646,0.000353740565852876
"335","202101_W3",2021-01-18,"長野県",2110652,624.387540614257,338.65374304517,0.000287870564236909,0.000152023058047392
"336","202101_W3",2021-01-18,"静岡県",3707121,992.782186327974,762.915434314126,0.000260322613542791,0.000199984024477846
"337","202101_W4",2021-01-25,"山梨県",834836,75.1383291641033,42.4327876611449,6.98333952927262e-05,3.72072960387013e-05
"338","202101_W4",2021-01-25,"栃木県",1964835,633.448048655645,346.998642565707,0.000314029681867234,0.000169888314237838
"339","202101_W4",2021-01-25,"群馬県",1983445,611.232270226795,530.142151946583,0.000297964311515879,0.000260998370086652
"340","202101_W4",2021-01-25,"茨城県",2887111,1054.33970337521,809.647552164337,0.000353843632494874,0.000272591607621292
"341","202101_W4",2021-01-25,"長野県",2112647,329.990916249599,172.496139934194,0.000151548967451101,7.77265223941041e-05
"342","202101_W4",2021-01-25,"静岡県",3709385,748.885360665062,521.895734501459,0.000197805468067326,0.000138269821980834
"343","202102_W1",2021-02-01,"山梨県",837914,42.0252865250748,35.3496666572197,3.71282110324187e-05,3.40279244101001e-05
"344","202102_W1",2021-02-01,"栃木県",1961457,346.982096225065,207.730236626205,0.000170048794809856,0.000100916110914587
"345","202102_W1",2021-02-01,"群馬県",1979860,530.976517644193,411.349716725212,0.000261095107030143,0.000203075932697649
"346","202102_W1",2021-02-01,"茨城県",2884125,808.653601378993,569.887290161562,0.000271996641984593,0.000191952665560894
"347","202102_W1",2021-02-01,"長野県",2114767,172.485735814678,71.504687696811,7.78395088000535e-05,3.0761008383131e-05
"348","202102_W1",2021-02-01,"静岡県",3706041,520.824859246015,280.250029558292,0.000138124552198933,7.39221919619425e-05
"349","202102_W2",2021-02-08,"山梨県",839954,36.3825528246442,29.1347540945121,3.41146422020185e-05,2.77271403998249e-05
"350","202102_W2",2021-02-08,"栃木県",1973315,208.733247037855,168.839598849691,0.000101031447522032,8.20572468876751e-05
"351","202102_W2",2021-02-08,"群馬県",1990839,411.91250028501,272.898090291856,0.000203021228994389,0.000133636872675567
"352","202102_W2",2021-02-08,"茨城県",2883544,571.345772638339,453.60661687614,0.00019204499512669,0.000152607179396999
"353","202102_W2",2021-02-08,"長野県",2140486,71.9436539864933,34.2032713589897,3.08333941279567e-05,1.35115503987548e-05
"354","202102_W2",2021-02-08,"静岡県",3732920,280.43670806648,271.413574613199,7.39380916434055e-05,7.22125318858897e-05
"355","202102_W3",2021-02-15,"山梨県",836037,29.8200933846046,18.0173421503942,2.77792225211079e-05,1.4291374426847e-05
"356","202102_W3",2021-02-15,"栃木県",1970496,169.856177641191,143.242876360816,8.21725880568665e-05,6.92463327884286e-05
"357","202102_W3",2021-02-15,"群馬県",1989689,274.049644244678,247.463709427225,0.000133687800305629,0.000121157605187068
"358","202102_W3",2021-02-15,"茨城県",2879230,453.415305605234,398.519639089484,0.000152404563935136,0.000133822402310495
"359","202102_W3",2021-02-15,"長野県",2134311,36.5669641193945,30.4766226320999,1.395561118694e-05,1.1520893634477e-05
"360","202102_W3",2021-02-15,"静岡県",3738020,274.065308951821,308.946891673233,7.25248393814368e-05,8.23936758862537e-05
"361","202102_W4",2021-02-22,"山梨県",834375,18.5345157623745,12.8377720928366,1.4290614520766e-05,8.15352673554343e-06
"362","202102_W4",2021-02-22,"栃木県",1973593,144.496106051028,141.771954451385,6.94233157159446e-05,6.85129422964214e-05
"363","202102_W4",2021-02-22,"群馬県",1987248,248.503689615723,236.154844336621,0.000121196879154918,0.000115573230052844
"364","202102_W4",2021-02-22,"茨城県",2883923,398.451834452864,418.761711867146,0.00013366386574869,0.00014144621309343
"365","202102_W4",2021-02-22,"長野県",2133706,32.9870012399188,28.4456760122611,1.18926550764454e-05,1.0084519945981e-05
"366","202102_W4",2021-02-22,"静岡県",3736466,312.071687849521,268.626445033008,8.28032285397394e-05,7.11243301616356e-05
"367","202103_W1",2021-03-01,"山梨県",839582,12.9464949276138,18.92195697301,8.14651331477524e-06,1.54161286428872e-05
"368","202103_W1",2021-03-01,"栃木県",1971969,142.136866518253,202.270725629532,6.85677241195513e-05,9.94770819073518e-05
"369","202103_W1",2021-03-01,"群馬県",1985483,235.794862162475,203.744375839108,0.00011538403435682,9.85761755847232e-05
"370","202103_W1",2021-03-01,"茨城県",2883006,418.889685914756,438.674816518291,0.000141441656149682,0.00014851836314069
"371","202103_W1",2021-03-01,"長野県",2119236,28.8033245500479,65.7396430055345,1.01180045094635e-05,2.80764566006918e-05
"372","202103_W1",2021-03-01,"静岡県",3726109,269.093610328217,271.257796350755,7.1204007837517e-05,7.1903704541895e-05
"373","202103_W2",2021-03-08,"山梨県",837743,19.0013127740243,22.5641172572185,1.55214466200012e-05,1.93147371010984e-05
"374","202103_W2",2021-03-08,"栃木県",1976199,202.378236973374,265.742714511078,9.95504618934811e-05,0.000132182693567309
"375","202103_W2",2021-03-08,"群馬県",1979695,203.411035689386,231.09085337697,9.85077432707161e-05,0.000112552922928008
"376","202103_W2",2021-03-08,"茨城県",2882727,438.843810082525,420.390929383723,0.000148598025728268,0.000142370226613875
"377","202103_W2",2021-03-08,"長野県",2138214,65.0370197000546,170.118612208041,2.79285434103435e-05,7.90362904052912e-05
"378","202103_W2",2021-03-08,"静岡県",3731781,270.15825894762,256.232807891901,7.17104290613501e-05,6.79565345228005e-05
"379","202103_W3",2021-03-15,"山梨県",845055,22.5572157377212,19.7527989926238,1.93217205442668e-05,1.48122695927575e-05
"380","202103_W3",2021-03-15,"栃木県",1983230,266.08611656279,273.412059494258,0.000132179343017449,0.000135637600917835
"381","202103_W3",2021-03-15,"群馬県",1984800,230.56201323337,262.635572663937,0.000112360003215052,0.000128677846352266
"382","202103_W3",2021-03-15,"茨城県",2881766,420.384740720484,477.399028103398,0.000142309685634412,0.000162267253540237
"383","202103_W3",2021-03-15,"長野県",2128120,170.348277411974,307.599831951058,7.91500757247013e-05,0.000145635390455863
"384","202103_W3",2021-03-15,"静岡県",3742534,256.423352705638,271.476196000736,6.79026517407378e-05,7.19437470407359e-05
"385","202103_W4",2021-03-22,"山梨県",857223,20.9551230592514,44.4042970252369,1.48824171660519e-05,4.17479152677094e-05
"386","202103_W4",2021-03-22,"栃木県",1987062,275.270433255075,348.436643890712,0.000135971655548016,0.000173082974779424
"387","202103_W4",2021-03-22,"群馬県",1978784,262.941103496169,307.139148025849,0.000128534542235985,0.000150426532524965
"388","202103_W4",2021-03-22,"茨城県",2885783,477.347619919762,491.551200734634,0.000161995662602307,0.000166697018401576
"389","202103_W4",2021-03-22,"長野県",2127371,308.139347562076,420.225586580202,0.000145591552524186,0.000199296375124734
"390","202103_W4",2021-03-22,"静岡県",3749770,274.418226201939,367.407960888607,7.24189315376227e-05,9.77233155495102e-05
"391","202104_W1",2021-03-29,"山梨県",858427,47.5869577558159,82.4134706885039,4.22949757846449e-05,8.23945420269179e-05
"392","202104_W1",2021-03-29,"栃木県",1985355,349.715110796278,398.482287869338,0.000173166444794616,0.000197521049071203
"393","202104_W1",2021-03-29,"群馬県",1977980,307.729939095338,336.37254430436,0.000150113341843259,0.000163913209506044
"394","202104_W1",2021-03-29,"茨城県",2885925,493.019794710485,482.686477641794,0.000166798653294504,0.000162742044552098
"395","202104_W1",2021-03-29,"長野県",2121722,419.72534681087,511.613714105296,0.000198618405703453,0.000242032454074451
"396","202104_W1",2021-03-29,"静岡県",3737247,371.742802652813,368.725804650402,9.84091594409328e-05,9.69570461045547e-05
"397","202104_W2",2021-04-05,"山梨県",851165,84.6843567828475,104.867760996617,8.24730734979095e-05,0.000102347498728155
"398","202104_W2",2021-04-05,"栃木県",1970146,398.542982053484,337.188721442459,0.00019726006148705,0.000163744699742814
"399","202104_W2",2021-04-05,"群馬県",1974585,336.132331413029,389.401187084212,0.000163578249436272,0.000189321383088358
"400","202104_W2",2021-04-05,"茨城県",2881159,484.501398432546,579.538909652361,0.000163344261274486,0.000194906667935233
"401","202104_W2",2021-04-05,"長野県",2115193,509.769622870091,597.915501308761,0.000241307064831478,0.000282261149706806
"402","202104_W2",2021-04-05,"静岡県",3717358,370.29990305228,391.777568285939,9.71789405144981e-05,0.000101436248025569
"403","202104_W3",2021-04-12,"山梨県",844683,103.053219056752,135.659813622589,0.000101786240332294,0.000136004513207877
"404","202104_W3",2021-04-12,"栃木県",1969223,335.028517009413,332.583110887867,0.000163152328101526,0.000159243440306306
"405","202104_W3",2021-04-12,"群馬県",1979396,388.629489455878,484.130101536409,0.00018944197713072,0.00023602127953937
"406","202104_W3",2021-04-12,"茨城県",2888258,578.898272244913,795.590187215591,0.000195193118647699,0.000268857932884529
"407","202104_W3",2021-04-12,"長野県",2108653,594.091374778633,566.444456100818,0.000281896580371085,0.000266442083250858
"408","202104_W3",2021-04-12,"静岡県",3708819,383.778937654226,425.550518462655,0.000100083221604115,0.00011015589290205
"409","202104_W4",2021-04-19,"山梨県",853733,131.269373241791,191.232704083105,0.000135710925589961,0.00020565054753006
"410","202104_W4",2021-04-19,"栃木県",1980182,329.567161170485,368.623863089344,0.000158522610212686,0.000176969431216612
"411","202104_W4",2021-04-19,"群馬県",1974754,483.687651159326,709.747824263459,0.000236477889611663,0.000351089415448553
"412","202104_W4",2021-04-19,"茨城県",2893962,795.768907081436,865.873580512634,0.000268941281203277,0.000292073996074962
"413","202104_W4",2021-04-19,"長野県",2117194,562.59232931367,449.011688315971,0.000266063524899707,0.000209484878979235
"414","202104_W4",2021-04-19,"静岡県",3719797,414.553358887952,462.944406200641,0.000108220425953512,0.000120752506272154
"415","202104_W5",2021-04-26,"山梨県",878235,191.074399868362,200.112577657591,0.000206147697626424,0.000215916518653316
"416","202104_W5",2021-04-26,"栃木県",1996257,368.97049594385,410.6960310052,0.000177262322016117,0.000198642345772507
"417","202104_W5",2021-04-26,"群馬県",1990324,708.086851574632,983.819618914558,0.000350919255218213,0.000492404580480751
"418","202104_W5",2021-04-26,"茨城県",2895146,867.609507933588,720.411094457283,0.000292147911987421,0.000240576964791978
"419","202104_W5",2021-04-26,"長野県",2160789,448.551723262568,416.924826676554,0.000209487650241737,0.000193684724286072
"420","202104_W5",2021-04-26,"静岡県",3753242,459.580335480159,590.066750086257,0.000120079208170553,0.000155620703532016
"421","202105_W1",2021-05-03,"山梨県",890493,209.46515238403,201.276236779873,0.000217373325845619,0.000203820758679688
"422","202105_W1",2021-05-03,"栃木県",2005652,417.831527418395,489.730237031213,0.000199346717327845,0.000235721004799652
"423","202105_W1",2021-05-03,"群馬県",1998078,986.919261141162,1036.47592159786,0.0004920865628904,0.000516607171772066
"424","202105_W1",2021-05-03,"茨城県",2911215,722.791477932279,788.758136848394,0.000240904713032176,0.00026399368766348
"425","202105_W1",2021-05-03,"長野県",2179337,432.007455084754,491.239218153275,0.000196070860324638,0.000223556111964216
"426","202105_W1",2021-05-03,"静岡県",3781934,603.453968677266,1013.58836389599,0.000157171002133725,0.000268875287021915
"427","202105_W2",2021-05-10,"山梨県",843718,212.834862061098,208.227422109956,0.000204638826887431,0.00020126888120735
"428","202105_W2",2021-05-10,"栃木県",1970744,498.990842802547,529.092795864276,0.00023638517259591,0.00025333424682413
"429","202105_W2",2021-05-10,"群馬県",1980797,1043.54740648622,897.776674754163,0.000516747394366315,0.00044306141285477
"430","202105_W2",2021-05-10,"茨城県",2883878,794.712934078612,876.44777471391,0.000264751258273876,0.000294421643633367
"431","202105_W2",2021-05-10,"長野県",2102470,512.751161442889,583.993115951641,0.000226956285102647,0.000262643182539944
"432","202105_W2",2021-05-10,"静岡県",3712931,1036.01373534803,1212.52490952099,0.000272193006450041,0.000320730516389187
"433","202105_W3",2021-05-17,"山梨県",845724,199.685536945529,171.985109047051,0.000199765516840558,0.000173681920810341
"434","202105_W3",2021-05-17,"栃木県",1970774,523.48135887664,511.887714482212,0.000253069673019501,0.000250682941017541
"435","202105_W3",2021-05-17,"群馬県",1978697,895.187366265716,628.810096369057,0.000443735033824838,0.000310267389237864
"436","202105_W3",2021-05-17,"茨城県",2885939,872.904590798728,732.925976471518,0.000293919065996476,0.000247291647546577
"437","202105_W3",2021-05-17,"長野県",2108933,569.372545073945,476.989265766219,0.000260101286429691,0.000218376917316962
"438","202105_W3",2021-05-17,"静岡県",3726843,1197.13550905078,970.969571890572,0.000318506204699908,0.000258400049388704
"439","202105_W4",2021-05-24,"山梨県",849170,159.274348532943,210.528275135958,0.000172317042251727,0.000240186859090878
"440","202105_W4",2021-05-24,"栃木県",1982343,503.333218856069,418.895054842499,0.000250292313131886,0.000208817326000367
"441","202105_W4",2021-05-24,"群馬県",1973138,623.690793835966,352.124950439897,0.000311030967854091,0.000173409290324731
"442","202105_W4",2021-05-24,"茨城県",2893894,725.302384240649,542.857496031944,0.000246207994631648,0.000183626380995928
"443","202105_W4",2021-05-24,"長野県",2114428,455.354043142942,276.139142253942,0.000214719473561226,0.000129234135420796
"444","202105_W4",2021-05-24,"静岡県",3727833,946.780585953487,740.976330614237,0.000254474883733409,0.000199823156689009
"445","202106_W1",2021-05-31,"山梨県",853652,211.097705786668,306.206716165288,0.000239998916551371,0.000360844913178857
"446","202106_W1",2021-05-31,"栃木県",1977871,420.521531681236,351.456463475428,0.000209547814359124,0.000175235796617497
"447","202106_W1",2021-05-31,"群馬県",1971760,351.19889028807,183.38550968756,0.000172967855362533,8.79887168428006e-05
"448","202106_W1",2021-05-31,"茨城県",2886116,543.503057393241,434.18991781291,0.000183707043519005,0.000146346263419251
"449","202106_W1",2021-05-31,"長野県",2113630,277.540316086836,174.384529516898,0.000129835076477533,8.10494252020087e-05
"450","202106_W1",2021-05-31,"静岡県",3725865,742.437320122156,532.90905864251,0.000200058447091082,0.000143982466928793
"451","202106_W2",2021-06-07,"山梨県",852504,307.361852757986,316.225439110438,0.000362082021209311,0.000374648438714883
"452","202106_W2",2021-06-07,"栃木県",1981543,352.123813324582,310.978140954233,0.000175625734890754,0.000154913011398735
"453","202106_W2",2021-06-07,"群馬県",1975535,182.40678437522,101.603324559509,8.7398081099575e-05,4.65497206490617e-05
"454","202106_W2",2021-06-07,"茨城県",2883214,434.139129158844,363.755988177557,0.000146361876953968,0.000121946914796567
"455","202106_W2",2021-06-07,"長野県",2119116,174.473693133924,111.276590386179,8.1270714069444e-05,5.10144219715737e-05
"456","202106_W2",2021-06-07,"静岡県",3733043,532.789577912765,423.121504578771,0.000143764134697228,0.000114164547121805
"457","202106_W3",2021-06-14,"山梨県",847327,316.933790450417,0,0.000375301620164202,0
"458","202106_W3",2021-06-14,"栃木県",1973074,310.718403968733,0,0.000154667982924987,0
"459","202106_W3",2021-06-14,"群馬県",1974744,101.990382035097,0,4.65946207679186e-05,0
"460","202106_W3",2021-06-14,"茨城県",2886654,363.420431831346,0,0.000121696507942068,0
"461","202106_W3",2021-06-14,"長野県",2116368,111.613960275258,0,5.10894014860965e-05,0
"462","202106_W3",2021-06-14,"静岡県",3725511,423.952789416039,0,0.000113933050343966,0
