week,week_JP,weeknum,pref,newcase_day,newdeath_day,emergency,GZnew,cumGZ,newcaseday14,resview,in_city,in_pref,out_pref,treat,avg_temp,avg_rain,infectious_l1,infectious_l2,sum_pop,pop_resid,tests,newcase_lead1,newcase_lead2,tests_lead1,tests_lead2,cumcases,susceptible
2020-01-13,2020年1月第3週,3,Gunma,0,0,0,0,0,0,3.24702333,-1.90661631,-1.094252431,12.373607638,Neighboring_prefs,6.185714285714286,0.07142857142857142,0,0.0068285774585925,1965557,1942000,0,0,0,0,0,0,1942000
2020-01-13,2020年1月第3週,3,Ibaraki,0,0,0,0,0,0,-2.489891712,-2.033044431,0.063597851,11.818820867,Neighboring_prefs,5.885714285714285,1,0,0.00778228465907845,2838112,2860000,0,0,0,1,9,0,2860000
2020-01-13,2020年1月第3週,3,Nagano,0,0,0,0,0,0,-2.137822013,-2.707943741,-1.424666483,4.215343109,Neighboring_prefs,2.3071428571428574,0.21428571428571427,0,0.01114238454007504,2120306,2049000,0,0,0,0,0,0,2049000
2020-01-13,2020年1月第3週,3,Shizuoka,0,0,0,0,0,0,-3.819798083,-2.233952493,1.522140106,12.775233795,Neighboring_prefs,7.523809523809524,2.142857142857143,0,0.0229710414796373,3721893,3644000,0,0,0,0,0,0,3644000
2020-01-13,2020年1月第3週,3,Tochigi,0,0,0,0,0,0,-7.064713977,-1.105543919,-2.31393814,8.210048584,Neighboring_prefs,5.307142857142857,0.5,0,0.00604002532630015,1964567,1934000,0,0,0,0,3,0,1934000
2020-01-13,2020年1月第3週,3,Yamanashi,0,0,0,0,0,0,-6.764005522,-2.422890782,-2.457260001,7.603616863,Yamanashi,2.8714285714285714,1.1428571428571428,0,0.00586623967175966,832072,811000,0,0,0,0,1,0,811000
2020-01-20,2020年1月第4週,4,Gunma,0,0,0,0,0,0,5.975943258,-2.517189848,1.324276391,12.938769123,Neighboring_prefs,6.085714285714285,0.07142857142857142,0.00414617809625795,0.00651466197447836,1967418,1942000,0,0,0,0,0,0,1942000
2020-01-20,2020年1月第4週,4,Ibaraki,0,0,0,0,0,0,2.734368236,-2.194517861,0.415116751,9.885945244,Neighboring_prefs,5.7,0.40476190476190477,0.00501447117136461,0.01393694988196966,2825948,2860000,1,0,0,9,6,0,2860000
2020-01-20,2020年1月第4週,4,Nagano,0,0,0,0,0,0,5.504448502,-3.055282064,0.72012406,3.069890287,Neighboring_prefs,3.592857142857143,1.2142857142857142,0.00656854873891756,0.01211712768642573,2113866,2049000,0,0,0,0,0,0,2049000
2020-01-20,2020年1月第4週,4,Shizuoka,0,0,0,0,0,0,2.639338169,-1.719628141,0.196065183,10.986246133,Neighboring_prefs,9.380952380952381,4.761904761904762,0.013814826532172,0.02296244222862294,3721866,3644000,0,0,0,0,0,0,3644000
2020-01-20,2020年1月第4週,4,Tochigi,0,0,0,0,0,0,-1.229192488,-1.359978496,-0.104626627,7.203837031,Neighboring_prefs,5.05,0.07142857142857142,0.00345540541781506,0.00615077474758662,1969341,1934000,0,0,0,3,1,0,1934000
2020-01-20,2020年1月第4週,4,Yamanashi,0,0,0,0,0,0,-0.678182298,-3.627933802,-0.766221475,6.312064131,Yamanashi,4.014285714285714,1.0357142857142858,0.00328789156649914,0.00467179181915441,829229,811000,0,0,0,1,4,0,811000
2020-01-27,2020年1月第5週,5,Gunma,0,0,0,0,0,0,-0.304457168,-1.864979489,0.792914312,13.054321132,Neighboring_prefs,6.678571428571429,7.464285714285714,0.00621141353768622,0.00544717310424011,1968597,1942000,0,0,0,0,0,0,1942000
2020-01-27,2020年1月第5週,5,Ibaraki,0,0,0,0,0,0,3.523025133,-1.532332185,0.566505166,9.498613906,Neighboring_prefs,7.5,15.69047619047619,0.01387535118192087,0.02445700921315494,2836620,2860000,9,0,0,6,18,0,2860000
2020-01-27,2020年1月第5週,5,Nagano,0,0,0,0,0,0,-0.136266513,-2.41147868,-1.283563927,4.0511705,Neighboring_prefs,3.3535714285714286,1.5892857142857142,0.01180027220005402,0.00927048339455383,2121067,2049000,0,0,0,0,6,0,2049000
2020-01-27,2020年1月第5週,5,Shizuoka,0,0,0,0,0,0,-0.348095979,-1.561925242,1.586095287,12.772915052,Neighboring_prefs,9.376190476190477,3.571428571428571,0.02204176440807272,0.01690525718970968,3726761,3644000,0,0,0,0,0,0,3644000
2020-01-27,2020年1月第5週,5,Tochigi,0,0,0,0,0,0,-5.22926598,-1.221453634,-1.273781422,6.132263398,Neighboring_prefs,6.078571428571429,8.178571428571429,0.0058240429263787,0.00560696369988284,1963256,1934000,3,0,0,1,6,0,1934000
2020-01-27,2020年1月第5週,5,Yamanashi,0,0,0,0,0,0,-5.805434574,-1.802709241,-3.130702504,7.309811561,Yamanashi,3.7714285714285714,8.464285714285714,0.00460717980902555,0.00333683486718409,834220,811000,1,0,0,4,3,0,811000
2020-02-03,2020年2月第1週,6,Gunma,0,0,0,0,0,0,-3.823966337,0.618423366,-1.171588019,-8.659837196,Neighboring_prefs,3.8428571428571425,0,0.00530952295717696,0.0283951418094126,1967183,1942000,0,0,0,0,0,0,1942000
2020-02-03,2020年2月第1週,6,Ibaraki,0,0,0,0,0,0,3.832124188,-0.260246966,2.309492826,-3.093950834,Neighboring_prefs,4.004761904761905,0.047619047619047616,0.02423932699149399,0.05380514230141272,2827199,2860000,6,0,0,18,68,0,2860000
2020-02-03,2020年2月第1週,6,Nagano,0,0,0,0,0,0,-9.119350405,1.404795066,-2.516698099,-14.793108783,Neighboring_prefs,0.33571428571428574,0.125,0.00910561846277857,0.04074524158091927,2140727,2049000,0,0,0,6,31,0,2049000
2020-02-03,2020年2月第1週,6,Shizuoka,0,0,0,0,0,0,-4.231370774,0.586686129,1.315456939,-12.477386239,Neighboring_prefs,6.833333333333333,0,0.01652687374915001,0.06847157358188048,3730607,3644000,0,0,0,0,0,0,3644000
2020-02-03,2020年2月第1週,6,Tochigi,0,0,0,0,0,0,-2.769067925,0.81888779,0.073789837,-8.161335619,Neighboring_prefs,3.1142857142857143,0,0.00538040120916485,0.0246661643287348,1962623,1934000,1,0,1,6,31,0,1934000
2020-02-03,2020年2月第1週,6,Yamanashi,0,0,0,0,0,0,-10.026661504,0.931750448,-2.103237637,-6.363874632,Yamanashi,2.1285714285714286,0,0.00340303762787261,0.02129237981238381,837237,811000,4,0,0,3,25,0,811000
2020-02-10,2020年2月第2週,7,Gunma,0,0,0,0,0,0,9.101489814,1.077369572,-0.269290055,-7.876314141,Neighboring_prefs,8.278571428571428,0.21428571428571427,0.031206498011201272,0.08890249036875088,1973630,1942000,0,0,0,0,36,0,1942000
2020-02-10,2020年2月第2週,7,Ibaraki,0,0,0,0,0,0,11.736586186,0.346036865,-0.680514782,-9.781212844,Neighboring_prefs,7.533333333333334,1.2857142857142856,0.05580723119639676,0.14555831872713665,2832301,2860000,18,0,0,68,125,0,2860000
2020-02-10,2020年2月第2週,7,Nagano,0,0,0,0,0,0,3.564069554,1.736820471,-4.193513805,-10.880022521,Neighboring_prefs,4.664285714285715,3.9285714285714284,0.0484315789018788,0.1304437247872893,2141422,2049000,6,0,2,31,69,0,2049000
2020-02-10,2020年2月第2週,7,Shizuoka,0,0,0,0,0,0,5.332259787,1.339534056,-2.024183424,-5.950712906,Neighboring_prefs,10.533333333333333,7.666666666666666,0.07387629539909944,0.24183605197554664,3745180,3644000,0,0,1,0,0,0,3644000
2020-02-10,2020年2月第2週,7,Tochigi,0,0,0,0,0,0,3.19429184,1.840962964,-3.37396244,-8.867775867,Neighboring_prefs,7.242857142857143,0.35714285714285715,0.0263670634147143,1.0087384906526324,1967000,1934000,6,1,0,31,36,0,1934000
2020-02-10,2020年2月第2週,7,Yamanashi,0,0,0,0,0,0,4.696892037,0.528107033,-1.331027586,-8.25039658,Yamanashi,6.007142857142857,1.4285714285714286,0.02512621121144354,0.05639526321554316,834391,811000,3,0,0,25,55,0,811000
2020-02-17,2020年2月第3週,8,Gunma,0,0,0,0,0,0,5.77219484,1.036128169,-1.7539475,2.68927099,Neighboring_prefs,8.214285714285714,0.03571428571428571,0.0953494182298374,0.11506378799620924,1982478,1942000,0,0,1,36,0,0,1942000
2020-02-17,2020年2月第3週,8,Ibaraki,0,0,0,0,0,0,1.841845583,0.687470107,-1.696672177,-5.034142746,Neighboring_prefs,7.738095238095238,2.5238095238095237,0.14312223088576037,0.18187222225563815,2838767,2860000,68,0,0,125,153,0,2860000
2020-02-17,2020年2月第3週,8,Nagano,0,0,0,0,0,0,-0.019396793,1.310081744,-2.599509672,11.285018564,Neighboring_prefs,3.857142857142857,0.9285714285714286,0.13600987032120365,2.143110689792786,2158987,2049000,31,2,1,69,104,0,2049000
2020-02-17,2020年2月第3週,8,Shizuoka,0,0,0,0,0,0,-0.516870306,0.328520316,0.689101781,5.102008693,Neighboring_prefs,9.485714285714286,2.7142857142857144,0.25842847716510736,1.3396971427947442,3773292,3644000,0,1,0,0,0,0,3644000
2020-02-17,2020年2月第3週,8,Tochigi,1,0,0,0,0,1,-4.873975068,1.831568039,-3.944337103,-0.569780475,Neighboring_prefs,7.235714285714286,1.8214285714285714,1.0142038601352634,1.0300999542414029,1976637,1934000,31,0,1,36,89,1,1933999
2020-02-17,2020年2月第3週,8,Yamanashi,0,0,0,0,0,0,6.983863844,1.378723311,-3.178600985,16.012208646,Yamanashi,5.635714285714286,0.6785714285714286,0.06010209385654037,0.07915892949395928,846463,811000,25,0,2,55,100,0,811000
2020-02-24,2020年2月第4週,9,Gunma,0,0,0,0,0,0,-4.975000252,3.197936859,-9.628916456,-4.461833362,Neighboring_prefs,7.957142857142857,0.6785714285714286,0.1250902066165574,1.1694508083235045,1980774,1942000,36,1,4,0,99,0,1942000
2020-02-24,2020年2月第4週,9,Ibaraki,0,0,0,0,0,0,-13.647868622,3.527168298,-8.298390447,-11.941147081,Neighboring_prefs,7.0285714285714285,1.0714285714285714,0.1875141926106679,0.2875972662908226,2859256,2860000,125,0,0,153,140,0,2860000
2020-02-24,2020年2月第4週,9,Nagano,2,0,0,0,0,2,-13.18145172,3.260774924,-10.669610796,-6.223707747,Neighboring_prefs,3.7857142857142856,1.3214285714285714,2.1433189992413824,3.3574348381185373,2141839,2049000,69,1,1,104,75,2,2048998
2020-02-24,2020年2月第4週,9,Shizuoka,1,0,0,0,0,1,-14.309897591,2.692567595,-6.943666647,-11.740805258,Neighboring_prefs,9.576190476190476,1.976190476190476,1.3721162064888286,1.7558450780544896,3749760,3644000,0,0,2,0,0,1,3643999
2020-02-24,2020年2月第4週,9,Tochigi,0,0,0,0,0,0,-19.638723169,3.682947504,-11.678480718,-9.59913147,Neighboring_prefs,7.021428571428571,0.6071428571428571,1.040267582532372,1.1287547653566865,1979996,1934000,36,1,0,89,58,1,1933999
2020-02-24,2020年2月第4週,9,Yamanashi,0,0,0,0,0,0,-7.433359436,3.546485796,-9.724171287,-3.632889072,Yamanashi,5.557142857142857,0.14285714285714285,0.0901049277551636,2.0570827381198074,843426,811000,55,2,0,100,105,0,811000
2020-03-02,2020年3月第1週,10,Gunma,1,0,0,0,0,1,-14.032365705,3.093124421,-6.08083853,-10.297432241,Neighboring_prefs,7.864285714285714,0.17857142857142858,1.1583981807577666,5.173902272636341,1975256,1942000,0,4,6,99,71,1,1941999
2020-03-02,2020年3月第1週,10,Ibaraki,0,0,0,0,0,0,-16.83485623,3.533758284,-5.086876765,-14.423630884,Neighboring_prefs,7.466666666666667,2.9047619047619047,0.2796377826176155,0.4913870450004984,2872277,2860000,153,0,4,140,134,0,2860000
2020-03-02,2020年3月第1週,10,Nagano,1,0,0,0,0,1,-20.69764469,3.211845978,-6.600707714,-20.851468078,Neighboring_prefs,4.967857142857143,0.9642857142857143,3.302096551396311,2.620428615526839,2128251,2049000,104,1,0,75,54,3,2048997
2020-03-02,2020年3月第1週,10,Shizuoka,0,0,0,0,0,0,-20.202320147,3.559198732,-6.516634635,-21.545681183,Neighboring_prefs,10.452380952380953,9.166666666666666,1.6762284009435569,3.0785464623137044,3742953,3644000,0,2,0,0,0,1,3643999
2020-03-02,2020年3月第1週,10,Tochigi,1,0,0,0,0,1,-20.959512319,3.653169494,-7.983554223,-17.992833289,Neighboring_prefs,7.307142857142858,0.75,1.1262583022412629,1.3098930764577006,1977074,1934000,89,0,2,58,73,2,1933998
2020-03-02,2020年3月第1週,10,Yamanashi,2,0,0,0,0,2,-18.755143092,3.894696641,-7.3187638,-21.148887291,Yamanashi,6.542857142857143,1.7142857142857142,2.073345800199029,2.117274238966138,837422,811000,100,0,0,105,65,2,810998
2020-03-09,2020年3月第2週,11,Gunma,4,0,0,0,0,5,-11.154707983,4.029185656,-7.720844054,-14.230508144,Neighboring_prefs,10.7,3.4642857142857144,5.146283421487578,10.06775788350578,1974374,1942000,99,6,7,71,262,5,1941995
2020-03-09,2020年3月第2週,11,Ibaraki,0,0,0,0,0,0,-12.518455238,3.942082176,-5.675694043,-15.671266485,Neighboring_prefs,10.40952380952381,4.904761904761904,0.4729558113840765,4.424380540516032,2871333,2860000,140,4,12,134,329,0,2860000
2020-03-09,2020年3月第2週,11,Nagano,1,0,0,0,0,1,-15.760494748,3.675255624,-4.762616682,-22.621520961,Neighboring_prefs,7.0321428571428575,3.9107142857142856,2.503949232404554,1.5750477252257005,2125260,2049000,75,0,4,54,165,4,2048996
2020-03-09,2020年3月第2週,11,Shizuoka,2,0,0,0,0,2,-12.810196284,4.023875794,-7.426317453,-23.911544843,Neighboring_prefs,12.133333333333333,11.19047619047619,2.932434884401771,2.9338450919463734,3745371,3644000,0,0,1,0,0,3,3643997
2020-03-09,2020年3月第2週,11,Tochigi,0,0,0,0,0,0,-12.383466178,4.160750536,-8.350844014,-16.831616085,Neighboring_prefs,10.4,6.357142857142857,1.2833762830811453,2.426116322699159,1984436,1934000,58,2,8,73,145,2,1933998
2020-03-09,2020年3月第2週,11,Yamanashi,0,0,0,0,0,0,-21.184163823,5.225883907,-8.924800702,-19.662793939,Yamanashi,8.057142857142857,5.357142857142857,2.1054390729907864,0.2120994929048995,843208,811000,105,0,2,65,96,2,810998
2020-03-16,2020年3月第3週,12,Gunma,6,1,0,0,0,5,-10.310476406,3.427004143,-6.861378013,-7.884035265,Neighboring_prefs,10.792857142857143,0,10.051973772443574,13.551936520993166,1986549,1942000,71,7,8,262,892,11,1941989
2020-03-16,2020年3月第3週,12,Ibaraki,4,0,0,0,0,5,-7.859119142,3.554610897,-5.104236099,-7.507398004,Neighboring_prefs,10.433333333333334,0.5,4.42605090515654,17.238204627144583,2884111,2860000,134,12,48,329,672,4,2859996
2020-03-16,2020年3月第3週,12,Nagano,0,0,0,0,0,0,-13.840748185,3.928307772,-5.57835706,-5.597346501,Neighboring_prefs,7,1.3928571428571428,1.5093798286109117,5.016382783709966,2150739,2049000,54,4,4,165,265,4,2048996
2020-03-16,2020年3月第3週,12,Shizuoka,0,0,0,0,0,0,-5.77022105,3.589122887,-4.582393534,-7.862027385,Neighboring_prefs,12.219047619047618,0.7380952380952381,2.9068990468739155,2.8777292681046323,3790235,3644000,0,1,12,0,0,3,3643997
2020-03-16,2020年3月第3週,12,Tochigi,2,0,0,0,0,2,-9.949683759,3.55445005,-7.029906789,-7.989790392,Neighboring_prefs,10.364285714285714,0,2.426595865584128,10.772904669583658,2008292,1934000,73,8,5,145,322,4,1933996
2020-03-16,2020年3月第3週,12,Yamanashi,0,0,0,0,0,0,-5.008611094,3.502589899,-5.949927243,-2.296158036,Yamanashi,8.657142857142857,0.10714285714285714,0.20552157996873852,2.582358886555564,864284,811000,65,2,10,96,295,2,810998
2020-03-23,2020年3月第4週,13,Gunma,7,0,0,0,0,7,-25.591598408,5.098988792,-8.48702043,-21.748077012,Neighboring_prefs,10.135714285714286,7.964285714285714,13.766462727757792,17.505350295987178,1975586,1942000,262,8,64,892,343,18,1941982
2020-03-23,2020年3月第4週,13,Ibaraki,12,0,0,0,0,15,-27.148713761,5.243226561,-6.8300218600000004,-23.235450246,Neighboring_prefs,9.061904761904762,7.119047619047619,17.454011839844632,61.589832056276755,2870132,2860000,329,48,45,672,749,16,2859984
2020-03-23,2020年3月第4週,13,Nagano,4,0,0,0,0,4,-26.646892233,4.822001235,-8.846205231,-28.085301616,Neighboring_prefs,6.789285714285715,8.25,5.367415709230243,11.355049004203392,2115167,2049000,165,4,17,265,375,8,2048992
2020-03-23,2020年3月第4週,13,Shizuoka,1,0,0,0,0,5,-24.541077,4.616536556,-6.342159445,-29.78669295,Neighboring_prefs,12.457142857142857,14.571428571428571,3.4707261608267856,18.661447780621653,3753875,3644000,0,12,24,0,0,4,3643996
2020-03-23,2020年3月第4週,13,Tochigi,8,0,0,0,0,8,-28.373487537,5.104447116,-8.4056779,-23.065871279,Neighboring_prefs,9.278571428571428,7.357142857142857,11.095358658847353,16.188804099586765,1985433,1934000,145,5,18,322,324,12,1933988
2020-03-23,2020年3月第4週,13,Yamanashi,2,0,0,0,0,3,-30.556088102,5.639782692,-9.445623204,-33.168818199,Yamanashi,8.742857142857144,7.857142857142857,2.9025676483982585,13.92561643101716,843544,811000,96,10,21,295,408,4,810996
2020-03-30,2020年4月第1週,14,Gunma,8,0,0,0,0,8,-42.117304121,4.58486905,-8.881063043,-20.550720883,Neighboring_prefs,10.55,2.5714285714285716,17.151787285933892,74.72729782849025,1967710,1942000,892,64,32,343,396,26,1941974
2020-03-30,2020年4月第1週,14,Ibaraki,48,2,0,0,0,51,-46.069045606,5.009306683,-9.017434309,-18.557101649,Neighboring_prefs,10.571428571428571,5.142857142857143,61.445253025833885,96.36715371107717,2876018,2860000,672,45,30,749,665,64,2859936
2020-03-30,2020年4月第1週,14,Nagano,4,0,0,0,0,6,-47.310457048,3.22586882,-8.067220411,-27.577856627,Neighboring_prefs,7.960714285714285,2.0535714285714284,10.70057950701012,26.4916453394095,2100567,2049000,265,17,23,375,335,12,2048988
2020-03-30,2020年4月第1週,14,Shizuoka,12,0,0,0,0,10,-48.804023544,3.943176975,-7.938008262,-29.43814881,Neighboring_prefs,13.13809523809524,5.380952380952381,18.118032628898423,45.86067355415035,3726802,3644000,0,24,11,0,0,16,3643984
2020-03-30,2020年4月第1週,14,Tochigi,5,0,0,0,0,5,-46.487184788,4.584026411,-8.714952837,-20.128922208,Neighboring_prefs,10.385714285714286,3.142857142857143,15.737730949327322,28.86656309765646,1977722,1934000,322,18,11,324,399,17,1933983
2020-03-30,2020年4月第1週,14,Yamanashi,10,0,0,0,0,14,-55.898318043,4.624065923,-9.673836492,-34.786024526,Yamanashi,9.085714285714285,2.642857142857143,13.588574330831232,33.89856881943341,842342,811000,295,21,14,408,496,14,810986
2020-04-06,2020年4月第2週,15,Gunma,64,1,0,0,0,64,-51.334424251,7.632840934,-15.237954564,-37.611880327,Neighboring_prefs,11.307142857142857,0.21428571428571427,73.82601048545607,98.37194867250308,1972124,1942000,343,32,19,396,423,90,1941910
2020-04-06,2020年4月第2週,15,Ibaraki,45,3,0,0,0,39,-56.897899034,9.096307149,-16.894966686,-37.228031507,Neighboring_prefs,9.876190476190477,1.4523809523809523,95.8008738531593,81.04708169843471,2884750,2860000,749,30,22,665,621,109,2859891
2020-04-06,2020年4月第2週,15,Nagano,17,0,0,0,0,22,-62.076990444,7.831288944,-18.140365162,-55.732232442,Neighboring_prefs,7.610714285714286,0.32142857142857145,24.557669578610735,44.63590687593747,2100834,2049000,375,23,14,335,314,29,2048971
2020-04-06,2020年4月第2週,15,Shizuoka,24,0,0,0,0,27,-60.500410488,8.861907861,-18.382041666,-51.936853437,Neighboring_prefs,13.023809523809524,0.6190476190476191,43.276280514156554,44.67746361588963,3719283,3644000,0,11,11,0,0,40,3643960
2020-04-06,2020年4月第2週,15,Tochigi,18,0,0,0,0,19,-56.065627399,7.941849019,-15.92353643,-40.344662727,Neighboring_prefs,10.2,1.5,27.573460869557067,34.76279075637467,1978934,1934000,324,11,8,399,345,35,1933965
2020-04-06,2020年4月第2週,15,Yamanashi,21,0,0,0,0,17,-64.865534955,8.746732103,-17.89514947,-54.723492039,Yamanashi,9.364285714285714,1.0357142857142858,33.0846267451276,37.77790436657384,837744,811000,408,14,3,496,419,35,810965
2020-04-13,2020年4月第3週,16,Gunma,32,4,1,0,0,34,-51.671223912,9.527919257,-20.365418755,-36.336088247,Neighboring_prefs,11.964285714285714,15.035714285714286,97.9139318900339,53.72817287014017,1978344,1942000,396,19,5,423,328,122,1941878
2020-04-13,2020年4月第3週,16,Ibaraki,30,0,1,0,0,33,-57.331941193,10.78333322,-19.90655876,-38.351678371,Neighboring_prefs,10.704761904761904,14.666666666666668,80.4902087680393,57.00877386568168,2901326,2860000,665,22,4,621,513,139,2859861
2020-04-13,2020年4月第3週,16,Nagano,23,0,1,0,0,16,-63.544607369,8.467332295,-20.803302294,-60.781381758,Neighboring_prefs,9.053571428571429,9.910714285714286,43.480921435603584,39.87465298658034,2097832,2049000,335,14,4,314,319,52,2048948
2020-04-13,2020年4月第3週,16,Shizuoka,11,0,1,0,0,6,-60.559319678,9.670033448,-20.313421125,-51.794800167,Neighboring_prefs,13.847619047619046,20.0952380952381,42.123406668075816,28.24268061875097,3719842,3644000,0,11,10,0,762,51,3643949
2020-04-13,2020年4月第3週,16,Tochigi,11,0,1,0,0,13,-55.801757461,8.725775534,-19.09056153,-41.579084048,Neighboring_prefs,10.95,15.892857142857142,33.88861346134595,23.022404594680673,1976893,1934000,399,8,0,345,390,46,1933954
2020-04-13,2020年4月第3週,16,Yamanashi,14,0,1,0,0,13,-61.920026038,9.583856815,-19.147072276,-56.37251549,Yamanashi,9.42142857142857,15.821428571428571,37.34611949688103,19.23612497152915,838280,811000,496,3,4,419,516,49,810951
2020-04-20,2020年4月第4週,17,Gunma,19,8,1,0,0,22,-57.138147517,11.386308892,-23.300201409,-49.820541438,Neighboring_prefs,12.457142857142857,0.6071428571428571,53.574664837903455,25.90493163477505,1974279,1942000,423,5,1,328,207,141,1941859
2020-04-20,2020年4月第4週,17,Ibaraki,22,1,1,0,0,18,-63.67527041,13.347761322,-25.057828701,-48.04605129,Neighboring_prefs,11.966666666666667,3.261904761904762,56.572008015708505,29.076291588731536,2903365,2860000,621,4,3,513,305,161,2859839
2020-04-20,2020年4月第4週,17,Nagano,14,0,1,0,0,14,-71.853063039,10.805666539,-24.493116332,-72.863765016,Neighboring_prefs,9.396428571428572,1.7857142857142858,39.542841200202,19.795291840027996,2100844,2049000,314,4,5,319,266,66,2048934
2020-04-20,2020年4月第4週,17,Shizuoka,11,0,1,0,0,12,-68.699868284,12.502612716,-25.919151747,-64.307413842,Neighboring_prefs,14.366666666666665,3.4523809523809526,26.84967135710047,24.425316300486394,3718639,3644000,0,10,0,762,509,62,3643938
2020-04-20,2020年4月第4週,17,Tochigi,8,0,1,0,0,5,-65.854847593,11.170254373,-23.391950928,-53.91837948,Neighboring_prefs,11.871428571428572,2.2142857142857144,22.499348748289727,10.381274587520528,1976227,1934000,345,0,2,390,398,54,1933946
2020-04-20,2020年4月第4週,17,Yamanashi,3,0,1,0,0,3,-75.463393364,11.879466247,-23.390384452,-68.033248312,Yamanashi,10.821428571428571,2.2142857142857144,18.88496383910924,8.486001238106056,837264,811000,419,4,0,516,393,52,810948
2020-04-27,2020年4月第5週,18,Gunma,5,2,1,0,0,0,-68.972456938,16.00837289,-10.44253387,-80.613290939,Neighboring_prefs,17.964285714285715,0,25.857087684445045,7.305507564126144,1973922,1942000,328,1,0,207,237,146,1941854
2020-04-27,2020年4月第5週,18,Ibaraki,4,2,1,0,0,6,-73.00153027,17.380768671,-19.953961929,-74.751535282,Neighboring_prefs,16.038095238095238,0.7857142857142857,28.94418329413159,8.846403154742585,2903315,2860000,513,3,0,305,407,165,2859835
2020-04-27,2020年4月第5週,18,Nagano,4,0,1,0,0,6,-81.927852605,17.275179194,-25.075448049,-93.329563134,Neighboring_prefs,15.471428571428572,0,19.669563632974988,9.987824713218853,2105400,2049000,319,5,1,266,312,70,2048930
2020-04-27,2020年4月第5週,18,Shizuoka,10,1,1,0,0,9,-79.975602105,18.368128072,-21.194412559,-89.189899689,Neighboring_prefs,17.71904761904762,0,24.047257004790534,11.787796001152454,3717371,3644000,762,0,0,509,514,72,3643928
2020-04-27,2020年4月第5週,18,Tochigi,0,0,1,0,0,0,-76.752142074,17.388045484,-16.935617884,-82.593412852,Neighboring_prefs,16.57142857142857,0.75,10.187679548092063,3.2885966703823417,1975767,1934000,390,2,4,398,519,54,1933946
2020-04-27,2020年4月第5週,18,Yamanashi,4,0,1,0,0,4,-85.300651297,17.396114266,-14.959982854,-91.273761942,Yamanashi,15.007142857142858,0,8.366833278287622,4.851990225966115,837595,811000,516,0,1,393,356,56,810944
2020-05-04,2020年5月第1週,19,Gunma,1,2,1,0,0,1,-38.010588816,17.189948697,-46.83174017,-72.925975592,Neighboring_prefs,17.892857142857142,2.2142857142857144,7.270960874297304,1.761423308851782,1971119,1942000,207,0,2,237,166,147,1941853
2020-05-04,2020年5月第1週,19,Ibaraki,3,1,1,0,0,1,-43.714683661,19.008519318,-48.594220562,-71.330216568,Neighboring_prefs,16.723809523809525,4.071428571428571,8.844138223263217,3.994496496718575,2900861,2860000,305,0,0,407,220,168,2859832
2020-05-04,2020年5月第1週,19,Nagano,5,0,1,0,0,3,-55.939701053,17.716215204,-49.859124086,-89.007690772,Neighboring_prefs,16.042857142857144,2.375,10.004720814732003,6.491482753219167,2104381,2049000,266,1,0,312,214,75,2048925
2020-05-04,2020年5月第1週,19,Shizuoka,0,0,1,0,0,0,-51.681470428,19.32709356,-52.47101691,-85.607450736,Neighboring_prefs,18.742857142857144,4.666666666666667,11.72933866507221,0.9158378631161428,3711031,3644000,509,0,2,514,399,72,3643928
2020-05-04,2020年5月第1週,19,Tochigi,2,0,1,0,0,2,-46.429485823,17.354825076,-50.348976542,-74.886019039,Neighboring_prefs,17.142857142857142,3.7142857142857144,3.295905847787977,6.527250102310812,1972270,1934000,398,4,4,519,520,56,1933944
2020-05-04,2020年5月第1週,19,Yamanashi,0,0,1,0,0,0,-61.918842449,21.199059206,-46.707597194,-83.640858863,Yamanashi,15.964285714285714,1.3214285714285714,4.879318304884364,1.431351550064247,835496,811000,393,1,3,356,382,56,810944
2020-05-11,2020年5月第2週,20,Gunma,0,0,1,0,0,0,-46.841973053,10.424106304,-18.664702037,-51.158910094,Neighboring_prefs,21.457142857142856,0.5357142857142857,1.7349776235701375,2.335795820663029,1971121,1942000,237,2,0,166,201,147,1941853
2020-05-11,2020年5月第2週,20,Ibaraki,0,0,1,0,0,0,-50.205577033,12.139800541,-21.109115823,-44.947351228,Neighboring_prefs,19.571428571428573,1.4285714285714286,4.012258249882299,0.5891249653660308,2899821,2860000,407,0,0,220,163,168,2859832
2020-05-11,2020年5月第2週,20,Nagano,1,0,1,0,0,1,-59.430113144,11.572330986,-20.294099045,-67.322193912,Neighboring_prefs,17.77857142857143,1.9285714285714286,6.528444806066267,1.2677120455152329,2102127,2049000,312,0,0,214,213,76,2048924
2020-05-11,2020年5月第2週,20,Shizuoka,0,0,1,0,0,0,-57.158920998,11.855259082,-21.921394856,-64.524155147,Neighboring_prefs,20.614285714285714,4.523809523809524,0.90866193762308,2.546081281360431,3720237,3644000,514,2,1,399,327,72,3643928
2020-05-11,2020年5月第2週,20,Tochigi,4,0,1,0,0,5,-51.308010928,10.947459778,-21.220871658,-50.947770031,Neighboring_prefs,20.84285714285714,0.9285714285714286,6.52931852207085,8.144983240002594,1972121,1934000,519,4,1,520,587,60,1933940
2020-05-11,2020年5月第2週,20,Yamanashi,1,0,1,0,0,2,-66.157092603,13.518396506,-17.862060397,-65.21992027,Yamanashi,18.82142857142857,1.1428571428571428,1.4858866640929698,4.2342275393871995,835355,811000,356,3,4,382,318,57,810943
2020-05-18,2020年5月第3週,21,Gunma,2,1,0,0,0,2,-27.554114968,9.939971005,-14.48335307,-48.511636506,Neighboring_prefs,17.014285714285716,8.535714285714286,2.323501140577058,2.1879925528696265,1974935,1942000,166,0,2,201,303,149,1941851
2020-05-18,2020年5月第3週,21,Ibaraki,0,0,0,0,0,0,-37.451944105,10.963455385,-15.798723413,-43.541368515,Neighboring_prefs,16.00952380952381,14.071428571428573,0.5934980916718308,0.38519416492792,2900399,2860000,220,0,0,163,190,168,2859832
2020-05-18,2020年5月第3週,21,Nagano,0,0,0,0,0,0,-52.137173621,11.117630111,-16.889660441,-70.73434457,Neighboring_prefs,17.635714285714286,4.553571428571429,1.2440702958760432,0.1803384392433312,2102344,2049000,214,0,0,213,256,76,2048924
2020-05-18,2020年5月第3週,21,Shizuoka,2,0,0,0,0,2,-47.672054756,10.415021375,-16.576684825,-63.21048257,Neighboring_prefs,19.752380952380953,7.904761904761905,2.536477108785525,3.367007621270911,3722459,3644000,399,1,0,327,390,74,3643926
2020-05-18,2020年5月第3週,21,Tochigi,4,0,0,0,0,4,-42.363879479,10.383938685,-16.607772664,-50.801771819,Neighboring_prefs,16.214285714285715,7.75,8.120592511281039,5.096016470459225,1976230,1934000,520,1,1,587,735,64,1933936
2020-05-18,2020年5月第3週,21,Yamanashi,3,0,0,0,0,2,-58.548025202,12.561120897,-13.971922237,-64.345867322,Yamanashi,16.564285714285713,5.821428571428571,4.226113945390896,7.135848537470089,834969,811000,382,4,3,318,396,60,810940
2020-05-25,2020年5月第4週,22,Gunma,0,0,0,0,0,0,-31.196058209,8.597039778,-12.466270554,-43.824327818,Neighboring_prefs,21.67857142857143,1.8928571428571428,2.2002176821833537,2.184747932142217,1973313,1942000,201,2,0,303,407,149,1941851
2020-05-25,2020年5月第4週,22,Ibaraki,0,1,0,0,0,0,-31.333202275,9.410330952,-12.779223354,-39.854590279,Neighboring_prefs,19.823809523809523,3.0714285714285716,0.4143634648300262,0.4554798081651226,2897934,2860000,163,0,0,190,186,168,2859832
2020-05-25,2020年5月第4週,22,Nagano,0,0,0,0,0,0,-45.468652978,9.392182412,-14.850552791,-67.683295197,Neighboring_prefs,18.132142857142856,1.7678571428571428,0.16885201352219997,0.20627971948834764,2099097,2049000,213,0,0,256,206,76,2048924
2020-05-25,2020年5月第4週,22,Shizuoka,1,0,0,0,0,1,-41.118349422,8.927241582,-14.696650121,-59.816761227,Neighboring_prefs,21.83809523809524,0.14285714285714285,3.397719772972437,1.4246952758843128,3722864,3644000,327,0,2,390,360,75,3643925
2020-05-25,2020年5月第4週,22,Tochigi,1,0,0,0,0,0,-36.321306948,9.018263472,-15.565595662,-47.939372771,Neighboring_prefs,20.492857142857144,5.964285714285714,5.089483239173409,2.1916416748605796,1973159,1934000,587,1,0,735,733,65,1933935
2020-05-25,2020年5月第4週,22,Yamanashi,4,1,0,0,0,4,-52.301211352,10.545762763,-10.969834324,-58.985838271,Yamanashi,18.185714285714283,1.1785714285714286,7.131769357474693,7.166136906038682,836981,811000,318,3,4,396,477,64,810936
2020-06-01,2020年6月第1週,23,Gunma,2,0,0,0,0,2,-29.135090964,12.162349358,-23.880734408,-58.312913998,Neighboring_prefs,23.67142857142857,4.607142857142857,2.194975629227475,2.278986004425834,1971661,1942000,303,0,0,407,280,151,1941849
2020-06-01,2020年6月第1週,23,Ibaraki,0,0,0,0,0,0,-23.639699112,13.657943667,-24.892464425,-56.804839212,Neighboring_prefs,21.47142857142857,0.16666666666666666,0.4830755210396125,0.6221739047123005,2885364,2860000,190,0,2,186,115,168,2859832
2020-06-01,2020年6月第1週,23,Nagano,0,0,0,0,0,0,-38.977741876,12.649681754,-26.675780856,-82.864519731,Neighboring_prefs,21.567857142857143,0.017857142857142856,0.2026583089949615,0.2446807693952453,2104251,2049000,256,0,1,206,199,76,2048924
2020-06-01,2020年6月第1週,23,Shizuoka,0,0,0,0,0,0,-32.225219361,12.475702526,-24.978767456,-77.08257531,Neighboring_prefs,23.271428571428572,0.21428571428571427,1.46308084437467,2.497351773066015,3724546,3644000,390,2,3,360,358,75,3643925
2020-06-01,2020年6月第1週,23,Tochigi,1,0,0,0,0,1,-32.049953246,12.364978513,-27.048279196,-63.626954696,Neighboring_prefs,22.52857142857143,0.9642857142857143,2.202370103643663,1.2946863241058606,1970890,1934000,735,0,0,733,627,66,1933934
2020-06-01,2020年6月第1週,23,Yamanashi,3,0,0,0,0,3,-47.224102406,15.598531687,-26.29562908,-78.496162969,Yamanashi,20.95,0.39285714285714285,7.176390802225593,7.211434393656134,836579,811000,396,4,1,477,406,67,810933
2020-06-08,2020年6月第2週,24,Gunma,0,0,0,0,0,0,-23.914655412,11.45731337,-21.190546481,-54.254511648,Neighboring_prefs,24.67857142857143,12.785714285714286,2.31175054385628,0.4988857247578511,1970623,1942000,407,0,1,280,298,151,1941849
2020-06-08,2020年6月第2週,24,Ibaraki,0,0,0,0,0,0,-19.864053879,12.637014925,-22.042685171,-53.286370646,Neighboring_prefs,23.004761904761903,10.404761904761905,0.669647104562719,2.73824445032678,2881468,2860000,186,2,3,115,124,168,2859832
2020-06-08,2020年6月第2週,24,Nagano,0,0,0,0,0,0,-29.165500063,11.898326073,-24.413792782,-78.193231441,Neighboring_prefs,22.46785714285714,13.785714285714286,0.3082077021346677,1.3812674179558624,2101847,2049000,206,1,0,199,284,76,2048924
2020-06-08,2020年6月第2週,24,Shizuoka,2,0,0,0,0,2,-26.416474554,12.207147025,-23.960285806,-73.759089999,Neighboring_prefs,23.97142857142857,14.047619047619047,2.570652699351426,5.692842923015283,3724588,3644000,360,3,0,358,393,77,3643923
2020-06-08,2020年6月第2週,24,Tochigi,0,0,0,0,0,0,-25.673836963,12.032928598,-25.243719573,-58.463273157,Neighboring_prefs,23.685714285714287,12.178571428571429,1.3310651828663973,0.46894518478173897,1976843,1934000,733,0,8,627,827,66,1933934
2020-06-08,2020年6月第2週,24,Yamanashi,4,0,0,0,0,4,-39.612825631,15.15431448,-25.386401737,-71.550952076,Yamanashi,22.35,4.928571428571429,7.216700434522405,5.352856429616743,837829,811000,477,1,2,406,290,71,810929
2020-06-15,2020年6月第3週,25,Gunma,0,0,0,0,0,0,-18.605838366,5.696906954,-5.202984928,-27.710902497,Neighboring_prefs,23.46428571428571,5.964285714285714,0.5278827891103219,2.0231444573516835,1974242,1942000,280,1,3,298,413,151,1941849
2020-06-15,2020年6月第3週,25,Ibaraki,2,0,0,0,0,2,-9.965806399,6.906716157,-8.919181324,-30.706471594,Neighboring_prefs,21.704761904761906,4.857142857142857,2.7731031886465636,6.270872774290997,2880287,2860000,115,3,10,124,254,170,2859830
2020-06-15,2020年6月第3週,25,Nagano,1,0,0,0,0,1,-17.622708894,6.977099474,-10.330802521,-45.510493352,Neighboring_prefs,20.560714285714287,5.285714285714286,1.4071840177136985,1.5840198009776445,2111630,2049000,199,0,0,284,321,77,2048923
2020-06-15,2020年6月第3週,25,Shizuoka,3,0,0,0,0,3,-13.856658805,7.23446659,-10.242128464,-45.938572368,Neighboring_prefs,23.238095238095237,9.523809523809524,5.760315555346195,4.11446811518473,3737514,3644000,358,0,6,393,588,80,3643920
2020-06-15,2020年6月第3週,25,Tochigi,0,0,0,0,0,0,-17.1703232,7.082955606,-11.664916657,-31.967960455,Neighboring_prefs,22.285714285714285,9.785714285714286,0.5019536542250616,8.608138616986531,1984353,1934000,627,8,13,827,1230,66,1933934
2020-06-15,2020年6月第3週,25,Yamanashi,1,0,0,0,0,1,-22.876750232,7.502494057,-8.681050461,-36.453378357,Yamanashi,20.75,5.678571428571429,5.345500467299193,3.5881233442779763,847227,811000,406,2,1,290,360,72,810928
2020-06-22,2020年6月第4週,26,Gunma,1,0,0,0,0,1,-17.589807481,5.551646488,-5.941902822,-23.857532652,Neighboring_prefs,22.75,7.535714285714286,2.141192527355694,6.271106493287496,1979049,1942000,298,3,0,413,432,152,1941848
2020-06-22,2020年6月第4週,26,Ibaraki,3,0,0,0,0,4,-12.860397526,6.225044836,-8.557529093,-27.483235544,Neighboring_prefs,20.514285714285716,11.428571428571429,6.41700791514153,15.761759472458928,2876527,2860000,124,10,16,254,320,173,2859827
2020-06-22,2020年6月第4週,26,Nagano,0,0,0,0,0,0,-16.538001247,6.023998994,-9.64229928,-38.896996783,Neighboring_prefs,22.521428571428572,5.553571428571429,1.6832935413806314,1.2912535004920929,2114271,2049000,284,0,1,321,342,77,2048923
2020-06-22,2020年6月第4週,26,Shizuoka,0,0,0,0,0,1,-11.202007774,6.20352004,-9.022762457,-36.221523228,Neighboring_prefs,24.485714285714284,11.690476190476192,4.2842359517459,8.452148740167624,3738637,3644000,393,6,8,588,889,80,3643920
2020-06-22,2020年6月第4週,26,Tochigi,8,0,0,0,0,10,-17.707089707,6.240172318,-9.607364633,-25.42969071,Neighboring_prefs,21.814285714285713,11.357142857142858,8.721331753996232,22.29068111305731,1990244,1934000,827,13,8,1230,1363,74,1933926
2020-06-22,2020年6月第4週,26,Yamanashi,2,0,0,0,0,2,-17.985407861,7.572418153,-9.606913074,-25.692181217,Yamanashi,21.728571428571428,8.785714285714286,3.7436073521930937,4.44895597145747,852124,811000,290,1,1,360,283,74,810926
2020-06-29,2020年7月第1週,27,Gunma,3,0,0,0,0,3,-16.626018832,2.902554271,-1.946009313,-21.903034921,Neighboring_prefs,24.6,7.214285714285714,6.458382817480458,7.403021464735268,1969072,1942000,413,0,12,432,651,155,1941845
2020-06-29,2020年7月第1週,27,Ibaraki,10,0,0,0,0,12,-15.234905753,3.878846952,-6.115536579,-14.204762848,Neighboring_prefs,22.81904761904762,11.380952380952381,15.86213789029384,30.969906195732264,2868177,2860000,254,16,26,320,480,183,2859817
2020-06-29,2020年7月第1週,27,Nagano,0,0,0,0,0,0,-23.938660002,3.788830935,-6.530960213,-35.673691791,Neighboring_prefs,21.92142857142857,12.946428571428571,1.479539890476695,3.678793201513749,2108921,2049000,321,1,6,342,488,77,2048923
2020-06-29,2020年7月第1週,27,Shizuoka,6,0,0,0,0,5,-16.217987122,4.211058063,-7.896003424,-33.721962821,Neighboring_prefs,24.152380952380952,37.45238095238095,8.764034953568707,19.05731918208846,3720802,3644000,588,8,14,889,1252,86,3643914
2020-06-29,2020年7月第1週,27,Tochigi,13,0,0,0,0,11,-20.700277526,4.452956432,-8.527538299,-21.702890739,Neighboring_prefs,23.535714285714285,10.714285714285714,22.474549922751436,24.253242025671423,1979597,1934000,1230,8,38,1363,1530,87,1933913
2020-06-29,2020年7月第1週,27,Yamanashi,1,0,0,0,0,1,-23.148581166,4.400515749,-9.239524838,-36.509153208,Yamanashi,21.9,16.892857142857142,4.685979021027581,5.144369917794162,838830,811000,360,1,2,283,320,75,810925
2020-07-06,2020年7月第2週,28,Gunma,0,0,0,0,0,2,-17.391704511,4.954290476,-4.526948705,-34.166560692,Neighboring_prefs,25.064285714285713,10.035714285714286,7.1797432437407736,18.100989035131608,1971972,1942000,432,12,12,651,500,155,1941845
2020-07-06,2020年7月第2週,28,Ibaraki,16,0,0,0,0,16,-15.848076573,6.30784154,-8.535327301,-29.553087811,Neighboring_prefs,24.766666666666666,6.4523809523809526,30.75913109322404,49.334349736900826,2868138,2860000,320,26,17,480,430,199,2859801
2020-07-06,2020年7月第2週,28,Nagano,1,0,0,0,0,2,-27.282566457,6.455024695,-13.529691827,-61.225642206,Neighboring_prefs,22.77857142857143,22.428571428571427,3.767112128950039,11.234845641024084,2106787,2049000,342,6,8,488,877,78,2048922
2020-07-06,2020年7月第2週,28,Shizuoka,8,0,0,0,0,8,-24.713493052,6.20011102,-10.054103436,-50.311721845,Neighboring_prefs,25.128571428571426,27.833333333333336,18.67634685083637,29.53903425478529,3721599,3644000,889,14,78,1252,1682,94,3643906
2020-07-06,2020年7月第2週,28,Tochigi,8,0,0,0,0,11,-23.92502053,6.419456755,-11.851832221,-38.184492879,Neighboring_prefs,24.585714285714285,10.642857142857142,24.153988352253947,50.25734269495687,1973858,1934000,1363,38,30,1530,1620,95,1933905
2020-07-06,2020年7月第2週,28,Yamanashi,1,0,0,0,0,1,-33.848525847,7.302675934,-10.989223807,-51.684596541,Yamanashi,23.40714285714286,22.142857142857142,4.758452909437909,7.173109819703394,840785,811000,283,2,8,320,399,76,810924
2020-07-13,2020年7月第3週,29,Gunma,12,0,0,0,0,10,-8.494700572,3.218375974,2.037667803,-25.770675999,Neighboring_prefs,21.70714285714286,5.535714285714286,18.03148745246731,31.20847861260082,1976549,1942000,651,12,13,500,772,167,1941833
2020-07-13,2020年7月第3週,29,Ibaraki,26,0,0,0,0,24,-8.898517055,4.169009146,-3.857405273,-24.622108332,Neighboring_prefs,20.242857142857144,4.928571428571429,49.322175024781146,52.79641272633255,2872777,2860000,480,17,80,430,777,225,2859775
2020-07-13,2020年7月第3週,29,Nagano,6,0,0,0,0,7,-20.40306843,3.937112965,-3.87715046,-51.602806142,Neighboring_prefs,21.889285714285712,6.285714285714286,11.184065538016291,19.843171511875923,2112823,2049000,488,8,25,877,1968,84,2048916
2020-07-13,2020年7月第3週,29,Shizuoka,14,0,0,0,0,15,-14.727113046,3.732610336,-1.81860385,-41.692553331,Neighboring_prefs,23.623809523809523,16.476190476190474,29.16524449088348,101.9680677475032,3734955,3644000,1252,78,121,1682,2851,108,3643892
2020-07-13,2020年7月第3週,29,Tochigi,38,0,0,0,0,38,-17.226416464,4.398756201,-5.672079985,-28.022456732,Neighboring_prefs,20.885714285714286,5.535714285714286,49.90483526051168,72.5674405366228,1979978,1934000,1530,30,36,1620,2307,133,1933867
2020-07-13,2020年7月第3週,29,Yamanashi,2,0,0,5,5,3,-7.851154688,4.707412336,-2.961442075,-46.524023212,Yamanashi,21.385714285714286,6.285714285714286,6.80947659964012,14.735880839304665,844704,811000,320,8,17,399,467,78,810922
2020-07-20,2020年7月第4週,30,Gunma,12,0,0,0,0,12,6.318277237,4.414854278,-9.055078857,-14.912574265,Neighboring_prefs,25.04285714285714,8.357142857142858,31.59032671014261,34.5937638461926,1984348,1942000,500,13,34,772,673,179,1941821
2020-07-20,2020年7月第4週,30,Ibaraki,17,0,0,0,0,18,7.96460177,5.932285992,-13.21253403,-7.332802287,Neighboring_prefs,23.447619047619046,7.928571428571428,52.801922284801165,107.32786563588284,2888484,2860000,430,80,75,777,1075,242,2859758
2020-07-20,2020年7月第4週,30,Nagano,8,0,0,0,0,6,-5.205683316,4.241899967,-12.363106123,-12.038450248,Neighboring_prefs,23.267857142857142,12.625,19.89412954526766,41.53803021808785,2170827,2049000,877,25,14,1968,1711,92,2048908
2020-07-20,2020年7月第4週,30,Shizuoka,78,0,0,0,0,91,-2.856563346,5.072752955,-11.312460732,-18.597513843,Neighboring_prefs,26.195238095238096,39.40476190476191,102.64859962604756,215.26374692002847,3772115,3644000,1682,121,57,2851,2979,186,3643814
2020-07-20,2020年7月第4週,30,Tochigi,30,0,0,0,0,31,-0.566943902,5.450831183,-16.492388136,-11.988429072,Neighboring_prefs,24.54285714285714,6.142857142857143,72.68516315192437,73.06729161703043,1997233,1934000,1620,36,47,2307,2221,163,1933837
2020-07-20,2020年7月第4週,30,Yamanashi,8,0,0,0,5,9,-3.176500474,7.165073951,-16.455129581,-11.548749516,Yamanashi,23.464285714285715,28.571428571428573,14.96756853951034,31.226042118536466,879320,811000,399,17,27,467,727,86,810914
2020-07-27,2020年7月第5週,31,Gunma,13,0,0,0,0,15,-15.187858287,3.730554412,1.698300808,-32.191047822,Neighboring_prefs,24.87142857142857,3.8214285714285716,36.676095823716174,60.165871889139304,1972168,1942000,772,34,72,673,851,192,1941808
2020-07-27,2020年7月第5週,31,Ibaraki,80,0,0,0,0,83,-17.086096216,4.900651424,-4.155207125,-24.152377956,Neighboring_prefs,23.142857142857142,3.7857142857142856,108.71061838326207,168.07485329711383,2884234,2860000,777,75,55,1075,801,322,2859678
2020-07-27,2020年7月第5週,31,Nagano,25,0,0,0,0,27,-33.303080973,4.320158621,-4.97272329,-52.770891229,Neighboring_prefs,24.24642857142857,5.928571428571429,47.71592216217446,56.870663830476296,2129845,2049000,1968,14,17,1711,1155,117,2048883
2020-07-27,2020年7月第5週,31,Shizuoka,121,0,0,0,0,109,-33.047424169,5.040958819,-6.274441814,-49.580277484,Neighboring_prefs,25.98095238095238,2.9761904761904763,220.34097605334705,207.43301036536596,3736658,3644000,2851,57,53,2979,2705,307,3643693
2020-07-27,2020年7月第5週,31,Tochigi,36,0,0,0,0,35,-26.733412644,4.68936697,-5.413205805,-33.23962311,Neighboring_prefs,23.92857142857143,4.857142857142857,75.49408927318633,94.7298751570671,1980791,1934000,2307,47,30,2221,1758,199,1933801
2020-07-27,2020年7月第5週,31,Yamanashi,17,0,0,21,26,19,-36.372401448,5.628480345,-5.994129928,-52.307178997,Yamanashi,23.55,4.857142857142857,34.62886178044564,55.180999718212206,851215,811000,467,27,10,727,515,103,810897
2020-08-03,2020年8月第1週,32,Gunma,34,0,0,0,0,40,-16.564180796,4.754430863,0.787348596,-29.42287844,Neighboring_prefs,29.114285714285714,0,60.20472115751772,116.00382556863346,1994398,1942000,673,72,82,851,1231,226,1941774
2020-08-03,2020年8月第1週,32,Ibaraki,75,0,0,0,0,76,-16.395496794,5.687149042,-4.388931644,-32.794490541,Neighboring_prefs,26.65714285714286,0,168.58934262085108,144.1726170727363,2881062,2860000,1075,55,51,801,711,397,2859603
2020-08-03,2020年8月第1週,32,Nagano,14,0,0,0,0,13,-31.180464923,5.937637452,-5.150900377,-50.564690032,Neighboring_prefs,26.564285714285713,0.8214285714285714,58.1267536558456,49.68430113608305,2178406,2049000,1711,17,24,1155,1443,131,2048869
2020-08-03,2020年8月第1週,32,Shizuoka,57,0,0,0,0,61,-27.443547627,6.574880931,-6.053397281,-47.823654603,Neighboring_prefs,28.314285714285713,0.30952380952380953,206.16335018194508,138.28003037205588,3773321,3644000,2979,53,24,2705,3286,364,3643636
2020-08-03,2020年8月第1週,32,Tochigi,47,0,0,0,0,47,-16.030047022,5.372983665,-4.108774276,-35.272603058,Neighboring_prefs,27.72857142857143,0,94.4142979116166,88.72724339992911,1986576,1934000,2221,30,13,1758,1834,246,1933754
2020-08-03,2020年8月第1週,32,Yamanashi,27,0,0,35,61,25,-22.559349273,6.003931799,-3.984337048,-41.578277571,Yamanashi,26.271428571428572,0.25,55.82702339333235,48.7673668509622,882321,811000,727,10,27,515,480,130,810870
2020-08-10,2020年8月第2週,33,Gunma,72,0,0,0,0,73,-39.872590744,7.448239265,-0.538924094,-37.655834943,Neighboring_prefs,31.2,3.9285714285714284,115.56057958493108,159.31033799624944,2003490,1942000,851,82,57,1231,1560,298,1941702
2020-08-10,2020年8月第2週,33,Ibaraki,55,0,0,0,0,53,-35.787828431,8.141017138,-7.110841069,-41.737267566,Neighboring_prefs,28.676190476190474,2.047619047619048,143.8120096757771,117.93487661644762,2873740,2860000,801,51,41,711,746,452,2859548
2020-08-10,2020年8月第2週,33,Nagano,17,0,0,0,0,17,-45.105106296,7.153520593,-6.024923304,-51.971270342,Neighboring_prefs,28.146428571428572,0.017857142857142856,48.13845900753343,55.40081360477997,2258628,2049000,1155,24,77,1443,1877,148,2048852
2020-08-10,2020年8月第2週,33,Shizuoka,53,0,0,0,0,48,-42.252078357,8.388119094,-3.447950344,-47.797772532,Neighboring_prefs,30.80952380952381,0,136.3798475002723,98.94290080560842,3790417,3644000,2705,24,39,3286,3223,417,3643583
2020-08-10,2020年8月第2週,33,Tochigi,30,1,0,0,0,28,-40.051600111,8.883284582,-6.857068605,-40.789172979,Neighboring_prefs,29.62142857142857,3.0357142857142856,87.80757809107592,54.073136603414135,2012398,1934000,1758,13,14,1834,1996,276,1933724
2020-08-10,2020年8月第2週,33,Yamanashi,10,0,0,22,83,10,-37.986699093,6.848601351,-4.328390526,-38.565830278,Yamanashi,28.214285714285715,0.03571428571428571,48.67102083435588,46.77255212750833,917528,811000,515,27,6,480,379,140,810860
2020-08-17,2020年8月第3週,34,Gunma,82,0,0,0,0,77,-20.18090923,4.352470277,-4.369494379,-26.335905785,Neighboring_prefs,30.15,1.1785714285714286,161.98736551400657,146.57449860389616,1980373,1942000,1231,57,45,1560,970,380,1941620
2020-08-17,2020年8月第3週,34,Ibaraki,51,1,0,0,0,51,-12.84695574,5.530801501,-5.971883817,-23.634141275,Neighboring_prefs,27.485714285714284,4,119.58184975000778,104.4466418496508,2875530,2860000,711,41,39,746,528,503,2859497
2020-08-17,2020年8月第3週,34,Nagano,24,0,0,0,0,34,-26.9451984,4.26310655,-8.21197287,-45.412673304,Neighboring_prefs,26.72142857142857,2.6607142857142856,65.40863863166211,120.5082569829874,2140689,2049000,1443,77,38,1877,2063,172,2048828
2020-08-17,2020年8月第3週,34,Shizuoka,24,0,0,0,0,28,-23.210408845,5.685251477,-7.457676415,-42.332827544,Neighboring_prefs,29.476190476190478,4.8809523809523805,107.37224444802496,88.76039506930967,3753123,3644000,3286,39,14,3223,2224,441,3643559
2020-08-17,2020年8月第3週,34,Tochigi,13,0,0,0,0,12,-18.667717161,5.331268463,-10.134202405,-27.864873584,Neighboring_prefs,28.77857142857143,0.8214285714285714,58.20321207235576,41.365572409442954,1987332,1934000,1834,14,7,1996,1821,289,1933711
2020-08-17,2020年8月第3週,34,Yamanashi,27,0,0,28,111,26,-21.338648401,5.212771199,-7.972464608,-32.926172421,Yamanashi,26.9,3.5,52.0922660003369,46.7188463222095,871057,811000,480,6,3,379,279,167,810833
2020-08-24,2020年8月第4週,35,Gunma,57,0,0,0,0,56,-9.799688769,3.460456283,-2.900973016,-19.895994805,Neighboring_prefs,29.585714285714285,0.42857142857142855,145.8930924109192,108.59253975887712,1979358,1942000,1560,45,65,970,1254,437,1941563
2020-08-24,2020年8月第4週,35,Ibaraki,41,2,0,0,0,38,-13.691556217,4.715425646,-3.996400284,-18.584776348,Neighboring_prefs,27.742857142857144,0,104.14682803941352,89.65083418859899,2869012,2860000,746,39,29,528,484,544,2859456
2020-08-24,2020年8月第4週,35,Nagano,77,0,0,0,0,73,-25.202397381,4.286396694,-8.267498189,-35.47435297,Neighboring_prefs,27.17142857142857,4.053571428571429,120.79636121716742,129.9041479825009,2140545,2049000,1877,38,9,2063,972,249,2048751
2020-08-24,2020年8月第4週,35,Shizuoka,39,0,0,0,0,34,-18.865488076,4.093544971,-6.175196049,-37.261867463,Neighboring_prefs,28.704761904761906,1.1666666666666665,88.9442115301594,73.78920098062288,3744544,3644000,3223,14,10,2224,2088,480,3643520
2020-08-24,2020年8月第4週,35,Tochigi,14,0,0,0,0,14,-13.185701817,4.143055139,-7.768515877,-24.87033106,Neighboring_prefs,28.771428571428572,0.03571428571428571,41.29210120601298,32.863427886087145,1985525,1934000,1996,7,28,1821,1692,303,1933697
2020-08-24,2020年8月第4週,35,Yamanashi,6,2,0,15,126,5,-17.232230438,3.882468526,-7.239660379,-38.869355493,Yamanashi,25.95714285714286,1.0714285714285714,46.20645630765354,20.96854988196555,857197,811000,379,3,3,279,257,173,810827
2020-08-31,2020年9月第1週,36,Gunma,45,0,0,0,0,51,-17.65023405,4.047430903,-3.742267145,-23.321947807,Neighboring_prefs,27.2,10.178571428571429,106.53633099839116,112.6992180168881,1975683,1942000,970,65,116,1254,2331,482,1941518
2020-08-31,2020年9月第1週,36,Ibaraki,39,1,0,0,0,38,-12.531091807,4.7489845,-5.357508323,-21.987652939,Neighboring_prefs,26.447619047619046,3.3095238095238098,88.106857016576,75.3266729643609,2872357,2860000,528,29,12,484,424,583,2859417
2020-08-31,2020年9月第1週,36,Nagano,38,1,0,0,0,34,-26.374769101,4.838489494,-6.781181878,-42.275597054,Neighboring_prefs,26.117857142857144,2.5535714285714284,123.44456400245213,55.11032140708166,2122705,2049000,2063,9,5,972,780,287,2048713
2020-08-31,2020年9月第1週,36,Shizuoka,14,0,0,0,0,14,-16.289779634,4.580927484,-6.465679164,-34.041152221,Neighboring_prefs,27.895238095238096,14.714285714285715,68.64969923345116,38.48137230069212,3735567,3644000,2224,10,18,2088,2131,494,3643506
2020-08-31,2020年9月第1週,36,Tochigi,7,0,0,0,0,11,-15.04698821,4.462922226,-8.412196713,-26.435135942,Neighboring_prefs,26.65,6.142857142857143,29.883074744828313,42.11369899884898,1975375,1934000,1821,28,49,1692,2393,310,1933690
2020-08-31,2020年9月第1週,36,Yamanashi,3,2,0,46,172,4,-17.847761288,4.360944175,-4.187250781,-36.463860069,Yamanashi,25.235714285714284,7.821428571428571,17.04844515666485,13.238947103151547,848468,811000,279,3,1,257,284,176,810824
2020-09-07,2020年9月第2週,37,Gunma,65,0,0,0,0,62,-12.267085384,5.193073269,-3.398759667,-32.600775222,Neighboring_prefs,26.871428571428574,1.3571428571428572,112.32331311998078,180.462779766211,1977278,1942000,1254,116,36,2331,815,547,1941453
2020-09-07,2020年9月第2週,37,Ibaraki,29,1,0,0,0,31,-7.980622005,4.981859717,-4.316123189,-26.219030279,Neighboring_prefs,26.271428571428572,3.7857142857142856,74.8675079970817,50.091943813141135,2874624,2860000,484,12,14,424,260,612,2859388
2020-09-07,2020年9月第2週,37,Nagano,9,0,0,0,0,6,-19.79896114,6.940653549,-7.716778792,-49.118051401,Neighboring_prefs,24.46785714285714,4.839285714285714,53.95938420834142,21.41472736721184,2129410,2049000,972,5,4,780,631,296,2048704
2020-09-07,2020年9月第2週,37,Shizuoka,10,1,0,0,0,10,-10.622423218,6.141440089,-7.924434096,-41.800307896,Neighboring_prefs,26.776190476190475,11,36.90384178640482,40.49855321426024,3729986,3644000,2088,18,10,2131,1701,504,3643496
2020-09-07,2020年9月第2週,37,Tochigi,28,0,0,0,0,45,-15.18405311,5.336466405,-6.673646702,-32.971113513,Neighboring_prefs,26.1,4.035714285714286,41.37085202145469,81.95850549975266,1982773,1934000,1692,49,39,2393,2121,338,1933662
2020-09-07,2020年9月第2週,37,Yamanashi,3,0,0,54,226,2,-12.88922954,6.260136878,-4.863405498,-41.039263272,Yamanashi,23.85,4.428571428571429,12.016318948472245,10.130910890653146,857065,811000,257,1,2,284,225,179,810821
2020-09-14,2020年9月第3週,38,Gunma,116,0,0,0,0,117,-14.229372952,3.060424746,1.625096582,-15.166826357,Neighboring_prefs,24.07142857142857,6.678571428571429,180.20710621659993,152.1366818798565,1991883,1942000,2331,36,29,815,635,663,1941337
2020-09-14,2020年9月第3週,38,Ibaraki,12,1,0,0,0,13,0.063083881,2.588109362,0.86415814,-13.553040116,Neighboring_prefs,23.376190476190477,1.4285714285714286,50.232366629605856,35.19896931994992,2868479,2860000,424,14,38,260,284,624,2859376
2020-09-14,2020年9月第3週,38,Nagano,5,0,0,0,0,7,0.647778652,4.644945369,-0.206317826,-10.022329615,Neighboring_prefs,21.832142857142856,1.4821428571428572,20.587720227533932,14.975371734648302,2180532,2049000,780,4,8,631,746,301,2048699
2020-09-14,2020年9月第3週,38,Shizuoka,18,0,0,0,0,18,3.682883352,4.24221501,-2.819633414,-23.014148961,Neighboring_prefs,25.74761904761905,1.2380952380952381,39.78867535705805,38.567593600919174,3758287,3644000,2131,10,26,1701,1984,522,3643478
2020-09-14,2020年9月第3週,38,Tochigi,49,0,0,0,0,40,-4.518930764,3.025887994,-0.08524321,-17.502102153,Neighboring_prefs,23.435714285714287,1.9285714285714286,81.77445169998828,91.37163395836131,1994766,1934000,2393,39,10,2121,2892,387,1933613
2020-09-14,2020年9月第3週,38,Yamanashi,1,1,0,53,279,1,15.331461432,3.395762079,1.711956941,-12.852003344,Yamanashi,22.90714285714286,0.25,9.797854360485802,8.247231586439536,876932,811000,284,2,12,225,252,180,810820
2020-09-21,2020年9月第4週,39,Gunma,36,0,0,0,0,29,-7.049279361,4.41591041,-7.128236493,-3.386094124,Neighboring_prefs,20.77857142857143,4.714285714285714,152.96098112580307,69.84258516140889,2000272,1942000,815,29,31,635,1011,699,1941301
2020-09-21,2020年9月第4週,39,Ibaraki,14,1,0,0,0,22,0.924361216,4.857270872,-11.028150117,-11.325620583,Neighboring_prefs,20.061904761904763,6.880952380952381,36.16847405205112,60.50509848448111,2880941,2860000,260,38,33,284,301,638,2859362
2020-09-21,2020年9月第4週,39,Nagano,4,0,0,0,0,2,6.518844944,4.814580884,-8.452608319,17.412657405,Neighboring_prefs,19.464285714285715,6.678571428571429,17.169878168483713,20.217716028962425,2188308,2049000,631,8,7,746,740,305,2048695
2020-09-21,2020年9月第4週,39,Shizuoka,10,0,0,0,0,10,6.060776396,4.769899386,-9.115766989,-7.236581812,Neighboring_prefs,23.395238095238096,4.738095238095238,40.45083421275955,48.29760619862344,3767450,3644000,1701,26,8,1984,1923,532,3643468
2020-09-21,2020年9月第4週,39,Tochigi,39,0,0,0,0,27,-1.551292302,3.981508303,-9.433656468,-5.565057705,Neighboring_prefs,20.34285714285714,2.3214285714285716,92.36719871200742,55.10388287909046,2002683,1934000,2121,10,8,2892,2895,426,1933574
2020-09-21,2020年9月第4週,39,Yamanashi,2,0,0,58,337,3,25.288080485,4.713547732,-9.188205406,16.604016371,Yamanashi,18.857142857142858,5.607142857142857,9.63911254126177,20.41770601160406,886161,811000,225,12,3,252,197,182,810818
2020-09-28,2020年10月第1週,40,Gunma,29,0,0,0,0,29,-17.215681386,2.499408916,-0.355963162,-7.562359446,Neighboring_prefs,20.335714285714285,0,71.04352330746048,67.30474056748986,1984173,1942000,635,31,15,1011,957,728,1941272
2020-09-28,2020年10月第1週,40,Ibaraki,38,0,0,0,0,28,-9.391010689,2.536393445,-1.739553082,-19.959218391,Neighboring_prefs,19.242857142857144,0,61.594222614018975,80.93810764963571,2867270,2860000,284,33,19,301,476,676,2859324
2020-09-28,2020年10月第1週,40,Nagano,8,0,0,0,0,8,-10.532286213,3.2729198,-3.544744826,-9.89142258,Neighboring_prefs,17.1,0.08928571428571429,22.804838205256893,26.39894301031449,2134819,2049000,746,7,6,740,988,313,2048687
2020-09-28,2020年10月第1週,40,Shizuoka,26,0,0,0,0,26,-3.928215744,3.145120913,-6.011244527,-22.64485155,Neighboring_prefs,21.952380952380953,0.023809523809523808,50.72155767117141,49.377921423943235,3733769,3644000,1984,8,12,1923,2203,558,3643442
2020-09-28,2020年10月第1週,40,Tochigi,10,0,0,0,0,11,-13.488279224,2.696504329,-5.076818058,-10.838092156,Neighboring_prefs,19.621428571428574,0,56.20129940724123,28.18010407493069,1978700,1934000,2892,8,21,2895,3012,436,1933564
2020-09-28,2020年10月第1週,40,Yamanashi,12,0,0,100,437,12,1.322564744,2.248008721,-2.23805764,-10.083248116,Yamanashi,17.742857142857144,0,22.14706560426555,23.808212682652695,854678,811000,252,3,2,197,222,194,810806
2020-10-05,2020年10月第2週,41,Gunma,31,0,0,0,0,33,12.950675255,1.233645349,2.821222349,-4.907878851,Neighboring_prefs,17.685714285714287,17.5,66.55583733101217,53.80436795317095,1979616,1942000,1011,15,93,957,2129,759,1941241
2020-10-05,2020年10月第2週,41,Ibaraki,33,0,0,0,0,33,25.213952247,1.391757826,2.597176429,-13.290045579,Neighboring_prefs,17.714285714285715,16.238095238095237,80.49601529286002,63.055873285110216,2863171,2860000,301,19,13,476,139,709,2859291
2020-10-05,2020年10月第2週,41,Nagano,7,0,0,0,0,7,23.816643704,2.505732768,0.503177752,-5.958725051,Neighboring_prefs,15.32857142857143,14.875,24.557664077535332,22.587773199358704,2136609,2049000,740,6,8,988,1193,320,2048680
2020-10-05,2020年10月第2週,41,Shizuoka,8,0,0,0,0,9,28.640662932,1.970080097,-0.996168556,-19.646691964,Neighboring_prefs,19.885714285714286,24.595238095238095,47.56384307554833,34.122185752881435,3726429,3644000,1923,12,14,2203,2104,566,3643434
2020-10-05,2020年10月第2週,41,Tochigi,8,0,0,0,0,7,22.965849055,1.916975205,0.723842959,-7.261670665,Neighboring_prefs,17.29285714285714,14.285714285714286,27.079214323302743,37.70445323421355,1979277,1934000,2895,21,12,3012,3054,444,1933556
2020-10-05,2020年10月第2週,41,Yamanashi,3,0,0,112,549,2,40.546006067,2.364894903,0.249472761,1.550742013,Yamanashi,15.814285714285715,29.642857142857142,22.747506509672167,13.29946442334737,844798,811000,197,2,4,222,207,197,810803
2020-10-12,2020年10月第3週,42,Gunma,15,0,0,0,0,24,1.104964446,2.08429455,3.470224907,-7.796261661,Neighboring_prefs,17.464285714285715,2.7857142857142856,52.49568748763017,111.40946062198132,1984994,1942000,957,93,34,2129,908,774,1941226
2020-10-12,2020年10月第3週,42,Ibaraki,19,1,0,0,0,18,3.396336825,2.358515192,0.532038624,-12.606863037,Neighboring_prefs,16.695238095238096,3.738095238095238,61.59391835312182,42.65048916388883,2865266,2860000,476,13,29,139,417,728,2859272
2020-10-12,2020年10月第3週,42,Nagano,6,3,0,0,0,6,27.043286307,3.083899126,-1.965650365,-10.412893024,Neighboring_prefs,14.532142857142857,2.7857142857142856,20.08026446774863,21.321279891361588,2145807,2049000,988,8,9,1193,977,326,2048674
2020-10-12,2020年10月第3週,42,Shizuoka,12,0,0,0,0,13,3.250927193,3.286111453,-2.469192366,-29.398866489,Neighboring_prefs,19.68095238095238,2.261904761904762,31.2939058491492,37.69055882079977,3734200,3644000,2203,14,68,2104,2754,578,3643422
2020-10-12,2020年10月第3週,42,Tochigi,21,0,0,0,0,22,5.241495777,2.522103743,-2.105555113,-20.133415566,Neighboring_prefs,16.707142857142856,3,36.080337338284735,40.049372982351265,1987228,1934000,3012,12,12,3054,2299,465,1933535
2020-10-12,2020年10月第3週,42,Yamanashi,2,0,0,116,665,2,25.748834456,2.628937064,0.796139886,19.248658888,Yamanashi,15.350000000000001,3.607142857142857,10.742278413718529,11.651965960487246,858806,811000,222,4,13,207,310,199,810801
2020-10-19,2020年10月第4週,43,Gunma,93,0,0,0,0,85,-5.142365125,1.913938996,6.582333358,-6.231817422,Neighboring_prefs,14.942857142857143,1.4642857142857142,111.36966026003982,129.65125523371654,1991543,1942000,2129,34,24,908,872,867,1941133
2020-10-19,2020年10月第4週,43,Ibaraki,13,0,0,0,0,15,-2.451696736,1.496242165,3.908914019,-10.8325108,Neighboring_prefs,15.1,2.119047619047619,42.79480392330685,52.17865595298411,2870848,2860000,139,29,48,417,358,741,2859259
2020-10-19,2020年10月第4週,43,Nagano,8,0,0,0,0,8,11.17281057,2.939104419,1.568257969,-10.447621579,Neighboring_prefs,11.185714285714285,4.892857142857143,21.67919335935791,25.483664067446192,2153355,2049000,1193,9,27,977,1605,334,2048666
2020-10-19,2020年10月第4週,43,Shizuoka,14,0,0,0,0,16,-1.179363097,2.762211028,0.35302362,-21.304282444,Neighboring_prefs,16.752380952380953,3.4761904761904763,37.84983937245674,94.17557247913632,3747119,3644000,2104,68,90,2754,2902,592,3643408
2020-10-19,2020年10月第4週,43,Tochigi,12,0,0,0,0,11,-3.287520279,1.598779329,3.114892324,-6.036720827,Neighboring_prefs,14.535714285714286,2.107142857142857,40.7005710740799,32.408580024768185,1999539,1934000,3054,12,9,2299,2005,477,1933523
2020-10-19,2020年10月第4週,43,Yamanashi,4,0,0,143,808,7,17.93804563,2.871861697,4.267000112,6.323348383,Yamanashi,11.914285714285715,3.142857142857143,11.611599558540831,22.479664632399928,868318,811000,207,13,25,310,308,203,810797
2020-10-26,2020年10月第5週,44,Gunma,34,0,0,0,0,32,-6.936036163,3.206005395,-1.117843037,-14.139155881,Neighboring_prefs,14.392857142857142,0,130.13748598793418,66.35198381167639,1989742,1942000,908,24,31,872,936,901,1941099
2020-10-26,2020年10月第5週,44,Ibaraki,29,0,0,0,0,30,-7.260835187,3.264965939,-3.044159379,-14.954597278,Neighboring_prefs,13.709523809523809,0,53.2131503800362,87.87552245677905,2860666,2860000,417,48,149,358,651,770,2859230
2020-10-26,2020年10月第5週,44,Nagano,9,2,0,0,0,10,3.677401997,3.761267153,-2.554733517,-20.394804749,Neighboring_prefs,9.746428571428572,0,26.43847993541605,47.42133803206578,2146844,2049000,977,27,91,1605,2220,343,2048657
2020-10-26,2020年10月第5週,44,Shizuoka,68,0,0,0,0,65,-3.307058917,3.553326616,-5.142348929,-24.235954419,Neighboring_prefs,16.18095238095238,0,95.51516665732032,173.95822006354777,3746591,3644000,2754,90,132,2902,4456,660,3643340
2020-10-26,2020年10月第5週,44,Tochigi,12,0,0,0,0,13,-11.943200148,3.140214045,-5.648757463,-20.87777366,Neighboring_prefs,13.714285714285715,0,33.70745300133811,32.16986354100614,2003476,1934000,2299,9,18,2005,2403,489,1933511
2020-10-26,2020年10月第5週,44,Yamanashi,13,0,0,104,912,12,6.105343834,3.568706027,-2.393551786,-11.046896002,Yamanashi,11.057142857142857,0,23.666375202954857,45.51041540179977,868347,811000,310,25,42,308,601,216,810784
2020-11-02,2020年11月第1週,45,Gunma,24,1,0,0,0,25,-6.020579674,2.695370845,-0.69536928,-11.219655611,Neighboring_prefs,13.892857142857142,0.2857142857142857,66.82275837126144,69.21463500854271,1987862,1942000,872,31,89,936,1087,925,1941075
2020-11-02,2020年11月第1週,45,Ibaraki,48,0,0,0,0,52,-1.861920108,3.095264253,-2.311426279,-12.564808736,Neighboring_prefs,13.557142857142857,2.119047619047619,87.84841259198123,206.499394711693,2873181,2860000,358,149,285,651,903,818,2859182
2020-11-02,2020年11月第1週,45,Nagano,27,0,0,0,0,40,14.16473108,3.625450202,-5.491369531,-15.031021691,Neighboring_prefs,10.15,1.7321428571428572,47.544332307200634,133.62738905031,2139052,2049000,1605,91,145,2220,2983,370,2048630
2020-11-02,2020年11月第1週,45,Shizuoka,90,0,0,0,0,95,5.237437945,2.940751238,-4.245442576,-22.950459775,Neighboring_prefs,15.50952380952381,2.1904761904761902,174.92836527601634,246.35620534310996,3751095,3644000,2902,132,338,4456,5603,750,3643250
2020-11-02,2020年11月第1週,45,Tochigi,9,0,0,0,0,9,-3.109395481,2.931598384,-6.127219394,-13.052400806,Neighboring_prefs,12.992857142857142,1.25,32.52106597039982,44.044229298042424,2001904,1934000,2005,18,56,2403,3340,498,1933502
2020-11-02,2020年11月第1週,45,Yamanashi,25,0,0,150,1062,25,15.863051434,2.578962594,-2.510846507,-9.868323232,Yamanashi,11.335714285714285,1,46.04371172458901,78.12631218665332,867012,811000,308,42,35,601,428,241,810759
2020-11-09,2020年11月第2週,46,Gunma,31,0,0,0,0,34,-12.28551794,2.249438531,0.269634333,-6.920653108,Neighboring_prefs,10.714285714285714,0,68.85956057055293,139.0957649755796,1988682,1942000,936,89,150,1087,1280,956,1941044
2020-11-09,2020年11月第2週,46,Ibaraki,149,0,0,0,0,152,-10.387973408,3.197229284,-1.680629522,-6.904997719,Neighboring_prefs,10.357142857142858,0,206.970266948104,439.98297830562825,2876286,2860000,651,285,286,903,904,967,2859033
2020-11-09,2020年11月第2週,46,Nagano,91,0,0,0,0,87,1.197440255,3.998662524,-5.717285913,-7.083487015,Neighboring_prefs,6.875,0,132.79049453071497,257.0804716173115,2128967,2049000,2220,145,97,2983,2869,461,2048539
2020-11-09,2020年11月第2週,46,Shizuoka,132,2,0,0,0,138,-5.641824899,2.72495574,-3.461836163,-20.095678577,Neighboring_prefs,13.976190476190476,0,247.12995411742864,502.9247101606927,3746548,3644000,4456,338,406,5603,5483,882,3643118
2020-11-09,2020年11月第2週,46,Tochigi,18,1,0,0,0,18,-4.560282989,2.690254418,-5.202091532,-11.529429893,Neighboring_prefs,10.085714285714285,0,44.114217129809475,99.14292836494704,1991095,1934000,2403,56,62,3340,3072,516,1933484
2020-11-09,2020年11月第2週,46,Yamanashi,42,0,0,124,1186,45,8.40141555,2.138403715,-2.046739264,-3.82586527,Yamanashi,8.557142857142857,0,78.16995101739856,94.5624992983062,859133,811000,601,35,20,428,450,283,810717
2020-11-16,2020年11月第3週,47,Gunma,89,1,0,0,0,92,-11.552796404,1.61809572,2.072153338,-1.716604539,Neighboring_prefs,14.407142857142857,0.07142857142857142,138.52836992081035,255.83067508794576,1988286,1942000,1087,150,193,1280,2139,1045,1940955
2020-11-16,2020年11月第3週,47,Ibaraki,285,1,0,0,0,307,-5.816776563,2.337816164,0.021046095,3.903732329,Neighboring_prefs,15.057142857142857,0,440.8988765785391,575.1479776089188,2876104,2860000,903,286,294,904,804,1252,2858748
2020-11-16,2020年11月第3週,47,Nagano,145,0,0,0,0,147,-0.249151516,3.489733616,-4.408040668,0.197527198,Neighboring_prefs,13.121428571428572,0.6964285714285714,254.85329647302655,265.12316318879243,2141146,2049000,2983,97,100,2869,2994,606,2048394
2020-11-16,2020年11月第3週,47,Shizuoka,338,1,0,0,0,373,-4.169385,2.884434877,-3.375353317,-14.851151533,Neighboring_prefs,17.638095238095236,2.1666666666666665,502.9012873436443,777.5662152703432,3765881,3644000,5603,406,321,5483,8018,1220,3642780
2020-11-16,2020年11月第3週,47,Tochigi,56,0,0,0,0,56,-3.394078317,2.17220521,-2.382858049,-1.02872034,Neighboring_prefs,13.264285714285714,0,98.3734632980374,146.4075407120954,1997633,1934000,3340,62,115,3072,3952,572,1933428
2020-11-16,2020年11月第3週,47,Yamanashi,35,1,0,148,1334,37,18.373313728,2.186354421,-1.568410843,11.607262466,Yamanashi,12.82857142857143,0.17857142857142858,93.28573382928992,75.82154364053756,865326,811000,428,20,84,450,194,318,810682
2020-11-23,2020年11月第4週,48,Gunma,150,0,0,0,0,154,-15.124873044,3.601700652,-6.998680692,-6.687357524,Neighboring_prefs,10.885714285714286,0,256.204722776535,356.98634610133735,1979649,1942000,1280,193,264,2139,2509,1195,1940805
2020-11-23,2020年11月第4週,48,Ibaraki,286,2,0,0,0,277,-15.669715364,4.694547789,-9.430117733,-11.016231762,Neighboring_prefs,10.557142857142857,0.619047619047619,575.5426604395526,585.3488971384749,2881169,2860000,904,294,155,804,477,1538,2858462
2020-11-23,2020年11月第4週,48,Nagano,97,0,0,0,0,100,-10.796363335,4.417240781,-8.784434861,0.581576036,Neighboring_prefs,7.371428571428572,0.32142857142857145,265.20189675810525,222.46038071084752,2122637,2049000,2869,100,154,2994,3574,703,2048297
2020-11-23,2020年11月第4週,48,Shizuoka,406,5,0,0,0,401,-13.868875169,3.736912909,-7.772333333,-11.346425297,Neighboring_prefs,14.457142857142857,0.023809523809523808,780.2245736519429,766.3526125135385,3763551,3644000,5483,321,235,8018,8851,1626,3642374
2020-11-23,2020年11月第4週,48,Tochigi,62,0,0,0,0,65,-9.812546232,3.421373557,-8.201073291,-4.689005662,Neighboring_prefs,10.114285714285714,0.32142857142857145,146.56978488766498,204.6705236947638,1988644,1934000,3072,115,121,3952,4104,634,1933366
2020-11-23,2020年11月第4週,48,Yamanashi,20,1,0,132,1466,19,0.221617332,3.792628102,-6.176640832,11.239000994,Yamanashi,9.835714285714285,0,76.05268761299739,123.3468498690446,859408,811000,450,84,29,194,434,338,810662
2020-11-30,2020年12月第1週,49,Gunma,193,1,0,0,0,194,-25.886712056,2.922681882,-2.666061593,-13.950586054,Neighboring_prefs,7.964285714285714,0,356.0073037854641,469.0546950729603,1973423,1942000,2139,264,281,2509,2769,1388,1940612
2020-11-30,2020年12月第1週,49,Ibaraki,294,2,0,0,0,283,-28.139730946,3.670023992,-3.997238445,-7.40788676,Neighboring_prefs,7.214285714285714,0.8809523809523809,585.8746355078729,467.7943341149437,2872302,2860000,804,155,146,477,317,1832,2858168
2020-11-30,2020年12月第1週,49,Nagano,100,0,0,0,0,105,-20.252378982,3.86784917,-7.077226766,-18.267817971,Neighboring_prefs,4.6535714285714285,0.03571428571428571,221.14948486569935,280.50484356234693,2103961,2049000,2994,154,89,3574,3838,803,2048197
2020-11-30,2020年12月第1週,49,Shizuoka,321,6,0,0,0,314,-23.408115912,3.428662425,-5.645413582,-22.284323574,Neighboring_prefs,11.247619047619049,0.1904761904761905,768.195947568441,607.5182322410154,3743276,3644000,8018,235,188,8851,8356,1947,3642053
2020-11-30,2020年12月第1週,49,Tochigi,115,0,0,0,0,127,-19.684014079,3.122187831,-5.873489923,-15.192947684,Neighboring_prefs,6.8428571428571425,0.07142857142857142,203.88220753389544,263.370912090681,1976303,1934000,3952,121,152,4104,3422,749,1933251
2020-11-30,2020年12月第1週,49,Yamanashi,84,1,0,116,1582,85,-10.937347788,2.830117607,-3.016770104,-0.209258455,Yamanashi,6.114285714285714,0,123.39602910213648,133.46798933382712,846278,811000,194,29,37,434,155,422,810578
2020-12-07,2020年12月第2週,50,Gunma,264,4,0,0,0,282,-13.744087521,3.246608336,-3.478165457,-14.16709402,Neighboring_prefs,8.45,0,466.4549778494139,554.4485187096539,1979357,1942000,2509,281,239,2769,2616,1652,1940348
2020-12-07,2020年12月第2週,50,Ibaraki,155,5,0,0,0,168,-25.356244021,4.088177578,-5.63078895,-8.075848073,Neighboring_prefs,8.30952380952381,0.16666666666666669,466.0424896452233,333.48843249544586,2879249,2860000,477,146,174,317,295,1987,2858013
2020-12-07,2020年12月第2週,50,Nagano,154,0,0,0,0,154,-19.276061669,4.254410885,-6.234724557,-20.535496784,Neighboring_prefs,4.460714285714285,0,273.64667352050435,265.0686037970282,2109783,2049000,3574,89,80,3838,3515,957,2048043
2020-12-07,2020年12月第2週,50,Shizuoka,235,5,0,0,0,227,-24.338028169,4.061860354,-7.172553328,-25.705969956,Neighboring_prefs,11.542857142857143,0,600.8882495531134,477.52284214697835,3742151,3644000,8851,188,199,8356,8345,2182,3641818
2020-12-07,2020年12月第2週,50,Tochigi,121,1,0,0,0,115,-21.208604703,3.853423051,-6.072306108,-16.346448979,Neighboring_prefs,7.942857142857143,0,258.7895471309188,297.5931316171328,1979053,1934000,4104,152,213,3422,4297,870,1933130
2020-12-07,2020年12月第2週,50,Yamanashi,29,0,0,54,1636,25,-16.903880996,3.838965021,-5.112199075,-9.43581458,Yamanashi,6.185714285714286,0,129.6082192045267,86.8980044755818,844473,811000,434,37,37,155,120,451,810549
2020-12-14,2020年12月第3週,51,Gunma,281,6,0,0,0,267,-27.263648242,3.781963808,-4.260213516,-15.999070135,Neighboring_prefs,3.4857142857142858,0,554.7924912083834,537.7558477614459,1978850,1942000,2769,239,240,2616,1819,1933,1940067
2020-12-14,2020年12月第3週,51,Ibaraki,146,6,0,0,0,137,-24.138885403,3.953683913,-5.823012871,-9.139878637,Neighboring_prefs,3.0904761904761906,0,332.63396904293853,361.2814232401192,2875588,2860000,317,174,253,295,417,2133,2857867
2020-12-14,2020年12月第3週,51,Nagano,89,4,0,0,0,73,-24.661704027,4.102045487,-5.739961473,-18.777468245,Neighboring_prefs,-0.15714285714285717,0.8214285714285714,261.88974342302134,191.9625417271157,2117605,2049000,3838,80,116,3515,5249,1046,2047954
2020-12-14,2020年12月第3週,51,Shizuoka,188,7,0,0,0,174,-25.376498631,4.0417225,-6.524150652,-23.806501261,Neighboring_prefs,6.161904761904762,0,472.02208597700746,447.5260754017168,3739145,3644000,8356,199,219,8345,6533,2370,3641630
2020-12-14,2020年12月第3週,51,Tochigi,152,2,0,0,0,159,-24.043908009,3.846837926,-5.367489267,-21.016814524,Neighboring_prefs,2.0214285714285714,0,295.4286430933624,388.7937313878156,1975581,1934000,3422,213,427,4297,4359,1022,1932978
2020-12-14,2020年12月第3週,51,Yamanashi,37,1,0,50,1686,34,-15.176312596,3.561855227,-4.495356924,-9.537838884,Yamanashi,1.65,0,83.66398158936859,95.28511746632805,839774,811000,155,37,63,120,148,488,810512
2020-12-21,2020年12月第4週,52,Gunma,239,3,0,0,0,243,-30.542980839,4.511786757,-3.128512443,-24.559782502,Neighboring_prefs,5.814285714285714,0,538.7957815756703,509.4703983553868,1986151,1942000,2616,240,460,1819,4235,2172,1939828
2020-12-21,2020年12月第4週,52,Ibaraki,174,1,0,0,0,189,-20.988034434,4.401062395,-2.849359901,-16.79696083,Neighboring_prefs,4.8999999999999995,0,361.4872701234963,477.0267553797538,2869245,2860000,295,253,580,417,1104,2307,2857693
2020-12-21,2020年12月第4週,52,Nagano,80,3,0,0,0,79,-25.384641138,3.881363493,-3.320989712,-41.962717815,Neighboring_prefs,1.2321428571428572,0.10714285714285714,193.8521922660179,224.8929971577316,2129002,2049000,3515,116,367,5249,7110,1126,2047874
2020-12-21,2020年12月第4週,52,Shizuoka,199,10,0,0,0,198,-28.031343457,4.540670955,-3.637344184,-38.563082311,Neighboring_prefs,7.076190476190476,0.023809523809523808,446.3081677959329,487.9659476972554,3741007,3644000,8345,219,572,6533,13644,2569,3641431
2020-12-21,2020年12月第4週,52,Tochigi,213,1,0,0,0,227,-24.655304848,4.2607719,-4.199530151,-28.350711428,Neighboring_prefs,3.8142857142857145,0,387.91371973963777,657.6837107787953,1970973,1934000,4297,427,848,4359,905,1235,1932765
2020-12-21,2020年12月第4週,52,Yamanashi,37,1,0,60,1746,49,-19.16679251,3.58989271,-1.6912796939999999,-31.124705898,Yamanashi,1.8857142857142857,0,93.30264341496957,122.93458216371783,836180,811000,120,63,159,148,949,525,810475
2020-12-28,2020年12月第5週,53,Gunma,240,11,0,0,0,256,-30.020944812,6.774151243,-3.253032338,-42.019109576,Neighboring_prefs,4.514285714285714,0,510.2523483105221,752.0365941905279,2021273,1942000,1819,460,418,4235,4121,2412,1939588
2020-12-28,2020年12月第5週,53,Ibaraki,253,3,0,0,0,254,-23.188010102,6.801329063,-3.771928413,-37.467288955,Neighboring_prefs,3.619047619047619,0.11904761904761905,475.0528242921956,899.7988199649919,2888558,2860000,417,580,672,1104,1332,2560,2857440
2020-12-28,2020年12月第5週,53,Nagano,116,3,0,0,0,131,-31.870487053,7.289756685,-6.977783898,-47.407774456,Neighboring_prefs,0.6750000000000002,1.5892857142857142,229.5023184335544,534.0483253172583,2212831,2049000,5249,367,380,7110,9730,1242,2047758
2020-12-28,2020年12月第5週,53,Shizuoka,219,3,0,0,0,241,-30.129106801,7.590084129,-5.386611603,-49.052668356,Neighboring_prefs,6.852380952380952,1.2857142857142856,488.3043468959658,891.7698797143122,3802847,3644000,6533,572,537,13644,12041,2788,3641212
2020-12-28,2020年12月第5週,53,Tochigi,427,0,0,0,0,465,-29.456225016,7.28056062,-8.055162922,-41.777974436,Neighboring_prefs,3.5285714285714285,0,655.0664536325165,1286.2988258897035,1996302,1934000,4359,848,652,905,1635,1662,1932338
2020-12-28,2020年12月第5週,53,Yamanashi,63,0,0,0,1746,68,-25.958729439,6.306528735,1.004990746,-42.804182404,Yamanashi,2.185714285714286,0.21428571428571427,121.06459318892313,253.254145713292,868613,811000,148,159,99,949,742,588,810412
2021-01-04,2021年1月第1週,54,Gunma,460,3,0,0,0,459,-36.099605977,3.435860289,23.905167791,-61.964598011,Neighboring_prefs,2.7357142857142858,0,777.5026407029461,969.5888176837992,1975377,1942000,4235,418,314,4121,3676,2872,1939128
2021-01-04,2021年1月第1週,54,Ibaraki,580,2,0,0,0,615,-32.132284117,5.333325879,15.349483068,-54.382294452,Neighboring_prefs,2.5476190476190474,0,918.327804128754,1345.0131547200026,2884569,2860000,1104,672,550,1332,1298,3140,2856860
2021-01-04,2021年1月第1週,54,Nagano,367,2,0,0,0,422,-43.589941805,6.250057428,-0.330809598,-76.854139314,Neighboring_prefs,-1.032142857142857,0.08928571428571429,590.2608200528169,864.1008163605783,2115767,2049000,7110,380,195,9730,7304,1609,2047391
2021-01-04,2021年1月第1週,54,Shizuoka,572,8,0,0,0,591,-42.136874839,5.406563891,15.471231887,-69.917912731,Neighboring_prefs,4.385714285714285,0,950.9362510240016,1291.7305998672946,3727333,3644000,13644,537,365,12041,11946,3360,3640640
2021-01-04,2021年1月第1週,54,Tochigi,848,4,0,0,0,885,-43.427182055,6.960976877,11.022540604,-62.908528478,Neighboring_prefs,1.8071428571428572,0,1301.772627861479,1538.9872698772954,1970835,1934000,905,652,394,1635,1381,2510,1931490
2021-01-04,2021年1月第1週,54,Yamanashi,159,0,0,40,1786,149,-42.760312603,4.418265667,19.309236212,-71.749305489,Yamanashi,-0.15714285714285717,0,275.47765677292546,321.3790991484236,836965,811000,949,99,38,742,217,747,810253
2021-01-11,2021年1月第2週,55,Gunma,418,11,0,0,0,419,-36.520090445,6.761979889,-10.922189695,-34.023157512,Neighboring_prefs,4.485714285714286,0.14285714285714285,965.0085066635324,812.3302973010741,1980187,1942000,4121,314,263,3676,3428,3290,1938710
2021-01-11,2021年1月第2週,55,Ibaraki,672,4,0,0,0,668,-39.192935544,8.065666158,-14.960739747,-26.761496496,Neighboring_prefs,4.242857142857143,0.21428571428571427,1348.559948871306,1305.0334807623783,2894679,2860000,1332,550,456,1298,1028,3812,2856188
2021-01-11,2021年1月第2週,55,Nagano,380,3,0,0,0,332,-43.413691059,7.08028644,-16.590333363,-52.133110005,Neighboring_prefs,0.8785714285714286,1.0535714285714286,865.9334199898881,683.4555506066844,2107100,2049000,9730,195,104,7304,7027,1989,2047011
2021-01-11,2021年1月第2週,55,Shizuoka,537,14,0,0,0,511,-43.444323577,5.692983655,-10.089506981,-45.002243274,Neighboring_prefs,6.833333333333333,0.5714285714285714,1287.1606700368918,1067.9906482194249,3708530,3644000,12041,365,328,11946,13859,3897,3640103
2021-01-11,2021年1月第2週,55,Tochigi,652,8,1,0,0,630,-49.688171599,7.686021542,-20.865365065,-38.595568462,Neighboring_prefs,3.0785714285714287,0.03571428571428571,1537.0897788332848,1095.7290335946952,1962546,1934000,1635,394,215,1381,393,3162,1930838
2021-01-11,2021年1月第2週,55,Yamanashi,99,0,0,59,1845,101,-39.960922076,7.703988357,-13.140347291,-40.281932709,Yamanashi,1.1214285714285714,0.5357142857142857,319.2966198656252,196.20239257286323,836186,811000,742,38,17,217,296,846,810154
2021-01-18,2021年1月第3週,56,Gunma,314,6,0,0,0,309,-43.847971838,5.28381987,-0.297789345,-35.001424737,Neighboring_prefs,3.5142857142857147,3.5714285714285716,781.523704160335,613.1827129625111,1979009,1942000,3676,263,247,3428,3755,3604,1938396
2021-01-18,2021年1月第3週,56,Ibaraki,550,9,0,0,0,532,-43.950304333,5.703883452,-5.738914917,-31.344692763,Neighboring_prefs,3.757142857142857,2.261904761904762,1290.2239803566772,1055.7259446269709,2881460,2860000,1298,456,324,1028,754,4362,2855638
2021-01-18,2021年1月第3週,56,Nagano,195,7,0,0,0,179,-44.533435554,6.658236673,-8.589531551,-54.233668605,Neighboring_prefs,0.7035714285714286,3.9107142857142856,624.3875406142572,338.65374304517036,2110652,2049000,7304,104,47,7027,5159,2184,2046816
2021-01-18,2021年1月第3週,56,Shizuoka,365,7,0,0,0,370,-47.354179802,4.8038908,-3.737486847,-50.574846382,Neighboring_prefs,7.857142857142858,4.0476190476190474,992.7821863279736,762.9154343141262,3707121,3644000,11946,328,158,13859,11565,4262,3639738
2021-01-18,2021年1月第3週,56,Tochigi,394,18,1,0,0,328,-53.501927865,7.094315867,-13.726038088,-44.053374848,Neighboring_prefs,2.7857142857142856,2.75,1073.5295152871436,638.3027278088061,1960431,1934000,1381,215,110,393,2692,3556,1930444
2021-01-18,2021年1月第3週,56,Yamanashi,38,1,0,78,1923,32,-39.767704019,5.942909893,-3.638058477,-49.185584391,Yamanashi,2.4428571428571426,3.7857142857142856,168.26471862080615,79.42047591779229,832739,811000,217,17,12,296,104,884,810116
2021-01-25,2021年1月第4週,57,Gunma,263,3,0,0,0,256,-26.319842,5.71446902,-2.60390162,-31.647048124,Neighboring_prefs,5.364285714285715,0.03571428571428571,611.2322702267948,530.1421519465829,1983445,1942000,3428,247,151,3755,2925,3867,1938133
2021-01-25,2021年1月第4週,57,Ibaraki,456,9,0,0,0,439,-25.838486289,7.145464297,-9.520398541,-30.465063574,Neighboring_prefs,5.119047619047619,1,1054.3397033752055,809.6475521643372,2887111,2860000,1028,324,228,754,542,4818,2855182
2021-01-25,2021年1月第4週,57,Nagano,104,8,0,0,0,97,-24.333963466,6.842330669,-8.044878525,-51.097816759,Neighboring_prefs,2.4214285714285713,0.8392857142857143,329.9909162495988,172.49613993419402,2112647,2049000,7027,47,10,5159,3828,2288,2046712
2021-01-25,2021年1月第4週,57,Shizuoka,328,6,0,0,0,314,-25.178349781,5.697916205,-7.272408322,-49.691603646,Neighboring_prefs,8.128571428571428,4.595238095238096,748.8853606650622,521.895734501459,3709385,3644000,13859,158,99,11565,10595,4590,3639410
2021-01-25,2021年1月第4週,57,Tochigi,215,10,1,0,0,200,-29.408802654,6.902527022,-13.26715297,-38.964916292,Neighboring_prefs,4.821428571428571,0.14285714285714285,633.4480486556446,346.99864256570737,1964835,1934000,393,110,81,2692,2076,3771,1930229
2021-01-25,2021年1月第4週,57,Yamanashi,17,2,0,54,1977,14,-22.281844683,6.404228697,-5.82045448,-43.570804941,Yamanashi,3.0214285714285714,1.25,75.13832916410331,42.43278766114489,834836,811000,296,12,15,104,137,901,810099
2021-02-01,2021年2月第1週,58,Gunma,247,7,0,0,0,236,-38.259284569,4.955463228,-4.087574859,-28.460695551,Neighboring_prefs,5.857142857142857,0.25,530.976517644193,411.34971672521226,1979860,1942000,3755,151,110,2925,3347,4114,1937886
2021-02-01,2021年2月第1週,58,Ibaraki,324,16,0,0,0,327,-34.734514388,5.462512482,-6.609531843,-22.118768094,Neighboring_prefs,5.914285714285715,0.8333333333333333,808.6536013789927,569.887290161562,2884125,2860000,754,228,211,542,363,5142,2854858
2021-02-01,2021年2月第1週,58,Nagano,47,3,0,0,0,48,-34.294536658,5.30160309,-7.815474683,-49.356800236,Neighboring_prefs,2.8142857142857145,1.875,172.48573581467758,71.50468769681099,2114767,2049000,5159,10,13,3828,3521,2335,2046665
2021-02-01,2021年2月第1週,58,Shizuoka,158,10,0,0,0,147,-33.594660418,4.664558103,-6.359250596,-45.002013314,Neighboring_prefs,8.923809523809524,4.309523809523809,520.8248592460147,280.2500295582922,3706041,3644000,11565,99,156,10595,11021,4748,3639252
2021-02-01,2021年2月第1週,58,Tochigi,110,9,1,0,0,110,-39.729669818,5.609611292,-11.767156382,-34.970664691,Neighboring_prefs,4.835714285714285,0,346.982096225065,207.73023662620545,1961457,1934000,2692,81,75,2076,1630,3881,1930119
2021-02-01,2021年2月第1週,58,Yamanashi,12,1,0,38,2015,13,-31.832375024,5.207795498,-5.563168808,-34.466572398,Yamanashi,4.714285714285714,0.9642857142857143,42.02528652507485,35.34966665721967,837914,811000,104,15,7,137,113,913,810087
2021-02-08,2021年2月第2週,59,Gunma,151,3,0,0,0,154,-37.464259064,5.651893318,-8.037942387,-30.348315545,Neighboring_prefs,6.064285714285714,0,411.9125002850096,272.8980902918556,1990839,1942000,2925,110,127,3347,2666,4265,1937735
2021-02-08,2021年2月第2週,59,Ibaraki,228,16,0,0,0,216,-29.827327516,6.088768685,-9.576924231,-19.294321051,Neighboring_prefs,5.80952380952381,0,571.3457726383388,453.6066168761405,2883544,2860000,542,211,174,363,89,5370,2854630
2021-02-08,2021年2月第2週,59,Nagano,10,0,0,0,0,9,-32.382350993,6.503057106,-12.536885387,-46.126449307,Neighboring_prefs,2.682142857142857,0.17857142857142858,71.94365398649333,34.20327135898972,2140486,2049000,3828,13,6,3521,3165,2345,2046655
2021-02-08,2021年2月第2週,59,Shizuoka,99,6,0,0,0,102,-38.008879902,5.271674396,-7.841691323,-41.954925788,Neighboring_prefs,9.352380952380953,0,280.43670806648004,271.41357461319933,3732920,3644000,10595,156,138,11021,11490,4847,3639153
2021-02-08,2021年2月第2週,59,Tochigi,81,3,0,0,0,87,-38.140660461,5.962883307,-12.965714198,-31.076597926,Neighboring_prefs,5.285714285714286,0,208.73324703785505,168.8395988496907,1973315,1934000,2076,75,56,1630,1740,3962,1930038
2021-02-08,2021年2月第2週,59,Yamanashi,15,1,0,152,2167,15,-32.718564209,6.359963441,-9.860106003,-35.205392672,Yamanashi,4.4,0,36.38255282464415,29.134754094512143,839954,811000,137,7,4,113,54,928,810072
2021-02-15,2021年2月第3週,60,Gunma,110,4,0,0,0,99,-37.473926465,4.004465504,0.627851882,-28.406122688,Neighboring_prefs,7.292857142857143,4.107142857142857,274.0496442446783,247.4637094272255,1989689,1942000,3347,127,99,2666,2830,4375,1937625
2021-02-15,2021年2月第3週,60,Ibaraki,211,9,0,0,0,206,-28.442976376,4.033567909,-1.773517746,-20.946989265,Neighboring_prefs,7.442857142857143,10.452380952380953,453.415305605234,398.519639089484,2879230,2860000,363,174,235,89,230,5581,2854419
2021-02-15,2021年2月第3週,60,Nagano,13,2,0,0,0,11,-26.966546441,5.049121662,-5.616471622,-44.76889509,Neighboring_prefs,3.2964285714285717,3.6607142857142856,36.56696411939447,30.476622632099907,2134311,2049000,3521,6,10,3165,3370,2358,2046642
2021-02-15,2021年2月第3週,60,Shizuoka,156,0,0,0,0,158,-32.81528152,3.951162257,-2.41864786,-39.067158235,Neighboring_prefs,8.761904761904761,6.404761904761905,274.06530895182095,308.94689167323264,3738020,3644000,11021,138,114,11490,10636,5003,3638997
2021-02-15,2021年2月第3週,60,Tochigi,75,7,0,0,0,66,-36.766630042,4.959536118,-7.658431787,-30.363163811,Neighboring_prefs,6.85,5.857142857142857,169.85617764119073,143.24287636081567,1970496,1934000,1630,56,73,1740,0,4037,1929963
2021-02-15,2021年2月第3週,60,Yamanashi,7,0,0,163,2330,7,-25.394902381,4.53235361,-3.191928856,-35.878086902,Yamanashi,5.085714285714285,6.071428571428571,29.82009338460458,18.017342150394192,836037,811000,113,4,2,54,63,935,810065
2021-02-22,2021年2月第4週,61,Gunma,127,1,0,0,0,136,-32.926469272,5.769157139,-6.966047349,-29.55825664,Neighboring_prefs,6.5,0,248.50368961572283,236.1548443366207,1987248,1942000,2666,99,92,2830,3146,4502,1937498
2021-02-22,2021年2月第4週,61,Ibaraki,174,6,0,0,0,213,-25.00966534,7.063432825,-12.403324516,-24.017046442,Neighboring_prefs,6.466666666666667,0,398.4518344528638,418.76171186714606,2883923,2860000,89,235,194,230,306,5755,2854245
2021-02-22,2021年2月第4週,61,Nagano,6,0,0,0,0,6,-20.069584609,6.263982688,-10.567574251,-38.486831643,Neighboring_prefs,3.1785714285714284,0.16071428571428573,32.98700123991878,28.445676012261146,2133706,2049000,3165,10,43,3370,3286,2364,2046636
2021-02-22,2021年2月第4週,61,Shizuoka,138,1,0,0,0,136,-34.254206256,5.281189095,-7.63755224,-41.46214425,Neighboring_prefs,9.866666666666665,0.33333333333333337,312.07168784952137,268.62644503300766,3736466,3644000,11490,114,140,10636,11449,5141,3638859
2021-02-22,2021年2月第4週,61,Tochigi,56,1,0,0,0,64,-31.39731002,6.443014393,-13.988794093,-29.51736985,Neighboring_prefs,5.885714285714286,0,144.49610605102762,141.77195445138486,1973593,1934000,1740,73,118,0,995,4093,1929907
2021-02-22,2021年2月第4週,61,Yamanashi,4,1,0,168,2498,3,-22.77757274,7.037318878,-10.531688847,-33.391499524,Yamanashi,5.542857142857143,0,18.534515762374507,12.837772092836556,834375,811000,54,2,10,63,170,939,810061
2021-03-01,2021年3月第1週,62,Gunma,99,3,0,0,0,94,-33.00407758,4.264822897,-2.79937624,-22.756350567,Neighboring_prefs,8.721428571428572,1,235.7948621624752,203.7443758391085,1985483,1942000,2830,92,126,3146,3092,4601,1937399
2021-03-01,2021年3月第1週,62,Ibaraki,235,7,0,0,0,204,-28.431356708,4.874875763,-5.574037436,-18.964314484,Neighboring_prefs,9.047619047619047,2.8571428571428568,418.88968591475617,438.6748165182909,2883006,2860000,230,194,215,306,468,5990,2854010
2021-03-01,2021年3月第1週,62,Nagano,10,0,0,0,0,10,-22.592312844,4.456167583,-6.927009259,-37.995536542,Neighboring_prefs,6.175,3.0535714285714284,28.80332455004788,65.73964300553446,2119236,2049000,3370,43,115,3286,3984,2374,2046626
2021-03-01,2021年3月第1週,62,Shizuoka,114,5,0,0,0,116,-33.010702287,3.792489837,-4.172218946,-40.082336197,Neighboring_prefs,12.047619047619047,4.476190476190476,269.0936103282175,271.2577963507548,3726109,3644000,10636,140,99,11449,10675,5255,3638745
2021-03-01,2021年3月第1週,62,Tochigi,73,2,0,0,0,71,-36.272091033,4.808406296,-9.345352667,-27.329672528,Neighboring_prefs,8.842857142857143,2.7857142857142856,142.13686651825287,202.270725629532,1971969,1934000,0,118,138,995,860,4166,1929834
2021-03-01,2021年3月第1週,62,Yamanashi,2,0,0,187,2685,2,-25.239154268,4.876005265,-4.970535618,-30.506732269,Yamanashi,7.642857142857143,1.3214285714285714,12.946494927613786,18.921956973010044,839582,811000,63,10,5,170,73,941,810059
2021-03-08,2021年3月第2週,63,Gunma,92,3,0,0,0,94,-26.290443505,3.924926989,-3.132530748,-23.009646187,Neighboring_prefs,9.5,6.142857142857143,203.41103568938576,231.09085337696996,1979695,1942000,3146,126,124,3092,3166,4693,1937307
2021-03-08,2021年3月第2週,63,Ibaraki,194,5,0,0,0,182,-27.85871709,4.332535204,-5.093018427,-16.901069898,Neighboring_prefs,9.30952380952381,8.261904761904763,438.84381008252535,420.3909293837227,2882727,2860000,306,215,252,468,755,6184,2853816
2021-03-08,2021年3月第2週,63,Nagano,43,0,0,0,0,57,-22.864082324,3.55915467,-3.256778056,-24.632094822,Neighboring_prefs,6.114285714285715,3,65.03701970005463,170.11861220804144,2138214,2049000,3286,115,179,3984,5030,2417,2046583
2021-03-08,2021年3月第2週,63,Shizuoka,140,4,0,0,0,136,-29.637569387,3.193770098,-3.67483305,-30.948774133,Neighboring_prefs,11.652380952380952,5.690476190476191,270.15825894761963,256.2328078919015,3731781,3644000,11449,99,152,10675,10530,5395,3638605
2021-03-08,2021年3月第2週,63,Tochigi,118,0,0,0,0,116,-33.184854085,4.585356946,-9.981657452,-24.351566143,Neighboring_prefs,8.82857142857143,6.821428571428571,202.37823697337447,265.742714511078,1976199,1934000,995,138,123,860,2636,4284,1929716
2021-03-08,2021年3月第2週,63,Yamanashi,10,1,0,192,2877,12,-22.356736308,4.138088944,-3.603988878,-30.524868028,Yamanashi,7.8,7.357142857142857,19.00131277402431,22.564117257218488,837743,811000,170,5,6,73,102,951,810049
2021-03-15,2021年3月第3週,64,Gunma,126,4,0,0,0,126,-29.422262973,4.431136892,-4.91530283,-20.454312825,Neighboring_prefs,11.5,1.2857142857142858,230.56201323337035,262.63557266393707,1984800,1942000,3092,124,168,3166,3693,4819,1937181
2021-03-15,2021年3月第3週,64,Ibaraki,215,2,0,0,0,224,-27.985939558,4.461418987,-5.304878899,-16.290764792,Neighboring_prefs,11.32857142857143,3.5476190476190474,420.3847407204845,477.3990281033981,2881766,2860000,468,252,225,755,586,6399,2853601
2021-03-15,2021年3月第3週,64,Nagano,115,0,0,0,0,111,-25.91868555,4.049815562,-4.462164407,-25.037388494000002,Neighboring_prefs,8.071428571428571,4.303571428571429,170.34827741197412,307.5998319510584,2128120,2049000,3984,179,223,5030,6773,2532,2046468
2021-03-15,2021年3月第3週,64,Shizuoka,99,8,0,0,0,97,-30.205079433,3.795997068,-5.770878072,-26.082402075,Neighboring_prefs,14.376190476190477,15.83333333333333,256.4233527056385,271.4761960007364,3742534,3644000,10675,152,185,10530,10837,5494,3638506
2021-03-15,2021年3月第3週,64,Tochigi,138,2,0,0,0,143,-31.278282049,4.92514704,-11.002139288,-20.19688985,Neighboring_prefs,11.035714285714285,5.25,266.0861165627905,273.4120594942579,1983230,1934000,860,123,211,2636,1609,4422,1929578
2021-03-15,2021年3月第3週,64,Yamanashi,5,0,0,194,3071,3,-21.966143345,4.704758633,-5.03993995,-19.698674243,Yamanashi,10.57857142857143,5.821428571428571,22.557215737721243,19.752798992623756,845055,811000,73,6,27,102,175,956,810044
2021-03-22,2021年3月第4週,65,Gunma,124,5,0,0,0,132,-29.028042677,2.871529846,0.516935497,-21.573016186,Neighboring_prefs,11.635714285714286,0.7142857142857143,262.9411034961688,307.1391480258489,1978784,1942000,3166,168,150,3693,4070,4943,1937057
2021-03-22,2021年3月第4週,65,Ibaraki,252,3,0,0,0,256,-25.806427017,3.63415535,-0.850393494,-14.689105607,Neighboring_prefs,11.780952380952382,1.8809523809523812,477.3476199197619,491.5512007346341,2885783,2860000,755,225,237,586,1020,6651,2853349
2021-03-22,2021年3月第4週,65,Nagano,179,0,0,0,0,189,-29.182858949,4.227832126,-1.740316101,-28.629730364,Neighboring_prefs,8.639285714285714,1.8928571428571428,308.1393475620758,420.2255865802022,2127371,2049000,5030,223,266,6773,6976,2711,2046289
2021-03-22,2021年3月第4週,65,Shizuoka,152,5,0,0,0,166,-30.013302392,2.958131834,-0.084358038,-25.235755201,Neighboring_prefs,13.50952380952381,13.857142857142854,274.4182262019388,367.40796088860696,3749770,3644000,10530,185,136,10837,9939,5646,3638354
2021-03-22,2021年3月第4週,65,Tochigi,123,0,0,0,0,130,-31.431997364,4.161466119,-6.614958072,-23.465264945,Neighboring_prefs,11.514285714285714,2.142857142857143,275.27043325507475,348.4366438907118,1987062,1934000,2636,211,171,1609,1527,4545,1929455
2021-03-22,2021年3月第4週,65,Yamanashi,6,1,0,204,3275,9,-21.470764287,3.639459602,-1.101030324,-18.097768507,Yamanashi,9.528571428571428,1.7142857142857142,20.95512305925145,44.40429702523694,857223,811000,102,27,39,175,200,962,810038
2021-03-29,2021年4月第1週,66,Gunma,168,0,0,0,0,155,-29.713787571,4.038674819,-2.858947047,-20.415967589,Neighboring_prefs,16.3,1.8928571428571428,307.72993909533767,336.37254430435996,1977980,1942000,3693,150,220,4070,4064,5111,1936889
2021-03-29,2021年4月第1週,66,Ibaraki,225,1,0,0,0,218,-23.663576553,4.995887886,-4.840867821,-14.429182277,Neighboring_prefs,15.71904761904762,6.190476190476191,493.0197947104851,482.68647764179354,2885925,2860000,586,237,319,1020,792,6876,2853124
2021-03-29,2021年4月第1週,66,Nagano,223,0,0,0,0,226,-26.435698643,5.11199417,-8.366761798,-23.365466522,Neighboring_prefs,13.360714285714286,1.625,419.7253468108703,511.6137141052956,2121722,2049000,6773,266,305,6976,8186,2934,2046066
2021-03-29,2021年4月第1週,66,Shizuoka,185,3,0,0,0,174,-24.031523639,3.707964432,-3.919468049,-30.355948086,Neighboring_prefs,17.304761904761904,8.380952380952381,371.742802652813,368.7258046504025,3737247,3644000,10837,136,190,9939,11266,5831,3638169
2021-03-29,2021年4月第1週,66,Tochigi,211,0,0,0,0,216,-31.250801659,5.052096586,-7.813222178,-21.189112722,Neighboring_prefs,16.164285714285715,4.5,349.71511079627794,398.48228786933754,1985355,1934000,1609,171,141,1527,1477,4756,1929244
2021-03-29,2021年4月第1週,66,Yamanashi,27,0,0,107,3382,27,-15.661614474,5.054349775,-5.588400793,-15.245733219,Yamanashi,14.15,2.5357142857142856,47.58695775581591,82.41347068850388,858427,811000,175,39,43,200,382,989,810011
2021-04-05,2021年4月第2週,67,Gunma,150,2,0,0,0,171,-29.579972766,2.869600318,-2.560767842,-11.778705037,Neighboring_prefs,11.785714285714286,0.03571428571428571,336.1323314130285,389.40118708421227,1974585,1942000,4070,220,243,4064,4545,5261,1936739
2021-04-05,2021年4月第2週,67,Ibaraki,237,1,0,0,0,238,-23.660380107,3.2432339,-5.141867243,-6.820341452,Neighboring_prefs,10.39047619047619,2.761904761904762,484.5013984325456,579.5389096523605,2881159,2860000,1020,319,455,792,956,7113,2852887
2021-04-05,2021年4月第2週,67,Nagano,266,2,0,0,0,264,-27.546651395,2.781767551,-5.945211922,-11.391582523,Neighboring_prefs,7.996428571428571,0.05357142857142857,509.7696228700908,597.9155013087612,2115193,2049000,6976,305,230,8186,7787,3200,2045800
2021-04-05,2021年4月第2週,67,Shizuoka,136,3,0,0,0,138,-24.722133405,1.94357788,-1.57461198,-26.084164909,Neighboring_prefs,13.8,2.8095238095238093,370.29990305228023,391.7775682859395,3717358,3644000,9939,190,161,11266,11425,5967,3638033
2021-04-05,2021年4月第2週,67,Tochigi,171,0,0,0,0,164,-32.722467942,3.17108861,-6.08190339,-17.153571796,Neighboring_prefs,10.964285714285714,0.5357142857142857,398.5429820534838,337.1887214424595,1970146,1934000,1527,141,159,1477,1275,4927,1929073
2021-04-05,2021年4月第2週,67,Yamanashi,39,0,0,200,3582,37,-27.324668705,2.408396146,-3.725422143,-16.387620255,Yamanashi,9.671428571428573,0.6428571428571429,84.68435678284753,104.86776099661743,851165,811000,200,43,67,382,466,1028,809972
2021-04-12,2021年4月第3週,68,Gunma,220,1,0,0,0,NA,-29.547103365,2.872929663,0.544615316,-14.659676572,Neighboring_prefs,13.728571428571428,4.428571428571429,388.62948945587755,484.1291452974878,1979396,1942000,4064,243,290,4545,4614,5481,1936519
2021-04-12,2021年4月第3週,68,Ibaraki,319,1,0,0,0,NA,-14.923356677,3.613882477,-3.530977562,-8.953155248,Neighboring_prefs,13.457142857142857,13.333333333333332,578.8982722449132,795.5873241909462,2888258,2860000,792,455,256,956,1176,7432,2852568
2021-04-12,2021年4月第3週,68,Nagano,305,9,0,0,0,NA,-35.303039892,4.348666851,-8.070909017,-26.666534103,Neighboring_prefs,10.775,7.178571428571429,594.0913747786328,566.4422065794391,2108653,2049000,8186,230,119,7787,5700,3505,2045495
2021-04-12,2021年4月第3週,68,Shizuoka,190,0,0,0,0,NA,-31.521225915,3.549134121,-4.179072975,-31.50516905,Neighboring_prefs,14.666666666666666,13.595238095238097,383.7789376542259,425.5454146568627,3708819,3644000,11266,161,143,11425,11434,6157,3637843
2021-04-12,2021年4月第3週,68,Tochigi,141,0,0,0,0,NA,-32.313201221,3.879638813,-6.987136621,-21.045269219,Neighboring_prefs,13.25,5.464285714285714,335.02851700941295,332.5820949730498,1969223,1934000,1477,159,122,1275,1169,5068,1928932
2021-04-12,2021年4月第3週,68,Yamanashi,43,0,0,201,3783,NA,-26.594197846,2.961629111,-3.27141528,-27.751980804,Yamanashi,11.385714285714286,4.642857142857143,103.0532190567518,135.65922341410058,844683,811000,382,67,74,466,486,1071,809929
2021-04-19,2021年4月第4週,69,Gunma,243,1,0,0,0,NA,-37.26315055,3.913227991,-1.841801778,-19.869773709,Neighboring_prefs,15.857142857142858,0,483.6871152275623,709.7467943568261,1974754,1942000,4545,290,NA,4614,NA,5724,1936276
2021-04-19,2021年4月第4週,69,Ibaraki,455,3,0,0,0,NA,-28.199638606,4.446182658,-3.96168559,-14.559675388,Neighboring_prefs,13.976190476190476,0.11904761904761905,795.766881583006,865.8681575556415,2893962,2860000,956,256,NA,1176,NA,7887,2852113
2021-04-19,2021年4月第4週,69,Nagano,230,10,0,0,0,NA,-44.512055366,5.220860881,-10.053164479,-34.250450215,Neighboring_prefs,12.682142857142857,0,562.5902256076436,449.0094190061907,2117194,2049000,7787,119,NA,5700,NA,3735,2045265
2021-04-19,2021年4月第4週,69,Shizuoka,161,0,0,0,0,NA,-35.383611137,3.765532329,-2.092303549,-33.914532892,Neighboring_prefs,16.185714285714287,0,414.5488556615075,462.937023418614,3719797,3644000,11425,143,NA,11434,NA,6318,3637682
2021-04-19,2021年4月第4週,69,Tochigi,159,0,0,0,0,NA,-32.794529003,4.382039541,-5.306749513,-22.729182785,Neighboring_prefs,14.735714285714286,0.07142857142857142,329.566472507603,368.62228185188866,1980182,1934000,1275,122,NA,1169,NA,5227,1928773
2021-04-19,2021年4月第4週,69,Yamanashi,67,0,0,153,3936,NA,-33.093498571,4.087830531,-2.49658079,-22.386428937,Yamanashi,13.77142857142857,0.07142857142857142,131.2688302122676,191.23201307948324,853733,811000,466,74,NA,486,NA,1138,809862
2021-04-26,2021年4月第5週,70,Gunma,290,1,0,0,0,NA,-26.151647769,6.001487347,-9.489424526,-18.265853223,Neighboring_prefs,14.51,2.15,708.0860908769806,983.8136187154346,1990324,1942000,4614,NA,NA,NA,NA,6014,1935986
2021-04-26,2021年4月第5週,70,Ibaraki,256,1,0,0,0,NA,-25.518216019,6.993716927,-12.178989657,-20.367509153,Neighboring_prefs,14.426666666666668,12,867.606798457623,720.404549575263,2895146,2860000,1176,NA,NA,NA,NA,8143,2851857
2021-04-26,2021年4月第5週,70,Nagano,119,6,0,0,0,NA,-35.861365549,7.220966948,-15.692278894,-24.196725203,Neighboring_prefs,11.605,6.625,448.5485602419027,416.9235155676713,2160789,2049000,5700,NA,NA,NA,NA,3854,2045146
2021-04-26,2021年4月第5週,70,Shizuoka,143,0,0,0,0,NA,-29.263660695,5.545742353,-7.322367605,-30.167891005,Neighboring_prefs,16.56,15.033333333333335,459.573606718691,590.0629299700338,3753242,3644000,11434,NA,NA,NA,NA,6461,3637539
2021-04-26,2021年4月第5週,70,Tochigi,122,1,0,0,0,NA,-30.823299787,6.165171357,-12.965218305,-21.166077857,Neighboring_prefs,14.61,7.7,368.9697816148245,410.69194409805056,1996257,1934000,1169,NA,NA,NA,NA,5349,1928651
2021-04-26,2021年4月第5週,70,Yamanashi,74,0,0,86,4022,NA,-28.464240759,6.759836588,-9.665613849,-15.484056047,Yamanashi,13.29,6.3,191.07338917721216,200.1116220584892,878235,811000,486,NA,NA,NA,NA,1212,809788
