エリア,期間(週次),飲食店のジャンル,2019年同週比[%]
山梨県全体,2020年1月第1週,アジア・エスニック,-15.673141326
山梨県全体,2020年1月第1週,カフェ・スイーツ,-16.745308899
山梨県全体,2020年1月第1週,すべて,-8.015503680
山梨県全体,2020年1月第1週,ファミレス・ファストフード,14.586994728
山梨県全体,2020年1月第1週,中華,29.609246010
山梨県全体,2020年1月第1週,和食,5.422659730
山梨県全体,2020年1月第1週,居酒屋・バー,-10.849193877
山梨県全体,2020年1月第1週,洋食・西洋料理,-7.615397434
山梨県全体,2020年1月第1週,肉料理,-10.927152318
山梨県全体,2020年1月第1週,鍋料理,24.852941176
山梨県全体,2020年1月第2週,アジア・エスニック,-6.879606880
山梨県全体,2020年1月第2週,カフェ・スイーツ,-5.949179078
山梨県全体,2020年1月第2週,すべて,-4.687989325
山梨県全体,2020年1月第2週,ファミレス・ファストフード,30
山梨県全体,2020年1月第2週,中華,21.553884712
山梨県全体,2020年1月第2週,和食,2.290600246
山梨県全体,2020年1月第2週,居酒屋・バー,-5.285654712
山梨県全体,2020年1月第2週,洋食・西洋料理,-0.913165800
山梨県全体,2020年1月第2週,肉料理,-2.600370599
山梨県全体,2020年1月第2週,鍋料理,20.499788225
山梨県全体,2020年1月第3週,アジア・エスニック,-5.398601399
山梨県全体,2020年1月第3週,カフェ・スイーツ,-9.087883406
山梨県全体,2020年1月第3週,すべて,-6.764005522
山梨県全体,2020年1月第3週,ファミレス・ファストフード,25.438596491
山梨県全体,2020年1月第3週,中華,26.494452724
山梨県全体,2020年1月第3週,和食,2.611977536
山梨県全体,2020年1月第3週,居酒屋・バー,-10.579119897
山梨県全体,2020年1月第3週,洋食・西洋料理,-5.781720932
山梨県全体,2020年1月第3週,肉料理,-5.328077314
山梨県全体,2020年1月第3週,鍋料理,33.217542336
山梨県全体,2020年1月第4週,アジア・エスニック,-8.946648427
山梨県全体,2020年1月第4週,カフェ・スイーツ,-12.030938751
山梨県全体,2020年1月第4週,すべて,-0.678182298
山梨県全体,2020年1月第4週,ファミレス・ファストフード,51.335311573
山梨県全体,2020年1月第4週,中華,32.276657061
山梨県全体,2020年1月第4週,和食,14.714062142
山梨県全体,2020年1月第4週,居酒屋・バー,-6.879456328
山梨県全体,2020年1月第4週,洋食・西洋料理,12.768616788
山梨県全体,2020年1月第4週,肉料理,-16.254437870
山梨県全体,2020年1月第4週,鍋料理,19.715808171
山梨県全体,2020年1月第5週,アジア・エスニック,4.945756222
山梨県全体,2020年1月第5週,カフェ・スイーツ,-14.982815409
山梨県全体,2020年1月第5週,すべて,-5.805434574
山梨県全体,2020年1月第5週,ファミレス・ファストフード,59.516616314
山梨県全体,2020年1月第5週,中華,29.074143771
山梨県全体,2020年1月第5週,和食,5.080685081
山梨県全体,2020年1月第5週,居酒屋・バー,-6.770075036
山梨県全体,2020年1月第5週,洋食・西洋料理,-0.955963015
山梨県全体,2020年1月第5週,肉料理,-7.599225557
山梨県全体,2020年1月第5週,鍋料理,20.152453549
山梨県全体,2020年2月第1週,アジア・エスニック,-29.634888438
山梨県全体,2020年2月第1週,カフェ・スイーツ,-15.887600497
山梨県全体,2020年2月第1週,すべて,-10.026661504
山梨県全体,2020年2月第1週,ファミレス・ファストフード,15.265486726
山梨県全体,2020年2月第1週,中華,18.773025789
山梨県全体,2020年2月第1週,和食,-2.227810203
山梨県全体,2020年2月第1週,居酒屋・バー,-9.649164792
山梨県全体,2020年2月第1週,洋食・西洋料理,-8.573830205
山梨県全体,2020年2月第1週,肉料理,-9.445188957
山梨県全体,2020年2月第1週,鍋料理,7.672634271
山梨県全体,2020年2月第2週,アジア・エスニック,-14.486567914
山梨県全体,2020年2月第2週,カフェ・スイーツ,-6.099224756
山梨県全体,2020年2月第2週,すべて,4.696892037
山梨県全体,2020年2月第2週,ファミレス・ファストフード,22.624434389
山梨県全体,2020年2月第2週,中華,49.733905579
山梨県全体,2020年2月第2週,和食,13.984433402
山梨県全体,2020年2月第2週,居酒屋・バー,6.634739561
山梨県全体,2020年2月第2週,洋食・西洋料理,1.863051508
山梨県全体,2020年2月第2週,肉料理,8.389301991
山梨県全体,2020年2月第2週,鍋料理,44.093339815
山梨県全体,2020年2月第3週,アジア・エスニック,7.561235357
山梨県全体,2020年2月第3週,カフェ・スイーツ,-4.413638765
山梨県全体,2020年2月第3週,すべて,6.983863844
山梨県全体,2020年2月第3週,ファミレス・ファストフード,7.259953162
山梨県全体,2020年2月第3週,中華,38.437344810
山梨県全体,2020年2月第3週,和食,20.878206850
山梨県全体,2020年2月第3週,居酒屋・バー,-1.021085414
山梨県全体,2020年2月第3週,洋食・西洋料理,2.387194701
山梨県全体,2020年2月第3週,肉料理,12.866289091
山梨県全体,2020年2月第3週,鍋料理,14.909701806
山梨県全体,2020年2月第4週,アジア・エスニック,-6.814537680
山梨県全体,2020年2月第4週,カフェ・スイーツ,-12.251427840
山梨県全体,2020年2月第4週,すべて,-7.433359436
山梨県全体,2020年2月第4週,ファミレス・ファストフード,6.038647343
山梨県全体,2020年2月第4週,中華,37.285550896
山梨県全体,2020年2月第4週,和食,4.969182637
山梨県全体,2020年2月第4週,居酒屋・バー,-20.434873292
山梨県全体,2020年2月第4週,洋食・西洋料理,-12.632372266
山梨県全体,2020年2月第4週,肉料理,-12.137390995
山梨県全体,2020年2月第4週,鍋料理,4.939516129
山梨県全体,2020年3月第1週,アジア・エスニック,-22.170504655
山梨県全体,2020年3月第1週,カフェ・スイーツ,-16.463459582
山梨県全体,2020年3月第1週,すべて,-18.755143092
山梨県全体,2020年3月第1週,ファミレス・ファストフード,4.157043880
山梨県全体,2020年3月第1週,中華,11.268334771
山梨県全体,2020年3月第1週,和食,-14.638848219
山梨県全体,2020年3月第1週,居酒屋・バー,-32.507564297
山梨県全体,2020年3月第1週,洋食・西洋料理,-11.936915304
山梨県全体,2020年3月第1週,肉料理,-24.176455234
山梨県全体,2020年3月第1週,鍋料理,-18.127911902
山梨県全体,2020年3月第2週,アジア・エスニック,-16.885007278
山梨県全体,2020年3月第2週,カフェ・スイーツ,-20.808196878
山梨県全体,2020年3月第2週,すべて,-21.184163823
山梨県全体,2020年3月第2週,ファミレス・ファストフード,6.976744186
山梨県全体,2020年3月第2週,中華,1.147998759
山梨県全体,2020年3月第2週,和食,-15.299292101
山梨県全体,2020年3月第2週,居酒屋・バー,-30.918872184
山梨県全体,2020年3月第2週,洋食・西洋料理,-19.616145004
山梨県全体,2020年3月第2週,肉料理,-26.294702478
山梨県全体,2020年3月第2週,鍋料理,-5.216622458
山梨県全体,2020年3月第3週,アジア・エスニック,-17.683998995
山梨県全体,2020年3月第3週,カフェ・スイーツ,-3.398181745
山梨県全体,2020年3月第3週,すべて,-5.008611094
山梨県全体,2020年3月第3週,ファミレス・ファストフード,-5.916030534
山梨県全体,2020年3月第3週,中華,25.551782683
山梨県全体,2020年3月第3週,和食,3.987206021
山梨県全体,2020年3月第3週,居酒屋・バー,-23.309339324
山梨県全体,2020年3月第3週,洋食・西洋料理,-4.085626911
山梨県全体,2020年3月第3週,肉料理,-12.974468498
山梨県全体,2020年3月第3週,鍋料理,2.635983264
山梨県全体,2020年3月第4週,アジア・エスニック,-26.092512139
山梨県全体,2020年3月第4週,カフェ・スイーツ,-31.988345278
山梨県全体,2020年3月第4週,すべて,-30.556088102
山梨県全体,2020年3月第4週,ファミレス・ファストフード,-15.948275862
山梨県全体,2020年3月第4週,中華,-1.641742523
山梨県全体,2020年3月第4週,和食,-26.372605201
山梨県全体,2020年3月第4週,居酒屋・バー,-34.728340675
山梨県全体,2020年3月第4週,洋食・西洋料理,-28.319395540
山梨県全体,2020年3月第4週,肉料理,-31.702249234
山梨県全体,2020年3月第4週,鍋料理,-10.806618407
山梨県全体,2020年4月第1週,アジア・エスニック,-60.623946037
山梨県全体,2020年4月第1週,カフェ・スイーツ,-57.972944644
山梨県全体,2020年4月第1週,すべて,-55.898318043
山梨県全体,2020年4月第1週,ファミレス・ファストフード,-33.982683983
山梨県全体,2020年4月第1週,中華,-25.301421630
山梨県全体,2020年4月第1週,和食,-50.710659170
山梨県全体,2020年4月第1週,居酒屋・バー,-64.233541099
山梨県全体,2020年4月第1週,洋食・西洋料理,-57.662272651
山梨県全体,2020年4月第1週,肉料理,-60.555992657
山梨県全体,2020年4月第1週,鍋料理,-46.317829457
山梨県全体,2020年4月第2週,アジア・エスニック,-68.969098935
山梨県全体,2020年4月第2週,カフェ・スイーツ,-62.359956632
山梨県全体,2020年4月第2週,すべて,-64.865534955
山梨県全体,2020年4月第2週,ファミレス・ファストフード,-29.157175399
山梨県全体,2020年4月第2週,中華,-27.970049917
山梨県全体,2020年4月第2週,和食,-61.949296590
山梨県全体,2020年4月第2週,居酒屋・バー,-78.078928443
山梨県全体,2020年4月第2週,洋食・西洋料理,-67.558820508
山梨県全体,2020年4月第2週,肉料理,-68.926096414
山梨県全体,2020年4月第2週,鍋料理,-55.616575137
山梨県全体,2020年4月第3週,アジア・エスニック,-63.208685163
山梨県全体,2020年4月第3週,カフェ・スイーツ,-66.472130175
山梨県全体,2020年4月第3週,すべて,-61.920026038
山梨県全体,2020年4月第3週,ファミレス・ファストフード,-10.666666667
山梨県全体,2020年4月第3週,中華,-28.674897119
山梨県全体,2020年4月第3週,和食,-50.920280116
山梨県全体,2020年4月第3週,居酒屋・バー,-75.954987032
山梨県全体,2020年4月第3週,洋食・西洋料理,-71.176424971
山梨県全体,2020年4月第3週,肉料理,-68.083439428
山梨県全体,2020年4月第3週,鍋料理,-60.748476936
山梨県全体,2020年4月第4週,アジア・エスニック,-71.243581157
山梨県全体,2020年4月第4週,カフェ・スイーツ,-75.914381136
山梨県全体,2020年4月第4週,すべて,-75.463393364
山梨県全体,2020年4月第4週,ファミレス・ファストフード,-37.636080871
山梨県全体,2020年4月第4週,中華,-42.398108221
山梨県全体,2020年4月第4週,和食,-71.823408063
山梨県全体,2020年4月第4週,居酒屋・バー,-82.473874216
山梨県全体,2020年4月第4週,洋食・西洋料理,-80.405050328
山梨県全体,2020年4月第4週,肉料理,-79.141104294
山梨県全体,2020年4月第4週,鍋料理,-76.266383280
山梨県全体,2020年4月第5週,アジア・エスニック,-77.013559876
山梨県全体,2020年4月第5週,カフェ・スイーツ,-86.097045098
山梨県全体,2020年4月第5週,すべて,-85.300651297
山梨県全体,2020年4月第5週,ファミレス・ファストフード,-51.4
山梨県全体,2020年4月第5週,中華,-58.370675748
山梨県全体,2020年4月第5週,和食,-84.730895538
山梨県全体,2020年4月第5週,居酒屋・バー,-87.256963373
山梨県全体,2020年4月第5週,洋食・西洋料理,-87.016551609
山梨県全体,2020年4月第5週,肉料理,-87.223017322
山梨県全体,2020年4月第5週,鍋料理,-81.900668577
山梨県全体,2020年5月第1週,アジア・エスニック,-55.770405048
山梨県全体,2020年5月第1週,カフェ・スイーツ,-64.619903169
山梨県全体,2020年5月第1週,すべて,-61.918842449
山梨県全体,2020年5月第1週,ファミレス・ファストフード,-13.787085515
山梨県全体,2020年5月第1週,中華,-19.747607821
山梨県全体,2020年5月第1週,和食,-56.905453482
山梨県全体,2020年5月第1週,居酒屋・バー,-72.041763341
山梨県全体,2020年5月第1週,洋食・西洋料理,-69.154610103
山梨県全体,2020年5月第1週,肉料理,-66.409021123
山梨県全体,2020年5月第1週,鍋料理,-58.832046332
山梨県全体,2020年5月第2週,アジア・エスニック,-55.265034466
山梨県全体,2020年5月第2週,カフェ・スイーツ,-68.601181701
山梨県全体,2020年5月第2週,すべて,-66.157092603
山梨県全体,2020年5月第2週,ファミレス・ファストフード,-23.920863309
山梨県全体,2020年5月第2週,中華,-30.146851172
山梨県全体,2020年5月第2週,和食,-60.996171299
山梨県全体,2020年5月第2週,居酒屋・バー,-75.364314910
山梨県全体,2020年5月第2週,洋食・西洋料理,-71.997111203
山梨県全体,2020年5月第2週,肉料理,-68.211140692
山梨県全体,2020年5月第2週,鍋料理,-69.857080987
山梨県全体,2020年5月第3週,アジア・エスニック,-53.452620968
山梨県全体,2020年5月第3週,カフェ・スイーツ,-63.033637109
山梨県全体,2020年5月第3週,すべて,-58.548025202
山梨県全体,2020年5月第3週,ファミレス・ファストフード,8.585858586
山梨県全体,2020年5月第3週,中華,-11.165127208
山梨県全体,2020年5月第3週,和食,-51.168342985
山梨県全体,2020年5月第3週,居酒屋・バー,-69.379464911
山梨県全体,2020年5月第3週,洋食・西洋料理,-63.527802954
山梨県全体,2020年5月第3週,肉料理,-59.076089682
山梨県全体,2020年5月第3週,鍋料理,-48.574144487
山梨県全体,2020年5月第4週,アジア・エスニック,-42.310735954
山梨県全体,2020年5月第4週,カフェ・スイーツ,-54.291278514
山梨県全体,2020年5月第4週,すべて,-52.301211352
山梨県全体,2020年5月第4週,ファミレス・ファストフード,-3.828828829
山梨県全体,2020年5月第4週,中華,-19.084641338
山梨県全体,2020年5月第4週,和食,-47.479046909
山梨県全体,2020年5月第4週,居酒屋・バー,-59.718114603
山梨県全体,2020年5月第4週,洋食・西洋料理,-57.238919520
山梨県全体,2020年5月第4週,肉料理,-52.055081418
山梨県全体,2020年5月第4週,鍋料理,-38.383371824
山梨県全体,2020年6月第1週,アジア・エスニック,-35.651738804
山梨県全体,2020年6月第1週,カフェ・スイーツ,-50.199155100
山梨県全体,2020年6月第1週,すべて,-47.224102406
山梨県全体,2020年6月第1週,ファミレス・ファストフード,17.794486216
山梨県全体,2020年6月第1週,中華,-5.365642579
山梨県全体,2020年6月第1週,和食,-44.294741276
山梨県全体,2020年6月第1週,居酒屋・バー,-56.042221120
山梨県全体,2020年6月第1週,洋食・西洋料理,-49.381270631
山梨県全体,2020年6月第1週,肉料理,-44.406813931
山梨県全体,2020年6月第1週,鍋料理,-32.886776145
山梨県全体,2020年6月第2週,アジア・エスニック,-33.072407045
山梨県全体,2020年6月第2週,カフェ・スイーツ,-41.246189458
山梨県全体,2020年6月第2週,すべて,-39.612825631
山梨県全体,2020年6月第2週,ファミレス・ファストフード,11.633663366
山梨県全体,2020年6月第2週,中華,-6.253804017
山梨県全体,2020年6月第2週,和食,-36.448744287
山梨県全体,2020年6月第2週,居酒屋・バー,-51.895534962
山梨県全体,2020年6月第2週,洋食・西洋料理,-42.181052772
山梨県全体,2020年6月第2週,肉料理,-37.867518594
山梨県全体,2020年6月第2週,鍋料理,-44.603434178
山梨県全体,2020年6月第3週,アジア・エスニック,-31.784294235
山梨県全体,2020年6月第3週,カフェ・スイーツ,-23.962882096
山梨県全体,2020年6月第3週,すべて,-22.876750232
山梨県全体,2020年6月第3週,ファミレス・ファストフード,7.524752475
山梨県全体,2020年6月第3週,中華,0.096571704
山梨県全体,2020年6月第3週,和食,-16.541549758
山梨県全体,2020年6月第3週,居酒屋・バー,-41.555869873
山梨県全体,2020年6月第3週,洋食・西洋料理,-27.907860858
山梨県全体,2020年6月第3週,肉料理,-26.186449110
山梨県全体,2020年6月第3週,鍋料理,-22.061328790
山梨県全体,2020年6月第4週,アジア・エスニック,-12.607848594
山梨県全体,2020年6月第4週,カフェ・スイーツ,-22.779031258
山梨県全体,2020年6月第4週,すべて,-17.985407861
山梨県全体,2020年6月第4週,ファミレス・ファストフード,23.684210526
山梨県全体,2020年6月第4週,中華,-0.509114797
山梨県全体,2020年6月第4週,和食,-9.072514007
山梨県全体,2020年6月第4週,居酒屋・バー,-38.334770528
山梨県全体,2020年6月第4週,洋食・西洋料理,-22.534498952
山梨県全体,2020年6月第4週,肉料理,-20.766129032
山梨県全体,2020年6月第4週,鍋料理,-17.482817869
山梨県全体,2020年7月第1週,アジア・エスニック,-26.273885350
山梨県全体,2020年7月第1週,カフェ・スイーツ,-26.403908713
山梨県全体,2020年7月第1週,すべて,-23.148581166
山梨県全体,2020年7月第1週,ファミレス・ファストフード,-19.480519481
山梨県全体,2020年7月第1週,中華,-0.669456067
山梨県全体,2020年7月第1週,和食,-17.133111772
山梨県全体,2020年7月第1週,居酒屋・バー,-33.988696198
山梨県全体,2020年7月第1週,洋食・西洋料理,-22.288537478
山梨県全体,2020年7月第1週,肉料理,-26.363046840
山梨県全体,2020年7月第1週,鍋料理,-30.760626398
山梨県全体,2020年7月第2週,アジア・エスニック,-29.229741763
山梨県全体,2020年7月第2週,カフェ・スイーツ,-38.689434623
山梨県全体,2020年7月第2週,すべて,-33.848525847
山梨県全体,2020年7月第2週,ファミレス・ファストフード,3.050108932
山梨県全体,2020年7月第2週,中華,0.092980009
山梨県全体,2020年7月第2週,和食,-29.432885709
山梨県全体,2020年7月第2週,居酒屋・バー,-42.157235093
山梨県全体,2020年7月第2週,洋食・西洋料理,-33.521093180
山梨県全体,2020年7月第2週,肉料理,-33.434003998
山梨県全体,2020年7月第2週,鍋料理,-32.623877619
山梨県全体,2020年7月第3週,アジア・エスニック,-8.104469575
山梨県全体,2020年7月第3週,カフェ・スイーツ,5.757518399
山梨県全体,2020年7月第3週,すべて,-7.851154688
山梨県全体,2020年7月第3週,ファミレス・ファストフード,1.089324619
山梨県全体,2020年7月第3週,中華,-5.453725962
山梨県全体,2020年7月第3週,和食,1.391880118
山梨県全体,2020年7月第3週,居酒屋・バー,-31.038606899
山梨県全体,2020年7月第3週,洋食・西洋料理,-18.019259425
山梨県全体,2020年7月第3週,肉料理,-21.794625720
山梨県全体,2020年7月第3週,鍋料理,-27.832110839
山梨県全体,2020年7月第4週,アジア・エスニック,-11.681070532
山梨県全体,2020年7月第4週,カフェ・スイーツ,-5.732065857
山梨県全体,2020年7月第4週,すべて,-3.176500474
山梨県全体,2020年7月第4週,ファミレス・ファストフード,5.967450271
山梨県全体,2020年7月第4週,中華,18.662544745
山梨県全体,2020年7月第4週,和食,7.571660708
山梨県全体,2020年7月第4週,居酒屋・バー,-22.592438336
山梨県全体,2020年7月第4週,洋食・西洋料理,-9.527713751
山梨県全体,2020年7月第4週,肉料理,-7.438812873
山梨県全体,2020年7月第4週,鍋料理,-0.635497049
山梨県全体,2020年7月第5週,アジア・エスニック,-36.044455671
山梨県全体,2020年7月第5週,カフェ・スイーツ,-37.546677124
山梨県全体,2020年7月第5週,すべて,-36.372401448
山梨県全体,2020年7月第5週,ファミレス・ファストフード,-22.140762463
山梨県全体,2020年7月第5週,中華,-12.555166641
山梨県全体,2020年7月第5週,和食,-32.538304057
山梨県全体,2020年7月第5週,居酒屋・バー,-45.237327746
山梨県全体,2020年7月第5週,洋食・西洋料理,-37.616964806
山梨県全体,2020年7月第5週,肉料理,-36.634262434
山梨県全体,2020年7月第5週,鍋料理,-32.711393410
山梨県全体,2020年8月第1週,アジア・エスニック,-20.655435033
山梨県全体,2020年8月第1週,カフェ・スイーツ,-18.706651983
山梨県全体,2020年8月第1週,すべて,-22.559349273
山梨県全体,2020年8月第1週,ファミレス・ファストフード,-10.776545166
山梨県全体,2020年8月第1週,中華,-2.106741573
山梨県全体,2020年8月第1週,和食,-22.079154448
山梨県全体,2020年8月第1週,居酒屋・バー,-40.465881247
山梨県全体,2020年8月第1週,洋食・西洋料理,-21.100362757
山梨県全体,2020年8月第1週,肉料理,-22.563944319
山梨県全体,2020年8月第1週,鍋料理,-24.227129338
山梨県全体,2020年8月第2週,アジア・エスニック,-39.334130781
山梨県全体,2020年8月第2週,カフェ・スイーツ,-30.949961662
山梨県全体,2020年8月第2週,すべて,-37.986699093
山梨県全体,2020年8月第2週,ファミレス・ファストフード,-37.397420868
山梨県全体,2020年8月第2週,中華,-36.235622917
山梨県全体,2020年8月第2週,和食,-40.919467874
山梨県全体,2020年8月第2週,居酒屋・バー,-53.056843284
山梨県全体,2020年8月第2週,洋食・西洋料理,-35.057803175
山梨県全体,2020年8月第2週,肉料理,-38.157504596
山梨県全体,2020年8月第2週,鍋料理,-38.208409506
山梨県全体,2020年8月第3週,アジア・エスニック,-16.901408451
山梨県全体,2020年8月第3週,カフェ・スイーツ,-11.825161509
山梨県全体,2020年8月第3週,すべて,-21.338648401
山梨県全体,2020年8月第3週,ファミレス・ファストフード,12.190812721
山梨県全体,2020年8月第3週,中華,1.925287356
山梨県全体,2020年8月第3週,和食,-25.538135458
山梨県全体,2020年8月第3週,居酒屋・バー,-40.854380803
山梨県全体,2020年8月第3週,洋食・西洋料理,-16.978812079
山梨県全体,2020年8月第3週,肉料理,-26.123775887
山梨県全体,2020年8月第3週,鍋料理,-34
山梨県全体,2020年8月第4週,アジア・エスニック,-6.283118849
山梨県全体,2020年8月第4週,カフェ・スイーツ,-11.931078472
山梨県全体,2020年8月第4週,すべて,-17.232230438
山梨県全体,2020年8月第4週,ファミレス・ファストフード,20.779220779
山梨県全体,2020年8月第4週,中華,9.104389087
山梨県全体,2020年8月第4週,和食,-19.530190240
山梨県全体,2020年8月第4週,居酒屋・バー,-36.518524472
山梨県全体,2020年8月第4週,洋食・西洋料理,-13.855272226
山梨県全体,2020年8月第4週,肉料理,-18.123827392
山梨県全体,2020年8月第4週,鍋料理,-7.057890563
山梨県全体,2020年9月第1週,アジア・エスニック,-16.888888889
山梨県全体,2020年9月第1週,カフェ・スイーツ,-11.952120234
山梨県全体,2020年9月第1週,すべて,-17.847761288
山梨県全体,2020年9月第1週,ファミレス・ファストフード,3.368421053
山梨県全体,2020年9月第1週,中華,9.365928189
山梨県全体,2020年9月第1週,和食,-22.498472746
山梨県全体,2020年9月第1週,居酒屋・バー,-35.545980358
山梨県全体,2020年9月第1週,洋食・西洋料理,-11.283357487
山梨県全体,2020年9月第1週,肉料理,-16.312313399
山梨県全体,2020年9月第1週,鍋料理,-24.406645570
山梨県全体,2020年9月第2週,アジア・エスニック,-13.579116098
山梨県全体,2020年9月第2週,カフェ・スイーツ,-6.122102723
山梨県全体,2020年9月第2週,すべて,-12.889229540
山梨県全体,2020年9月第2週,ファミレス・ファストフード,13.246268657
山梨県全体,2020年9月第2週,中華,-3.339780787
山梨県全体,2020年9月第2週,和食,-17.183689122
山梨県全体,2020年9月第2週,居酒屋・バー,-31.862953515
山梨県全体,2020年9月第2週,洋食・西洋料理,-4.360635613
山梨県全体,2020年9月第2週,肉料理,-9.300355068
山梨県全体,2020年9月第2週,鍋料理,-15.364679748
山梨県全体,2020年9月第3週,アジア・エスニック,3.588390501
山梨県全体,2020年9月第3週,カフェ・スイーツ,21.109190495
山梨県全体,2020年9月第3週,すべて,15.331461432
山梨県全体,2020年9月第3週,ファミレス・ファストフード,62.704918033
山梨県全体,2020年9月第3週,中華,21.704357419
山梨県全体,2020年9月第3週,和食,8.121632447
山梨県全体,2020年9月第3週,居酒屋・バー,-2.446659527
山梨県全体,2020年9月第3週,洋食・西洋料理,18.466235950
山梨県全体,2020年9月第3週,肉料理,25.799774181
山梨県全体,2020年9月第3週,鍋料理,20.916666667
山梨県全体,2020年9月第4週,アジア・エスニック,16.550925926
山梨県全体,2020年9月第4週,カフェ・スイーツ,28.399760413
山梨県全体,2020年9月第4週,すべて,25.288080485
山梨県全体,2020年9月第4週,ファミレス・ファストフード,36.546184739
山梨県全体,2020年9月第4週,中華,30.542658154
山梨県全体,2020年9月第4週,和食,28.721471744
山梨県全体,2020年9月第4週,居酒屋・バー,-4.452534304
山梨県全体,2020年9月第4週,洋食・西洋料理,17.510098191
山梨県全体,2020年9月第4週,肉料理,29.781463516
山梨県全体,2020年9月第4週,鍋料理,29.793510324
山梨県全体,2020年10月第1週,アジア・エスニック,3.339575531
山梨県全体,2020年10月第1週,カフェ・スイーツ,8.885752741
山梨県全体,2020年10月第1週,すべて,1.322564744
山梨県全体,2020年10月第1週,ファミレス・ファストフード,43.065693431
山梨県全体,2020年10月第1週,中華,-5.213922135
山梨県全体,2020年10月第1週,和食,0.116975576
山梨県全体,2020年10月第1週,居酒屋・バー,-21.036040275
山梨県全体,2020年10月第1週,洋食・西洋料理,1.864895687
山梨県全体,2020年10月第1週,肉料理,-1.124900977
山梨県全体,2020年10月第1週,鍋料理,-15.835660152
山梨県全体,2020年10月第2週,アジア・エスニック,6.391347099
山梨県全体,2020年10月第2週,カフェ・スイーツ,44.283775998
山梨県全体,2020年10月第2週,すべて,40.546006067
山梨県全体,2020年10月第2週,ファミレス・ファストフード,37.760416667
山梨県全体,2020年10月第2週,中華,36.929460581
山梨県全体,2020年10月第2週,和食,44.891107693
山梨県全体,2020年10月第2週,居酒屋・バー,5.390323538
山梨県全体,2020年10月第2週,洋食・西洋料理,38.720546233
山梨県全体,2020年10月第2週,肉料理,35.907549651
山梨県全体,2020年10月第2週,鍋料理,35.626007523
山梨県全体,2020年10月第3週,アジア・エスニック,5.354599829
山梨県全体,2020年10月第3週,カフェ・スイーツ,33.969952461
山梨県全体,2020年10月第3週,すべて,25.748834456
山梨県全体,2020年10月第3週,ファミレス・ファストフード,5.023923445
山梨県全体,2020年10月第3週,中華,3.947557989
山梨県全体,2020年10月第3週,和食,35.367694447
山梨県全体,2020年10月第3週,居酒屋・バー,1.840108119
山梨県全体,2020年10月第3週,洋食・西洋料理,4.322991448
山梨県全体,2020年10月第3週,肉料理,30.674810937
山梨県全体,2020年10月第3週,鍋料理,32.607767819
山梨県全体,2020年10月第4週,アジア・エスニック,9.055588763
山梨県全体,2020年10月第4週,カフェ・スイーツ,22.290258908
山梨県全体,2020年10月第4週,すべて,17.938045630
山梨県全体,2020年10月第4週,ファミレス・ファストフード,22.886597938
山梨県全体,2020年10月第4週,中華,-10.461329715
山梨県全体,2020年10月第4週,和食,21.482451080
山梨県全体,2020年10月第4週,居酒屋・バー,-4.160015962
山梨県全体,2020年10月第4週,洋食・西洋料理,12.339114446
山梨県全体,2020年10月第4週,肉料理,15.981832754
山梨県全体,2020年10月第4週,鍋料理,-4.694485842
山梨県全体,2020年10月第5週,アジア・エスニック,11.959521619
山梨県全体,2020年10月第5週,カフェ・スイーツ,15.177056538
山梨県全体,2020年10月第5週,すべて,6.105343834
山梨県全体,2020年10月第5週,ファミレス・ファストフード,18.75
山梨県全体,2020年10月第5週,中華,-14.440953129
山梨県全体,2020年10月第5週,和食,4.148829613
山梨県全体,2020年10月第5週,居酒屋・バー,-18.903268261
山梨県全体,2020年10月第5週,洋食・西洋料理,10.497354497
山梨県全体,2020年10月第5週,肉料理,3.693153914
山梨県全体,2020年10月第5週,鍋料理,-0.628930818
山梨県全体,2020年11月第1週,アジア・エスニック,-13.108614232
山梨県全体,2020年11月第1週,カフェ・スイーツ,24.255313176
山梨県全体,2020年11月第1週,すべて,15.863051434
山梨県全体,2020年11月第1週,ファミレス・ファストフード,43.469387755
山梨県全体,2020年11月第1週,中華,-12.068965517
山梨県全体,2020年11月第1週,和食,15.236590609
山梨県全体,2020年11月第1週,居酒屋・バー,-3.535941277
山梨県全体,2020年11月第1週,洋食・西洋料理,17.167060175
山梨県全体,2020年11月第1週,肉料理,19.655242758
山梨県全体,2020年11月第1週,鍋料理,26.554137505
山梨県全体,2020年11月第2週,アジア・エスニック,-17.094247907
山梨県全体,2020年11月第2週,カフェ・スイーツ,16.853428956
山梨県全体,2020年11月第2週,すべて,8.401415550
山梨県全体,2020年11月第2週,ファミレス・ファストフード,26.012793177
山梨県全体,2020年11月第2週,中華,-16.316793893
山梨県全体,2020年11月第2週,和食,12.517578923
山梨県全体,2020年11月第2週,居酒屋・バー,-23.431259430
山梨県全体,2020年11月第2週,洋食・西洋料理,2.300028830
山梨県全体,2020年11月第2週,肉料理,2.222447737
山梨県全体,2020年11月第2週,鍋料理,3.510531595
山梨県全体,2020年11月第3週,アジア・エスニック,-14.145779314
山梨県全体,2020年11月第3週,カフェ・スイーツ,26.979740667
山梨県全体,2020年11月第3週,すべて,18.373313728
山梨県全体,2020年11月第3週,ファミレス・ファストフード,19.778188540
山梨県全体,2020年11月第3週,中華,-11.230684327
山梨県全体,2020年11月第3週,和食,23.501376989
山梨県全体,2020年11月第3週,居酒屋・バー,-19.444312740
山梨県全体,2020年11月第3週,洋食・西洋料理,10.973160808
山梨県全体,2020年11月第3週,肉料理,20.472797195
山梨県全体,2020年11月第3週,鍋料理,2.521008403
山梨県全体,2020年11月第4週,アジア・エスニック,-18.783382789
山梨県全体,2020年11月第4週,カフェ・スイーツ,21.513316027
山梨県全体,2020年11月第4週,すべて,0.221617332
山梨県全体,2020年11月第4週,ファミレス・ファストフード,66.939890710
山梨県全体,2020年11月第4週,中華,-16.606797458
山梨県全体,2020年11月第4週,和食,0.715734325
山梨県全体,2020年11月第4週,居酒屋・バー,-36.007357102
山梨県全体,2020年11月第4週,洋食・西洋料理,-4.596533057
山梨県全体,2020年11月第4週,肉料理,-6.041591968
山梨県全体,2020年11月第4週,鍋料理,-18.641765705
山梨県全体,2020年12月第1週,アジア・エスニック,-31.971830986
山梨県全体,2020年12月第1週,カフェ・スイーツ,3.451329345
山梨県全体,2020年12月第1週,すべて,-10.937347788
山梨県全体,2020年12月第1週,ファミレス・ファストフード,30.279898219
山梨県全体,2020年12月第1週,中華,-30.836375179
山梨県全体,2020年12月第1週,和食,-8.909332554
山梨県全体,2020年12月第1週,居酒屋・バー,-41.728858795
山梨県全体,2020年12月第1週,洋食・西洋料理,-13.124773729
山梨県全体,2020年12月第1週,肉料理,-15.652622750
山梨県全体,2020年12月第1週,鍋料理,-32.456452186
山梨県全体,2020年12月第2週,アジア・エスニック,-22.585768742
山梨県全体,2020年12月第2週,カフェ・スイーツ,-3.623705071
山梨県全体,2020年12月第2週,すべて,-16.903880996
山梨県全体,2020年12月第2週,ファミレス・ファストフード,16.551724138
山梨県全体,2020年12月第2週,中華,-32.709519935
山梨県全体,2020年12月第2週,和食,-15.873455494
山梨県全体,2020年12月第2週,居酒屋・バー,-41.977371461
山梨県全体,2020年12月第2週,洋食・西洋料理,-19.945455286
山梨県全体,2020年12月第2週,肉料理,-24.456063417
山梨県全体,2020年12月第2週,鍋料理,-28.187216207
山梨県全体,2020年12月第3週,アジア・エスニック,-16.486385677
山梨県全体,2020年12月第3週,カフェ・スイーツ,-6.195948347
山梨県全体,2020年12月第3週,すべて,-15.176312596
山梨県全体,2020年12月第3週,ファミレス・ファストフード,8.683473389
山梨県全体,2020年12月第3週,中華,-26.821395635
山梨県全体,2020年12月第3週,和食,-15.734728420
山梨県全体,2020年12月第3週,居酒屋・バー,-36.530657014
山梨県全体,2020年12月第3週,洋食・西洋料理,-11.649337804
山梨県全体,2020年12月第3週,肉料理,-21.028314963
山梨県全体,2020年12月第3週,鍋料理,-34.157832744
山梨県全体,2020年12月第4週,アジア・エスニック,-27.752639517
山梨県全体,2020年12月第4週,カフェ・スイーツ,-6.586353076
山梨県全体,2020年12月第4週,すべて,-19.166792510
山梨県全体,2020年12月第4週,ファミレス・ファストフード,0.697674419
山梨県全体,2020年12月第4週,中華,-27.015437393
山梨県全体,2020年12月第4週,和食,-14.544081365
山梨県全体,2020年12月第4週,居酒屋・バー,-43.818828712
山梨県全体,2020年12月第4週,洋食・西洋料理,-23.813793438
山梨県全体,2020年12月第4週,肉料理,-23.775121503
山梨県全体,2020年12月第4週,鍋料理,-38.797091870
山梨県全体,2020年12月第5週,アジア・エスニック,-15.806195393
山梨県全体,2020年12月第5週,カフェ・スイーツ,-17.103817934
山梨県全体,2020年12月第5週,すべて,-25.958729439
山梨県全体,2020年12月第5週,ファミレス・ファストフード,-16.411042945
山梨県全体,2020年12月第5週,中華,-29.525831564
山梨県全体,2020年12月第5週,和食,-29.523847922
山梨県全体,2020年12月第5週,居酒屋・バー,-32.832800157
山梨県全体,2020年12月第5週,洋食・西洋料理,-27.543290043
山梨県全体,2020年12月第5週,肉料理,-16.279722242
山梨県全体,2020年12月第5週,鍋料理,-20.808794660
山梨県全体,2021年1月第1週,アジア・エスニック,-30.475552579
山梨県全体,2021年1月第1週,カフェ・スイーツ,-36.158967043
山梨県全体,2021年1月第1週,すべて,-42.760312603
山梨県全体,2021年1月第1週,ファミレス・ファストフード,-2.460456942
山梨県全体,2021年1月第1週,中華,-5.595303614
山梨県全体,2021年1月第1週,和食,-43.236764256
山梨県全体,2021年1月第1週,居酒屋・バー,-47.244048658
山梨県全体,2021年1月第1週,洋食・西洋料理,-38.745923298
山梨県全体,2021年1月第1週,肉料理,-35.580407347
山梨県全体,2021年1月第1週,鍋料理,-31.274509804
山梨県全体,2021年1月第2週,アジア・エスニック,-32.002457002
山梨県全体,2021年1月第2週,カフェ・スイーツ,-27.853157240
山梨県全体,2021年1月第2週,すべて,-39.960922076
山梨県全体,2021年1月第2週,ファミレス・ファストフード,21.388888889
山梨県全体,2021年1月第2週,中華,-15.171261487
山梨県全体,2021年1月第2週,和食,-37.712450075
山梨県全体,2021年1月第2週,居酒屋・バー,-57.110091743
山梨県全体,2021年1月第2週,洋食・西洋料理,-37.990558390
山梨県全体,2021年1月第2週,肉料理,-41.037677579
山梨県全体,2021年1月第2週,鍋料理,-37.272342228
山梨県全体,2021年1月第3週,アジア・エスニック,-28.587412587
山梨県全体,2021年1月第3週,カフェ・スイーツ,-37.113528474
山梨県全体,2021年1月第3週,すべて,-39.767704019
山梨県全体,2021年1月第3週,ファミレス・ファストフード,41.520467836
山梨県全体,2021年1月第3週,中華,-18.562675940
山梨県全体,2021年1月第3週,和食,-34.109033505
山梨県全体,2021年1月第3週,居酒屋・バー,-43.801529751
山梨県全体,2021年1月第3週,洋食・西洋料理,-45.799550028
山梨県全体,2021年1月第3週,肉料理,-38.994150560
山梨県全体,2021年1月第3週,鍋料理,-41.945288754
山梨県全体,2021年1月第4週,アジア・エスニック,-26.101231190
山梨県全体,2021年1月第4週,カフェ・スイーツ,-16.110044326
山梨県全体,2021年1月第4週,すべて,-22.281844683
山梨県全体,2021年1月第4週,ファミレス・ファストフード,66.765578635
山梨県全体,2021年1月第4週,中華,16.660662824
山梨県全体,2021年1月第4週,和食,-12.075479221
山梨県全体,2021年1月第4週,居酒屋・バー,-39.360516934
山梨県全体,2021年1月第4週,洋食・西洋料理,-24.594333830
山梨県全体,2021年1月第4週,肉料理,-27.159763314
山梨県全体,2021年1月第4週,鍋料理,-15.896980462
山梨県全体,2021年2月第1週,アジア・エスニック,-31.620931717
山梨県全体,2021年2月第1週,カフェ・スイーツ,-25.558499212
山梨県全体,2021年2月第1週,すべて,-31.832375024
山梨県全体,2021年2月第1週,ファミレス・ファストフード,58.006042296
山梨県全体,2021年2月第1週,中華,-1.373729770
山梨県全体,2021年2月第1週,和食,-25.093555094
山梨県全体,2021年2月第1週,居酒屋・バー,-49.148840856
山梨県全体,2021年2月第1週,洋食・西洋料理,-28.593816464
山梨県全体,2021年2月第1週,肉料理,-44.675701839
山梨県全体,2021年2月第1週,鍋料理,-40.447832301
山梨県全体,2021年2月第2週,アジア・エスニック,-55.375253550
山梨県全体,2021年2月第2週,カフェ・スイーツ,-25.296181501
山梨県全体,2021年2月第2週,すべて,-32.718564209
山梨県全体,2021年2月第2週,ファミレス・ファストフード,13.938053097
山梨県全体,2021年2月第2週,中華,-9.306423194
山梨県全体,2021年2月第2週,和食,-27.622659916
山梨県全体,2021年2月第2週,居酒屋・バー,-53.142200737
山梨県全体,2021年2月第2週,洋食・西洋料理,-27.512708642
山梨県全体,2021年2月第2週,肉料理,-44.486732779
山梨県全体,2021年2月第2週,鍋料理,-39.428815004
山梨県全体,2021年2月第3週,アジア・エスニック,-40.848606578
山梨県全体,2021年2月第3週,カフェ・スイーツ,-22.156236457
山梨県全体,2021年2月第3週,すべて,-25.394902381
山梨県全体,2021年2月第3週,ファミレス・ファストフード,8.371040724
山梨県全体,2021年2月第3週,中華,-8.652360515
山梨県全体,2021年2月第3週,和食,-19.585770195
山梨県全体,2021年2月第3週,居酒屋・バー,-43.941024537
山梨県全体,2021年2月第3週,洋食・西洋料理,-24.609327434
山梨県全体,2021年2月第3週,肉料理,-30.492923963
山梨県全体,2021年2月第3週,鍋料理,-12.348079728
山梨県全体,2021年2月第4週,アジア・エスニック,-38.844515442
山梨県全体,2021年2月第4週,カフェ・スイーツ,-14.622509558
山梨県全体,2021年2月第4週,すべて,-22.777572740
山梨県全体,2021年2月第4週,ファミレス・ファストフード,12.412177986
山梨県全体,2021年2月第4週,中華,1.241516305
山梨県全体,2021年2月第4週,和食,-19.434745315
山梨県全体,2021年2月第4週,居酒屋・バー,-41.987032215
山梨県全体,2021年2月第4週,洋食・西洋料理,-21.947998186
山梨県全体,2021年2月第4週,肉料理,-25.510957892
山梨県全体,2021年2月第4週,鍋料理,-27.089458211
山梨県全体,2021年3月第1週,アジア・エスニック,-40.646712988
山梨県全体,2021年3月第1週,カフェ・スイーツ,-19.316236582
山梨県全体,2021年3月第1週,すべて,-25.239154268
山梨県全体,2021年3月第1週,ファミレス・ファストフード,22.463768116
山梨県全体,2021年3月第1週,中華,9.721692718
山梨県全体,2021年3月第1週,和食,-20.538039304
山梨県全体,2021年3月第1週,居酒屋・バー,-38.841380749
山梨県全体,2021年3月第1週,洋食・西洋料理,-29.527711216
山梨県全体,2021年3月第1週,肉料理,-31.079076941
山梨県全体,2021年3月第1週,鍋料理,-18.145161290
山梨県全体,2021年3月第2週,アジア・エスニック,-38.902498775
山梨県全体,2021年3月第2週,カフェ・スイーツ,-11.322590632
山梨県全体,2021年3月第2週,すべて,-22.356736308
山梨県全体,2021年3月第2週,ファミレス・ファストフード,26.789838337
山梨県全体,2021年3月第2週,中華,-3.537532355
山梨県全体,2021年3月第2週,和食,-23.562713519
山梨県全体,2021年3月第2週,居酒屋・バー,-40.223146747
山梨県全体,2021年3月第2週,洋食・西洋料理,-15.826882072
山梨県全体,2021年3月第2週,肉料理,-32.143043592
山梨県全体,2021年3月第2週,鍋料理,-30.495552732
山梨県全体,2021年3月第3週,アジア・エスニック,-16.302765648
山梨県全体,2021年3月第3週,カフェ・スイーツ,-17.470349243
山梨県全体,2021年3月第3週,すべて,-21.966143345
山梨県全体,2021年3月第3週,ファミレス・ファストフード,48.578811370
山梨県全体,2021年3月第3週,中華,-16.056469128
山梨県全体,2021年3月第3週,和食,-16.442204279
山梨県全体,2021年3月第3週,居酒屋・バー,-34.862385321
山梨県全体,2021年3月第3週,洋食・西洋料理,-24.065293840
山梨県全体,2021年3月第3週,肉料理,-30.207251323
山梨県全体,2021年3月第3週,鍋料理,-26.923076923
山梨県全体,2021年3月第4週,アジア・エスニック,-30.319015323
山梨県全体,2021年3月第4週,カフェ・スイーツ,-14.879430155
山梨県全体,2021年3月第4週,すべて,-21.470764287
山梨県全体,2021年3月第4週,ファミレス・ファストフード,31.106870229
山梨県全体,2021年3月第4週,中華,-3.395585739
山梨県全体,2021年3月第4週,和食,-16.969332079
山梨県全体,2021年3月第4週,居酒屋・バー,-38.980331026
山梨県全体,2021年3月第4週,洋食・西洋料理,-23.750109218
山梨県全体,2021年3月第4週,肉料理,-32.691000874
山梨県全体,2021年3月第4週,鍋料理,-12.050209205
山梨県全体,2021年4月第1週,アジア・エスニック,-35.190391004
山梨県全体,2021年4月第1週,カフェ・スイーツ,-10.639766906
山梨県全体,2021年4月第1週,すべて,-15.661614474
山梨県全体,2021年4月第1週,ファミレス・ファストフード,45.689655172
山梨県全体,2021年4月第1週,中華,-11.297139142
山梨県全体,2021年4月第1週,和食,-10.448061703
山梨県全体,2021年4月第1週,居酒屋・バー,-30.307321166
山梨県全体,2021年4月第1週,洋食・西洋料理,-16.158670775
山梨県全体,2021年4月第1週,肉料理,-29.946496286
山梨県全体,2021年4月第1週,鍋料理,10.496380558
山梨県全体,2021年4月第2週,アジア・エスニック,-34.373243395
山梨県全体,2021年4月第2週,カフェ・スイーツ,-25.274684621
山梨県全体,2021年4月第2週,すべて,-27.324668705
山梨県全体,2021年4月第2週,ファミレス・ファストフード,14.502164502
山梨県全体,2021年4月第2週,中華,10.995141263
山梨県全体,2021年4月第2週,和食,-24.959841661
山梨県全体,2021年4月第2週,居酒屋・バー,-37.490261005
山梨県全体,2021年4月第2週,洋食・西洋料理,-27.026530953
山梨県全体,2021年4月第2週,肉料理,-29.420403881
山梨県全体,2021年4月第2週,鍋料理,-24.321705426
山梨県全体,2021年4月第3週,アジア・エスニック,-19.839002856
山梨県全体,2021年4月第3週,カフェ・スイーツ,-24.053900563
山梨県全体,2021年4月第3週,すべて,-26.594197846
山梨県全体,2021年4月第3週,ファミレス・ファストフード,37.585421412
山梨県全体,2021年4月第3週,中華,2.229617304
山梨県全体,2021年4月第3週,和食,-23.881957253
山梨県全体,2021年4月第3週,居酒屋・バー,-39.482200647
山梨県全体,2021年4月第3週,洋食・西洋料理,-26.721805541
山梨県全体,2021年4月第3週,肉料理,-31.043553038
山梨県全体,2021年4月第3週,鍋料理,-8.287568647
山梨県全体,2021年4月第4週,アジア・エスニック,-42.533172497
山梨県全体,2021年4月第4週,カフェ・スイーツ,-33.331272565
山梨県全体,2021年4月第4週,すべて,-33.093498571
山梨県全体,2021年4月第4週,ファミレス・ファストフード,28.444444444
山梨県全体,2021年4月第4週,中華,-9.053497942
山梨県全体,2021年4月第4週,和食,-30.621065290
山梨県全体,2021年4月第4週,居酒屋・バー,-17.055694756
山梨県全体,2021年4月第4週,洋食・西洋料理,-37.017448623
山梨県全体,2021年4月第4週,肉料理,-41.440603271
山梨県全体,2021年4月第4週,鍋料理,-29.590948651
山梨県全体,2021年4月第5週,アジア・エスニック,-30.497878991
山梨県全体,2021年4月第5週,カフェ・スイーツ,-26.885942718
山梨県全体,2021年4月第5週,すべて,-28.464240759
山梨県全体,2021年4月第5週,ファミレス・ファストフード,7.776049767
山梨県全体,2021年4月第5週,中華,-13.228543608
山梨県全体,2021年4月第5週,和食,-23.715422069
山梨県全体,2021年4月第5週,居酒屋・バー,-43.157894737
山梨県全体,2021年4月第5週,洋食・西洋料理,-28.734857774
山梨県全体,2021年4月第5週,肉料理,-34.851198415
山梨県全体,2021年4月第5週,鍋料理,-20.722635494
山梨県全体,2021年5月第1週,アジア・エスニック,-55.154386538
山梨県全体,2021年5月第1週,カフェ・スイーツ,-53.441148618
山梨県全体,2021年5月第1週,すべて,-53.709270673
山梨県全体,2021年5月第1週,ファミレス・ファストフード,-29.9
山梨県全体,2021年5月第1週,中華,-28.714823445
山梨県全体,2021年5月第1週,和食,-51.880053307
山梨県全体,2021年5月第1週,居酒屋・バー,-61.373724788
山梨県全体,2021年5月第1週,洋食・西洋料理,-50.434167845
山梨県全体,2021年5月第1週,肉料理,-59.028771653
山梨県全体,2021年5月第1週,鍋料理,-45.702005731
山梨県全体,2021年5月第2週,アジア・エスニック,-54.895176064
山梨県全体,2021年5月第2週,カフェ・スイーツ,-40.935269957
山梨県全体,2021年5月第2週,すべて,-39.332733449
山梨県全体,2021年5月第2週,ファミレス・ファストフード,-29.842931937
山梨県全体,2021年5月第2週,中華,-17.736791014
山梨県全体,2021年5月第2週,和食,-35.009897488
山梨県全体,2021年5月第2週,居酒屋・バー,-46.456883217
山梨県全体,2021年5月第2週,洋食・西洋料理,-39.354462972
山梨県全体,2021年5月第2週,肉料理,-39.890941818
山梨県全体,2021年5月第2週,鍋料理,-29.391891892
山梨県全体,2021年5月第3週,アジア・エスニック,-46.755407654
山梨県全体,2021年5月第3週,カフェ・スイーツ,-41.593056031
山梨県全体,2021年5月第3週,すべて,-41.245283390
山梨県全体,2021年5月第3週,ファミレス・ファストフード,-38.669064748
山梨県全体,2021年5月第3週,中華,-18.878847783
山梨県全体,2021年5月第3週,和食,-34.849688032
山梨県全体,2021年5月第3週,居酒屋・バー,-51.888217523
山梨県全体,2021年5月第3週,洋食・西洋料理,-45.357181272
山梨県全体,2021年5月第3週,肉料理,-47.547614172
山梨県全体,2021年5月第3週,鍋料理,-46.470333478
山梨県全体,2021年5月第4週,アジア・エスニック,-43.472782258
山梨県全体,2021年5月第4週,カフェ・スイーツ,-35.870869622
山梨県全体,2021年5月第4週,すべて,-36.202708523
山梨県全体,2021年5月第4週,ファミレス・ファストフード,15.151515152
山梨県全体,2021年5月第4週,中華,-8.232053152
山梨県全体,2021年5月第4週,和食,-32.852933920
山梨県全体,2021年5月第4週,居酒屋・バー,-45.673997292
山梨県全体,2021年5月第4週,洋食・西洋料理,-36.696401596
山梨県全体,2021年5月第4週,肉料理,-42.288207855
山梨県全体,2021年5月第4週,鍋料理,-26.568441065
山梨県全体,2021年6月第1週,アジア・エスニック,-34.001582696
山梨県全体,2021年6月第1週,カフェ・スイーツ,-33.502859198
山梨県全体,2021年6月第1週,すべて,-33.826553580
山梨県全体,2021年6月第1週,ファミレス・ファストフード,-13.963963964
山梨県全体,2021年6月第1週,中華,-20.052809154
山梨県全体,2021年6月第1週,和食,-30.979127357
山梨県全体,2021年6月第1週,居酒屋・バー,-46.853049908
山梨県全体,2021年6月第1週,洋食・西洋料理,-33.270070843
山梨県全体,2021年6月第1週,肉料理,-37.467930258
山梨県全体,2021年6月第1週,鍋料理,-27.667436490
山梨県全体,2021年6月第2週,アジア・エスニック,-42.531898924
山梨県全体,2021年6月第2週,カフェ・スイーツ,-39.103198552
山梨県全体,2021年6月第2週,すべて,-39.318953246
山梨県全体,2021年6月第2週,ファミレス・ファストフード,-16.040100251
山梨県全体,2021年6月第2週,中華,-25.688735035
山梨県全体,2021年6月第2週,和食,-36.323808186
山梨県全体,2021年6月第2週,居酒屋・バー,-53.764265416
山梨県全体,2021年6月第2週,洋食・西洋料理,-37.105875083
山梨県全体,2021年6月第2週,肉料理,-43.734519537
山梨県全体,2021年6月第2週,鍋料理,-39.671564391
山梨県全体,2021年6月第3週,アジア・エスニック,-43.321917808
山梨県全体,2021年6月第3週,カフェ・スイーツ,-38.913695182
山梨県全体,2021年6月第3週,すべて,-39.310609550
山梨県全体,2021年6月第3週,ファミレス・ファストフード,-12.623762376
山梨県全体,2021年6月第3週,中華,-23.234936093
山梨県全体,2021年6月第3週,和食,-37.224279733
山梨県全体,2021年6月第3週,居酒屋・バー,-51.661518300
山梨県全体,2021年6月第3週,洋食・西洋料理,-40.315063230
山梨県全体,2021年6月第3週,肉料理,-40.822642640
山梨県全体,2021年6月第3週,鍋料理,-42.722812756
山梨県全体,2021年6月第4週,アジア・エスニック,-43.836978131
山梨県全体,2021年6月第4週,カフェ・スイーツ,-39.618896387
山梨県全体,2021年6月第4週,すべて,-38.377204431
山梨県全体,2021年6月第4週,ファミレス・ファストフード,-36.633663366
山梨県全体,2021年6月第4週,中華,-21.696442942
山梨県全体,2021年6月第4週,和食,-35.068055638
山梨県全体,2021年6月第4週,居酒屋・バー,-53.625648279
山梨県全体,2021年6月第4週,洋食・西洋料理,-35.870673418
山梨県全体,2021年6月第4週,肉料理,-41.568003184
山梨県全体,2021年6月第4週,鍋料理,-41.183986371
山梨県全体,2021年7月第1週,アジア・エスニック,-38.769830225
山梨県全体,2021年7月第1週,カフェ・スイーツ,-32.930900263
山梨県全体,2021年7月第1週,すべて,-25.524587116
山梨県全体,2021年7月第1週,ファミレス・ファストフード,-8.851674641
山梨県全体,2021年7月第1週,中華,-26.227623584
山梨県全体,2021年7月第1週,和食,-33.762747390
山梨県全体,2021年7月第1週,居酒屋・バー,35.024432308
山梨県全体,2021年7月第1週,洋食・西洋料理,-18.954555307
山梨県全体,2021年7月第1週,肉料理,9.294871795
山梨県全体,2021年7月第1週,鍋料理,-40.163230241
山梨県全体,2021年7月第2週,アジア・エスニック,-38.004246285
山梨県全体,2021年7月第2週,カフェ・スイーツ,-24.586457666
山梨県全体,2021年7月第2週,すべて,-27.537587417
山梨県全体,2021年7月第2週,ファミレス・ファストフード,-31.910946197
山梨県全体,2021年7月第2週,中華,-19.347280335
山梨県全体,2021年7月第2週,和食,-25.684163659
山梨県全体,2021年7月第2週,居酒屋・バー,-26.066373605
山梨県全体,2021年7月第2週,洋食・西洋料理,-26.547539624
山梨県全体,2021年7月第2週,肉料理,-26.682296603
山梨県全体,2021年7月第2週,鍋料理,-50.260999254
山梨県全体,2021年7月第3週,アジア・エスニック,-43.900267142
山梨県全体,2021年7月第3週,カフェ・スイーツ,-31.623725336
山梨県全体,2021年7月第3週,すべて,-34.135336341
山梨県全体,2021年7月第3週,ファミレス・ファストフード,-29.193899782
山梨県全体,2021年7月第3週,中華,-28.436386177
山梨県全体,2021年7月第3週,和食,-30.408868056
山梨県全体,2021年7月第3週,居酒屋・バー,-43.684854623
山梨県全体,2021年7月第3週,洋食・西洋料理,-37.532597196
山梨県全体,2021年7月第3週,肉料理,-37.849334298
山梨県全体,2021年7月第3週,鍋料理,-46.225473894
山梨県全体,2021年7月第4週,アジア・エスニック,-30.021540118
山梨県全体,2021年7月第4週,カフェ・スイーツ,-2.609867168
山梨県全体,2021年7月第4週,すべて,-13.147115396
山梨県全体,2021年7月第4週,ファミレス・ファストフード,-8.061002179
山梨県全体,2021年7月第4週,中華,-28.245192308
山梨県全体,2021年7月第4週,和食,-12.692803624
山梨県全体,2021年7月第4週,居酒屋・バー,-27.536717218
山梨県全体,2021年7月第4週,洋食・西洋料理,-19.394017080
山梨県全体,2021年7月第4週,肉料理,-19.030710173
山梨県全体,2021年7月第4週,鍋料理,-36.634066830
山梨県全体,2021年7月第5週,アジア・エスニック,-47.170337329
山梨県全体,2021年7月第5週,カフェ・スイーツ,-32.560760486
山梨県全体,2021年7月第5週,すべて,-33.091627466
山梨県全体,2021年7月第5週,ファミレス・ファストフード,-37.974683544
山梨県全体,2021年7月第5週,中華,-25.105759844
山梨県全体,2021年7月第5週,和食,-30.654533637
山梨県全体,2021年7月第5週,居酒屋・バー,-43.569808876
山梨県全体,2021年7月第5週,洋食・西洋料理,-32.340702009
山梨県全体,2021年7月第5週,肉料理,-35.329543265
山梨県全体,2021年7月第5週,鍋料理,-37.494325919
山梨県全体,2021年8月第1週,アジア・エスニック,-46.501641829
山梨県全体,2021年8月第1週,カフェ・スイーツ,-35.536998583
山梨県全体,2021年8月第1週,すべて,-35.999959318
山梨県全体,2021年8月第1週,ファミレス・ファストフード,-19.941348974
山梨県全体,2021年8月第1週,中華,-21.275300563
山梨県全体,2021年8月第1週,和食,-33.929008422
山梨県全体,2021年8月第1週,居酒屋・バー,-41.526311548
山梨県全体,2021年8月第1週,洋食・西洋料理,-39.359757336
山梨県全体,2021年8月第1週,肉料理,-37.767738292
山梨県全体,2021年8月第1週,鍋料理,-25.327510917
山梨県全体,2021年8月第2週,アジア・エスニック,-40.041541657
山梨県全体,2021年8月第2週,カフェ・スイーツ,-35.827067395
山梨県全体,2021年8月第2週,すべて,-35.596142934
山梨県全体,2021年8月第2週,ファミレス・ファストフード,-10.459587956
山梨県全体,2021年8月第2週,中華,-3.651685393
山梨県全体,2021年8月第2週,和食,-30.059711587
山梨県全体,2021年8月第2週,居酒屋・バー,-49.961400329
山梨県全体,2021年8月第2週,洋食・西洋料理,-43.928954393
山梨県全体,2021年8月第2週,肉料理,-38.373448536
山梨県全体,2021年8月第2週,鍋料理,-35.899053628
山梨県全体,2021年8月第3週,アジア・エスニック,-74.362041467
山梨県全体,2021年8月第3週,カフェ・スイーツ,-74.290131345
山梨県全体,2021年8月第3週,すべて,-74.605178414
山梨県全体,2021年8月第3週,ファミレス・ファストフード,-69.988276671
山梨県全体,2021年8月第3週,中華,-60.292378803
山梨県全体,2021年8月第3週,和食,-73.263796201
山梨県全体,2021年8月第3週,居酒屋・バー,-81.046015992
山梨県全体,2021年8月第3週,洋食・西洋料理,-77.919288327
山梨県全体,2021年8月第3週,肉料理,-76.860582340
山梨県全体,2021年8月第3週,鍋料理,-71.541742840
山梨県全体,2021年8月第4週,アジア・エスニック,-51.728553137
山梨県全体,2021年8月第4週,カフェ・スイーツ,-28.244746063
山梨県全体,2021年8月第4週,すべて,-44.470463744
山梨県全体,2021年8月第4週,ファミレス・ファストフード,-50.706713781
山梨県全体,2021年8月第4週,中華,-32.945402299
山梨県全体,2021年8月第4週,和食,-47.958759812
山梨県全体,2021年8月第4週,居酒屋・バー,-67.253830576
山梨県全体,2021年8月第4週,洋食・西洋料理,-56.228886502
山梨県全体,2021年8月第4週,肉料理,-54.940600417
山梨県全体,2021年8月第4週,鍋料理,-47.785714286
山梨県全体,2021年9月第1週,アジア・エスニック,-55.210698965
山梨県全体,2021年9月第1週,カフェ・スイーツ,-46.967644977
山梨県全体,2021年9月第1週,すべて,-50.001378783
山梨県全体,2021年9月第1週,ファミレス・ファストフード,-42.207792208
山梨県全体,2021年9月第1週,中華,-28.454922894
山梨県全体,2021年9月第1週,和食,-47.530741660
山梨県全体,2021年9月第1週,居酒屋・バー,-65.976854456
山梨県全体,2021年9月第1週,洋食・西洋料理,-55.682977257
山梨県全体,2021年9月第1週,肉料理,-56.526996039
山梨県全体,2021年9月第1週,鍋料理,-51.744647105
山梨県全体,2021年9月第2週,アジア・エスニック,-48
山梨県全体,2021年9月第2週,カフェ・スイーツ,-39.007752245
山梨県全体,2021年9月第2週,すべて,-39.535510780
山梨県全体,2021年9月第2週,ファミレス・ファストフード,-22.315789474
山梨県全体,2021年9月第2週,中華,-17.860962567
山梨県全体,2021年9月第2週,和食,-34.733796697
山梨県全体,2021年9月第2週,居酒屋・バー,-60.463491324
山梨県全体,2021年9月第2週,洋食・西洋料理,-45.983926925
山梨県全体,2021年9月第2週,肉料理,-44.137338279
山梨県全体,2021年9月第2週,鍋料理,-39.596518987
山梨県全体,2021年9月第3週,アジア・エスニック,-48.271124342
山梨県全体,2021年9月第3週,カフェ・スイーツ,-38.509392880
山梨県全体,2021年9月第3週,すべて,-37.951301748
山梨県全体,2021年9月第3週,ファミレス・ファストフード,-11.380597015
山梨県全体,2021年9月第3週,中華,-20.786589297
山梨県全体,2021年9月第3週,和食,-35.340917806
山梨県全体,2021年9月第3週,居酒屋・バー,-42.857142857
山梨県全体,2021年9月第3週,洋食・西洋料理,-42.186455705
山梨県全体,2021年9月第3週,肉料理,-31.826985152
山梨県全体,2021年9月第3週,鍋料理,-32.062199185
山梨県全体,2021年9月第4週,アジア・エスニック,-42.321899736
山梨県全体,2021年9月第4週,カフェ・スイーツ,-28.481579441
山梨県全体,2021年9月第4週,すべて,-30.814277041
山梨県全体,2021年9月第4週,ファミレス・ファストフード,-3.278688525
山梨県全体,2021年9月第4週,中華,-15.388858246
山梨県全体,2021年9月第4週,和食,-30.790545063
山梨県全体,2021年9月第4週,居酒屋・バー,-40.880632672
山梨県全体,2021年9月第4週,洋食・西洋料理,-33.685871906
山梨県全体,2021年9月第4週,肉料理,-25.851524275
山梨県全体,2021年9月第4週,鍋料理,-14.5
山梨県全体,2021年9月第5週,アジア・エスニック,-39.612268519
山梨県全体,2021年9月第5週,カフェ・スイーツ,-32.939429484
山梨県全体,2021年9月第5週,すべて,-34.108630555
山梨県全体,2021年9月第5週,ファミレス・ファストフード,-23.694779116
山梨県全体,2021年9月第5週,中華,-25.159605340
山梨県全体,2021年9月第5週,和食,-32.586451762
山梨県全体,2021年9月第5週,居酒屋・バー,-41.907028843
山梨県全体,2021年9月第5週,洋食・西洋料理,-37.841121802
山梨県全体,2021年9月第5週,肉料理,-30.600323371
山梨県全体,2021年9月第5週,鍋料理,-33.038348083
山梨県全体,2021年10月第1週,アジア・エスニック,-28.152309613
山梨県全体,2021年10月第1週,カフェ・スイーツ,-22.085015746
山梨県全体,2021年10月第1週,すべて,-24.884035440
山梨県全体,2021年10月第1週,ファミレス・ファストフード,-6.082725061
山梨県全体,2021年10月第1週,中華,-33.168248727
山梨県全体,2021年10月第1週,和食,-23.391753894
山梨県全体,2021年10月第1週,居酒屋・バー,-33.617201468
山梨県全体,2021年10月第1週,洋食・西洋料理,-28.399409673
山梨県全体,2021年10月第1週,肉料理,-19.445471349
山梨県全体,2021年10月第1週,鍋料理,-42.122058237
